Started GET "/" for ::1 at 2026-05-26 16:44:36 +0900
  [1m[35m (0.2ms)[0m  [1m[35mCREATE TABLE "schema_migrations" ("version" varchar NOT NULL PRIMARY KEY)[0m
  [1m[35m (0.1ms)[0m  [1m[35mCREATE TABLE "ar_internal_metadata" ("key" varchar NOT NULL PRIMARY KEY, "value" varchar, "created_at" datetime(6) NOT NULL, "updated_at" datetime(6) NOT NULL)[0m
  [1m[36mActiveRecord::SchemaMigration Load (0.1ms)[0m  [1m[34mSELECT "schema_migrations"."version" FROM "schema_migrations" ORDER BY "schema_migrations"."version" ASC[0m
Processing by Rails::WelcomeController#index as HTML
  Rendering /Users/hashimoto/.rbenv/versions/3.2.2/lib/ruby/gems/3.2.0/gems/railties-7.1.6/lib/rails/templates/rails/welcome/index.html.erb
  Rendered /Users/hashimoto/.rbenv/versions/3.2.2/lib/ruby/gems/3.2.0/gems/railties-7.1.6/lib/rails/templates/rails/welcome/index.html.erb (Duration: 0.3ms | Allocations: 378)
Completed 200 OK in 10ms (Views: 3.0ms | ActiveRecord: 0.0ms | Allocations: 7908)


Started GET "/home/top" for ::1 at 2026-05-26 17:26:36 +0900
  [1m[36mActiveRecord::SchemaMigration Load (0.0ms)[0m  [1m[34mSELECT "schema_migrations"."version" FROM "schema_migrations" ORDER BY "schema_migrations"."version" ASC[0m
Processing by HomeController#top as HTML
  Rendering layout layouts/application.html.erb
  Rendering home/top.html.erb within layouts/application
  Rendered home/top.html.erb within layouts/application (Duration: 0.1ms | Allocations: 186)
  Rendered layout layouts/application.html.erb (Duration: 778.6ms | Allocations: 100181)
Completed 200 OK in 783ms (Views: 779.9ms | ActiveRecord: 0.0ms | Allocations: 104256)


Started GET "/home/top" for ::1 at 2026-05-26 17:53:13 +0900
Processing by HomeController#top as HTML
  Rendering layout layouts/application.html.erb
  Rendering home/top.html.erb within layouts/application
  Rendered home/top.html.erb within layouts/application (Duration: 0.1ms | Allocations: 97)
  Rendered layout layouts/application.html.erb (Duration: 13.3ms | Allocations: 23407)
Completed 200 OK in 15ms (Views: 14.0ms | ActiveRecord: 0.0ms | Allocations: 24304)


Started GET "/home/top" for ::1 at 2026-05-26 17:53:13 +0900
Processing by HomeController#top as HTML
  Rendering layout layouts/application.html.erb
  Rendering home/top.html.erb within layouts/application
  Rendered home/top.html.erb within layouts/application (Duration: 0.0ms | Allocations: 7)
  Rendered layout layouts/application.html.erb (Duration: 0.8ms | Allocations: 1325)
Completed 200 OK in 1ms (Views: 1.0ms | ActiveRecord: 0.0ms | Allocations: 1568)


Started GET "/home/top" for ::1 at 2026-05-26 17:56:33 +0900
Processing by HomeController#top as HTML
  Rendering layout layouts/application.html.erb
  Rendering home/top.html.erb within layouts/application
  Rendered home/top.html.erb within layouts/application (Duration: 0.2ms | Allocations: 7)
  Rendered layout layouts/application.html.erb (Duration: 12.2ms | Allocations: 2623)
Completed 200 OK in 15ms (Views: 13.4ms | ActiveRecord: 0.0ms | Allocations: 2865)


Started GET "/home/top" for ::1 at 2026-05-26 17:57:27 +0900
Processing by HomeController#top as HTML
  Rendering layout layouts/application.html.erb
  Rendering home/top.html.erb within layouts/application
  Rendered home/top.html.erb within layouts/application (Duration: 0.0ms | Allocations: 7)
  Rendered layout layouts/application.html.erb (Duration: 8.0ms | Allocations: 2621)
Completed 200 OK in 10ms (Views: 8.7ms | ActiveRecord: 0.0ms | Allocations: 2859)


Started GET "/home/top" for ::1 at 2026-05-26 17:57:38 +0900
Processing by HomeController#top as HTML
  Rendering layout layouts/application.html.erb
  Rendering home/top.html.erb within layouts/application
  Rendered home/top.html.erb within layouts/application (Duration: 0.1ms | Allocations: 7)
  Rendered layout layouts/application.html.erb (Duration: 9.7ms | Allocations: 2610)
Completed 200 OK in 11ms (Views: 10.4ms | ActiveRecord: 0.0ms | Allocations: 2848)


Started GET "/home/top" for ::1 at 2026-05-26 17:57:53 +0900
Processing by HomeController#top as HTML
  Rendering layout layouts/application.html.erb
  Rendering home/top.html.erb within layouts/application
  Rendered home/top.html.erb within layouts/application (Duration: 0.0ms | Allocations: 7)
  Rendered layout layouts/application.html.erb (Duration: 7.5ms | Allocations: 2637)
Completed 200 OK in 9ms (Views: 8.1ms | ActiveRecord: 0.0ms | Allocations: 2879)


Started GET "/home/top" for ::1 at 2026-05-26 17:58:05 +0900
Processing by HomeController#top as HTML
  Rendering layout layouts/application.html.erb
  Rendering home/top.html.erb within layouts/application
  Rendered home/top.html.erb within layouts/application (Duration: 0.0ms | Allocations: 7)
  Rendered layout layouts/application.html.erb (Duration: 8.5ms | Allocations: 2627)
Completed 200 OK in 10ms (Views: 9.2ms | ActiveRecord: 0.0ms | Allocations: 2869)


Started GET "/home/top" for ::1 at 2026-05-26 17:58:26 +0900
Processing by HomeController#top as HTML
  Rendering layout layouts/application.html.erb
  Rendering home/top.html.erb within layouts/application
  Rendered home/top.html.erb within layouts/application (Duration: 0.0ms | Allocations: 7)
  Rendered layout layouts/application.html.erb (Duration: 17.2ms | Allocations: 2642)
Completed 200 OK in 19ms (Views: 17.8ms | ActiveRecord: 0.0ms | Allocations: 2880)


Started GET "/home/top" for ::1 at 2026-05-26 17:58:28 +0900
Processing by HomeController#top as HTML
  Rendering layout layouts/application.html.erb
  Rendering home/top.html.erb within layouts/application
  Rendered home/top.html.erb within layouts/application (Duration: 0.0ms | Allocations: 7)
  Rendered layout layouts/application.html.erb (Duration: 3.7ms | Allocations: 1307)
Completed 200 OK in 5ms (Views: 4.3ms | ActiveRecord: 0.0ms | Allocations: 1545)


Started GET "/home/top" for ::1 at 2026-05-26 17:58:40 +0900
Processing by HomeController#top as HTML
  Rendering layout layouts/application.html.erb
  Rendering home/top.html.erb within layouts/application
  Rendered home/top.html.erb within layouts/application (Duration: 0.1ms | Allocations: 7)
  Rendered layout layouts/application.html.erb (Duration: 11.1ms | Allocations: 2661)
Completed 200 OK in 13ms (Views: 11.9ms | ActiveRecord: 0.0ms | Allocations: 2899)


Started GET "/home/top" for ::1 at 2026-05-26 17:59:05 +0900
Processing by HomeController#top as HTML
  Rendering layout layouts/application.html.erb
  Rendering home/top.html.erb within layouts/application
  Rendered home/top.html.erb within layouts/application (Duration: 0.0ms | Allocations: 7)
  Rendered layout layouts/application.html.erb (Duration: 7.8ms | Allocations: 2645)
Completed 200 OK in 9ms (Views: 8.4ms | ActiveRecord: 0.0ms | Allocations: 2883)


Started GET "/home/top" for ::1 at 2026-05-26 17:59:13 +0900
Processing by HomeController#top as HTML
  Rendering layout layouts/application.html.erb
  Rendering home/top.html.erb within layouts/application
  Rendered home/top.html.erb within layouts/application (Duration: 0.1ms | Allocations: 7)
  Rendered layout layouts/application.html.erb (Duration: 8.6ms | Allocations: 2625)
Completed 200 OK in 10ms (Views: 9.3ms | ActiveRecord: 0.0ms | Allocations: 2863)


Started GET "/home/top" for ::1 at 2026-05-26 17:59:55 +0900
Processing by HomeController#top as HTML
  Rendering layout layouts/application.html.erb
  Rendering home/top.html.erb within layouts/application
  Rendered home/top.html.erb within layouts/application (Duration: 0.2ms | Allocations: 101)
  Rendered layout layouts/application.html.erb (Duration: 8.0ms | Allocations: 20873)
Completed 200 OK in 9ms (Views: 8.6ms | ActiveRecord: 0.0ms | Allocations: 21769)


Started GET "/home/top" for ::1 at 2026-05-26 18:01:08 +0900
Processing by HomeController#top as HTML
  Rendering layout layouts/application.html.erb
  Rendering home/top.html.erb within layouts/application
  Rendered home/top.html.erb within layouts/application (Duration: 0.0ms | Allocations: 7)
  Rendered layout layouts/application.html.erb (Duration: 7.1ms | Allocations: 2646)
Completed 200 OK in 9ms (Views: 7.8ms | ActiveRecord: 0.0ms | Allocations: 2884)


Started GET "/home/top" for ::1 at 2026-05-26 18:01:34 +0900
Processing by HomeController#top as HTML
  Rendering layout layouts/application.html.erb
  Rendering home/top.html.erb within layouts/application
  Rendered home/top.html.erb within layouts/application (Duration: 0.1ms | Allocations: 7)
  Rendered layout layouts/application.html.erb (Duration: 8.1ms | Allocations: 2647)
Completed 200 OK in 10ms (Views: 8.7ms | ActiveRecord: 0.0ms | Allocations: 2886)


Started GET "/home/top" for ::1 at 2026-05-26 18:01:58 +0900
Processing by HomeController#top as HTML
  Rendering layout layouts/application.html.erb
  Rendering home/top.html.erb within layouts/application
  Rendered home/top.html.erb within layouts/application (Duration: 0.0ms | Allocations: 7)
  Rendered layout layouts/application.html.erb (Duration: 8.2ms | Allocations: 2645)
Completed 200 OK in 10ms (Views: 8.8ms | ActiveRecord: 0.0ms | Allocations: 2883)


Started GET "/home/top" for ::1 at 2026-05-26 18:02:09 +0900
Processing by HomeController#top as HTML
  Rendering layout layouts/application.html.erb
  Rendering home/top.html.erb within layouts/application
  Rendered home/top.html.erb within layouts/application (Duration: 0.0ms | Allocations: 7)
  Rendered layout layouts/application.html.erb (Duration: 7.9ms | Allocations: 2649)
Completed 200 OK in 9ms (Views: 8.5ms | ActiveRecord: 0.0ms | Allocations: 2888)


Started GET "/home/top" for ::1 at 2026-05-26 18:02:19 +0900
Processing by HomeController#top as HTML
  Rendering layout layouts/application.html.erb
  Rendering home/top.html.erb within layouts/application
  Rendered home/top.html.erb within layouts/application (Duration: 0.0ms | Allocations: 7)
  Rendered layout layouts/application.html.erb (Duration: 7.8ms | Allocations: 2638)
Completed 200 OK in 10ms (Views: 9.0ms | ActiveRecord: 0.0ms | Allocations: 2876)


Started GET "/home/top" for ::1 at 2026-05-26 18:03:49 +0900
Processing by HomeController#top as HTML
  Rendering layout layouts/application.html.erb
  Rendering home/top.html.erb within layouts/application
  Rendered home/top.html.erb within layouts/application (Duration: 0.0ms | Allocations: 7)
  Rendered layout layouts/application.html.erb (Duration: 8.2ms | Allocations: 2648)
Completed 200 OK in 10ms (Views: 8.8ms | ActiveRecord: 0.0ms | Allocations: 2886)


Started GET "/home/top" for ::1 at 2026-05-26 18:04:01 +0900
Processing by HomeController#top as HTML
  Rendering layout layouts/application.html.erb
  Rendering home/top.html.erb within layouts/application
  Rendered home/top.html.erb within layouts/application (Duration: 0.1ms | Allocations: 7)
  Rendered layout layouts/application.html.erb (Duration: 8.9ms | Allocations: 2640)
Completed 200 OK in 11ms (Views: 9.6ms | ActiveRecord: 0.0ms | Allocations: 2878)


Started GET "/home/top" for ::1 at 2026-05-26 18:04:15 +0900
Processing by HomeController#top as HTML
  Rendering layout layouts/application.html.erb
  Rendering home/top.html.erb within layouts/application
  Rendered home/top.html.erb within layouts/application (Duration: 0.1ms | Allocations: 7)
  Rendered layout layouts/application.html.erb (Duration: 9.6ms | Allocations: 2629)
Completed 200 OK in 11ms (Views: 10.3ms | ActiveRecord: 0.0ms | Allocations: 2867)


Started GET "/home/top" for ::1 at 2026-05-26 23:40:28 +0900
Processing by HomeController#top as HTML
  Rendering layout layouts/application.html.erb
  Rendering home/top.html.erb within layouts/application
  Rendered home/top.html.erb within layouts/application (Duration: 0.1ms | Allocations: 7)
  Rendered layout layouts/application.html.erb (Duration: 8.3ms | Allocations: 2646)
Completed 200 OK in 12ms (Views: 9.5ms | ActiveRecord: 0.0ms | Allocations: 2884)


Started GET "/home/top" for ::1 at 2026-05-26 23:40:51 +0900
Processing by HomeController#top as HTML
  Rendering layout layouts/application.html.erb
  Rendering home/top.html.erb within layouts/application
  Rendered home/top.html.erb within layouts/application (Duration: 0.0ms | Allocations: 7)
  Rendered layout layouts/application.html.erb (Duration: 7.8ms | Allocations: 2645)
Completed 200 OK in 9ms (Views: 8.6ms | ActiveRecord: 0.0ms | Allocations: 2883)


Started GET "/home/top" for ::1 at 2026-05-26 23:41:57 +0900
Processing by HomeController#top as HTML
  Rendering layout layouts/application.html.erb
  Rendering home/top.html.erb within layouts/application
  Rendered home/top.html.erb within layouts/application (Duration: 0.1ms | Allocations: 7)
  Rendered layout layouts/application.html.erb (Duration: 6.8ms | Allocations: 2623)
Completed 200 OK in 10ms (Views: 7.6ms | ActiveRecord: 0.0ms | Allocations: 2861)


Started GET "/home/top" for ::1 at 2026-05-27 00:11:04 +0900
Processing by HomeController#top as HTML
  Rendering layout layouts/application.html.erb
  Rendering home/top.html.erb within layouts/application
  Rendered home/top.html.erb within layouts/application (Duration: 0.1ms | Allocations: 104)
  Rendered layout layouts/application.html.erb (Duration: 7.9ms | Allocations: 20864)
Completed 200 OK in 9ms (Views: 8.6ms | ActiveRecord: 0.0ms | Allocations: 21760)


Started GET "/home/top" for ::1 at 2026-05-27 00:11:51 +0900
Processing by HomeController#top as HTML
  Rendering layout layouts/application.html.erb
  Rendering home/top.html.erb within layouts/application
  Rendered home/top.html.erb within layouts/application (Duration: 0.0ms | Allocations: 7)
  Rendered layout layouts/application.html.erb (Duration: 7.9ms | Allocations: 2655)
Completed 200 OK in 9ms (Views: 8.6ms | ActiveRecord: 0.0ms | Allocations: 2893)


Started GET "/home/top" for ::1 at 2026-05-27 00:12:07 +0900
Processing by HomeController#top as HTML
  Rendering layout layouts/application.html.erb
  Rendering home/top.html.erb within layouts/application
  Rendered home/top.html.erb within layouts/application (Duration: 0.1ms | Allocations: 7)
  Rendered layout layouts/application.html.erb (Duration: 7.7ms | Allocations: 2641)
Completed 200 OK in 9ms (Views: 8.4ms | ActiveRecord: 0.0ms | Allocations: 2879)


Started GET "/home/top" for ::1 at 2026-05-27 00:17:00 +0900
Processing by HomeController#top as HTML
  Rendering layout layouts/application.html.erb
  Rendering home/top.html.erb within layouts/application
  Rendered home/top.html.erb within layouts/application (Duration: 0.0ms | Allocations: 7)
  Rendered layout layouts/application.html.erb (Duration: 7.5ms | Allocations: 2646)
Completed 200 OK in 10ms (Views: 8.2ms | ActiveRecord: 0.0ms | Allocations: 2884)


Started GET "/home/top" for ::1 at 2026-05-27 00:17:21 +0900
Processing by HomeController#top as HTML
  Rendering layout layouts/application.html.erb
  Rendering home/top.html.erb within layouts/application
  Rendered home/top.html.erb within layouts/application (Duration: 0.0ms | Allocations: 7)
  Rendered layout layouts/application.html.erb (Duration: 8.1ms | Allocations: 2651)
Completed 200 OK in 10ms (Views: 8.8ms | ActiveRecord: 0.0ms | Allocations: 2889)


Started GET "/home/top" for ::1 at 2026-05-27 00:17:40 +0900
Processing by HomeController#top as HTML
  Rendering layout layouts/application.html.erb
  Rendering home/top.html.erb within layouts/application
  Rendered home/top.html.erb within layouts/application (Duration: 0.1ms | Allocations: 7)
  Rendered layout layouts/application.html.erb (Duration: 8.7ms | Allocations: 2639)
Completed 200 OK in 11ms (Views: 9.4ms | ActiveRecord: 0.0ms | Allocations: 2877)


Started GET "/home/top" for ::1 at 2026-05-27 00:17:51 +0900
Processing by HomeController#top as HTML
  Rendering layout layouts/application.html.erb
  Rendering home/top.html.erb within layouts/application
  Rendered home/top.html.erb within layouts/application (Duration: 0.1ms | Allocations: 7)
  Rendered layout layouts/application.html.erb (Duration: 7.8ms | Allocations: 2650)
Completed 200 OK in 9ms (Views: 8.5ms | ActiveRecord: 0.0ms | Allocations: 2888)


Started GET "/home/top" for ::1 at 2026-05-27 00:18:14 +0900
Processing by HomeController#top as HTML
  Rendering layout layouts/application.html.erb
  Rendering home/top.html.erb within layouts/application
  Rendered home/top.html.erb within layouts/application (Duration: 0.1ms | Allocations: 7)
  Rendered layout layouts/application.html.erb (Duration: 8.8ms | Allocations: 2663)
Completed 200 OK in 10ms (Views: 9.6ms | ActiveRecord: 0.0ms | Allocations: 2901)


Started GET "/home/top" for ::1 at 2026-05-27 00:18:26 +0900
Processing by HomeController#top as HTML
  Rendering layout layouts/application.html.erb
  Rendering home/top.html.erb within layouts/application
  Rendered home/top.html.erb within layouts/application (Duration: 0.1ms | Allocations: 7)
  Rendered layout layouts/application.html.erb (Duration: 11.0ms | Allocations: 2661)
Completed 200 OK in 13ms (Views: 11.8ms | ActiveRecord: 0.0ms | Allocations: 2900)


Started GET "/home/top" for ::1 at 2026-05-27 00:19:24 +0900
Processing by HomeController#top as HTML
  Rendering layout layouts/application.html.erb
  Rendering home/top.html.erb within layouts/application
  Rendered home/top.html.erb within layouts/application (Duration: 0.1ms | Allocations: 7)
  Rendered layout layouts/application.html.erb (Duration: 10.1ms | Allocations: 2649)
Completed 200 OK in 12ms (Views: 10.7ms | ActiveRecord: 0.0ms | Allocations: 2887)


Started GET "/home/top" for ::1 at 2026-05-27 00:20:03 +0900
Processing by HomeController#top as HTML
  Rendering layout layouts/application.html.erb
  Rendering home/top.html.erb within layouts/application
  Rendered home/top.html.erb within layouts/application (Duration: 0.0ms | Allocations: 7)
  Rendered layout layouts/application.html.erb (Duration: 9.6ms | Allocations: 2645)
Completed 200 OK in 11ms (Views: 10.3ms | ActiveRecord: 0.0ms | Allocations: 2884)


Started GET "/home/top" for ::1 at 2026-05-27 00:23:43 +0900
Processing by HomeController#top as HTML
  Rendering layout layouts/application.html.erb
  Rendering home/top.html.erb within layouts/application
  Rendered home/top.html.erb within layouts/application (Duration: 0.1ms | Allocations: 105)
  Rendered layout layouts/application.html.erb (Duration: 8.4ms | Allocations: 20838)
Completed 200 OK in 10ms (Views: 8.9ms | ActiveRecord: 0.0ms | Allocations: 21734)


Started GET "/home/top" for ::1 at 2026-05-27 00:24:23 +0900
Processing by HomeController#top as HTML
  Rendering layout layouts/application.html.erb
  Rendering home/top.html.erb within layouts/application
  Rendered home/top.html.erb within layouts/application (Duration: 0.0ms | Allocations: 7)
  Rendered layout layouts/application.html.erb (Duration: 7.4ms | Allocations: 2622)
Completed 200 OK in 9ms (Views: 8.1ms | ActiveRecord: 0.0ms | Allocations: 2860)


Started GET "/home/top" for ::1 at 2026-05-27 00:26:00 +0900
Processing by HomeController#top as HTML
  Rendering layout layouts/application.html.erb
  Rendering home/top.html.erb within layouts/application
  Rendered home/top.html.erb within layouts/application (Duration: 0.0ms | Allocations: 7)
  Rendered layout layouts/application.html.erb (Duration: 7.5ms | Allocations: 2666)
Completed 200 OK in 9ms (Views: 8.2ms | ActiveRecord: 0.0ms | Allocations: 2904)


Started GET "/home/top" for ::1 at 2026-05-27 00:26:25 +0900
Processing by HomeController#top as HTML
  Rendering layout layouts/application.html.erb
  Rendering home/top.html.erb within layouts/application
  Rendered home/top.html.erb within layouts/application (Duration: 0.1ms | Allocations: 7)
  Rendered layout layouts/application.html.erb (Duration: 9.3ms | Allocations: 1378)
Completed 200 OK in 11ms (Views: 9.8ms | ActiveRecord: 0.0ms | Allocations: 1617)


Started GET "/home/top" for ::1 at 2026-05-27 00:26:34 +0900
Processing by HomeController#top as HTML
  Rendering layout layouts/application.html.erb
  Rendering home/top.html.erb within layouts/application
  Rendered home/top.html.erb within layouts/application (Duration: 0.0ms | Allocations: 7)
  Rendered layout layouts/application.html.erb (Duration: 2.8ms | Allocations: 1310)
Completed 200 OK in 5ms (Views: 4.3ms | ActiveRecord: 0.0ms | Allocations: 1549)


Started GET "/home/top" for ::1 at 2026-05-27 00:27:44 +0900
Processing by HomeController#top as HTML
  Rendering layout layouts/application.html.erb
  Rendering home/top.html.erb within layouts/application
  Rendered home/top.html.erb within layouts/application (Duration: 0.0ms | Allocations: 7)
  Rendered layout layouts/application.html.erb (Duration: 8.4ms | Allocations: 2636)
Completed 200 OK in 10ms (Views: 9.2ms | ActiveRecord: 0.0ms | Allocations: 2874)


Started GET "/home/top" for ::1 at 2026-05-27 00:28:04 +0900
Processing by HomeController#top as HTML
  Rendering layout layouts/application.html.erb
  Rendering home/top.html.erb within layouts/application
  Rendered home/top.html.erb within layouts/application (Duration: 0.0ms | Allocations: 7)
  Rendered layout layouts/application.html.erb (Duration: 5.2ms | Allocations: 1352)
Completed 200 OK in 7ms (Views: 5.9ms | ActiveRecord: 0.0ms | Allocations: 1590)


Started GET "/home/top" for ::1 at 2026-05-27 00:31:07 +0900
Processing by HomeController#top as HTML
  Rendering layout layouts/application.html.erb
  Rendering home/top.html.erb within layouts/application
  Rendered home/top.html.erb within layouts/application (Duration: 0.2ms | Allocations: 102)
  Rendered layout layouts/application.html.erb (Duration: 7.5ms | Allocations: 19525)
Completed 200 OK in 9ms (Views: 8.3ms | ActiveRecord: 0.0ms | Allocations: 20421)


Started GET "/home/top" for ::1 at 2026-05-27 00:34:04 +0900
Processing by HomeController#top as HTML
  Rendering layout layouts/application.html.erb
  Rendering home/top.html.erb within layouts/application
  Rendered home/top.html.erb within layouts/application (Duration: 0.1ms | Allocations: 100)
  Rendered layout layouts/application.html.erb (Duration: 8.3ms | Allocations: 19540)
Completed 200 OK in 9ms (Views: 8.9ms | ActiveRecord: 0.0ms | Allocations: 20433)


Started GET "/home/top" for ::1 at 2026-05-27 00:34:32 +0900
Processing by HomeController#top as HTML
  Rendering layout layouts/application.html.erb
  Rendering home/top.html.erb within layouts/application
  Rendered home/top.html.erb within layouts/application (Duration: 0.1ms | Allocations: 7)
  Rendered layout layouts/application.html.erb (Duration: 9.4ms | Allocations: 2650)
Completed 200 OK in 11ms (Views: 10.1ms | ActiveRecord: 0.0ms | Allocations: 2889)


Started GET "/home/top" for ::1 at 2026-05-27 00:37:27 +0900
Processing by HomeController#top as HTML
  Rendering layout layouts/application.html.erb
  Rendering home/top.html.erb within layouts/application
  Rendered home/top.html.erb within layouts/application (Duration: 0.0ms | Allocations: 7)
  Rendered layout layouts/application.html.erb (Duration: 7.0ms | Allocations: 2645)
Completed 200 OK in 8ms (Views: 7.5ms | ActiveRecord: 0.0ms | Allocations: 2883)


Started GET "/home/top" for ::1 at 2026-05-27 00:38:42 +0900
Processing by HomeController#top as HTML
  Rendering layout layouts/application.html.erb
  Rendering home/top.html.erb within layouts/application
  Rendered home/top.html.erb within layouts/application (Duration: 0.1ms | Allocations: 112)
  Rendered layout layouts/application.html.erb (Duration: 7.9ms | Allocations: 20797)
Completed 200 OK in 9ms (Views: 8.4ms | ActiveRecord: 0.0ms | Allocations: 21692)


Started GET "/home/top" for ::1 at 2026-05-27 00:40:00 +0900
Processing by HomeController#top as HTML
  Rendering layout layouts/application.html.erb
  Rendering home/top.html.erb within layouts/application
  Rendered home/top.html.erb within layouts/application (Duration: 0.1ms | Allocations: 110)
  Rendered layout layouts/application.html.erb (Duration: 5.3ms | Allocations: 19537)
Completed 200 OK in 6ms (Views: 5.9ms | ActiveRecord: 0.0ms | Allocations: 20434)


Started GET "/home/top" for ::1 at 2026-05-27 00:40:15 +0900
Processing by HomeController#top as HTML
  Rendering layout layouts/application.html.erb
  Rendering home/top.html.erb within layouts/application
  Rendered home/top.html.erb within layouts/application (Duration: 0.0ms | Allocations: 7)
  Rendered layout layouts/application.html.erb (Duration: 8.2ms | Allocations: 2641)
Completed 200 OK in 10ms (Views: 8.9ms | ActiveRecord: 0.0ms | Allocations: 2879)


Started GET "/home/top" for ::1 at 2026-05-27 00:40:37 +0900
Processing by HomeController#top as HTML
  Rendering layout layouts/application.html.erb
  Rendering home/top.html.erb within layouts/application
  Rendered home/top.html.erb within layouts/application (Duration: 0.0ms | Allocations: 7)
  Rendered layout layouts/application.html.erb (Duration: 8.0ms | Allocations: 2656)
Completed 200 OK in 9ms (Views: 8.6ms | ActiveRecord: 0.0ms | Allocations: 2894)


Started GET "/home/top" for ::1 at 2026-05-27 00:40:44 +0900
Processing by HomeController#top as HTML
  Rendering layout layouts/application.html.erb
  Rendering home/top.html.erb within layouts/application
  Rendered home/top.html.erb within layouts/application (Duration: 0.0ms | Allocations: 7)
  Rendered layout layouts/application.html.erb (Duration: 3.7ms | Allocations: 1358)
Completed 200 OK in 5ms (Views: 4.2ms | ActiveRecord: 0.0ms | Allocations: 1596)


Started GET "/home/top" for ::1 at 2026-05-27 00:41:17 +0900
Processing by HomeController#top as HTML
  Rendering layout layouts/application.html.erb
  Rendering home/top.html.erb within layouts/application
  Rendered home/top.html.erb within layouts/application (Duration: 0.1ms | Allocations: 7)
  Rendered layout layouts/application.html.erb (Duration: 8.2ms | Allocations: 2664)
Completed 200 OK in 10ms (Views: 9.0ms | ActiveRecord: 0.0ms | Allocations: 2902)


Started GET "/home/top" for ::1 at 2026-05-27 00:54:53 +0900
Processing by HomeController#top as HTML
  Rendering layout layouts/application.html.erb
  Rendering home/top.html.erb within layouts/application
  Rendered home/top.html.erb within layouts/application (Duration: 0.1ms | Allocations: 107)
  Rendered layout layouts/application.html.erb (Duration: 11.4ms | Allocations: 20931)
Completed 200 OK in 13ms (Views: 12.0ms | ActiveRecord: 0.0ms | Allocations: 21824)


Started GET "/home/top" for ::1 at 2026-05-27 00:55:15 +0900
Processing by HomeController#top as HTML
  Rendering layout layouts/application.html.erb
  Rendering home/top.html.erb within layouts/application
  Rendered home/top.html.erb within layouts/application (Duration: 0.1ms | Allocations: 7)
  Rendered layout layouts/application.html.erb (Duration: 9.0ms | Allocations: 2694)
Completed 200 OK in 10ms (Views: 9.6ms | ActiveRecord: 0.0ms | Allocations: 2932)


Started GET "/home/top" for ::1 at 2026-05-27 00:55:40 +0900
Processing by HomeController#top as HTML
  Rendering layout layouts/application.html.erb
  Rendering home/top.html.erb within layouts/application
  Rendered home/top.html.erb within layouts/application (Duration: 0.0ms | Allocations: 7)
  Rendered layout layouts/application.html.erb (Duration: 8.2ms | Allocations: 2678)
Completed 200 OK in 9ms (Views: 8.8ms | ActiveRecord: 0.0ms | Allocations: 2916)


Started GET "/home/top" for ::1 at 2026-05-27 00:55:56 +0900
Processing by HomeController#top as HTML
  Rendering layout layouts/application.html.erb
  Rendering home/top.html.erb within layouts/application
  Rendered home/top.html.erb within layouts/application (Duration: 0.0ms | Allocations: 7)
  Rendered layout layouts/application.html.erb (Duration: 9.2ms | Allocations: 2692)
Completed 200 OK in 11ms (Views: 9.9ms | ActiveRecord: 0.0ms | Allocations: 2930)


Started GET "/home/top" for ::1 at 2026-05-27 00:57:32 +0900
Processing by HomeController#top as HTML
  Rendering layout layouts/application.html.erb
  Rendering home/top.html.erb within layouts/application
  Rendered home/top.html.erb within layouts/application (Duration: 0.0ms | Allocations: 7)
  Rendered layout layouts/application.html.erb (Duration: 9.5ms | Allocations: 2659)
Completed 200 OK in 11ms (Views: 10.2ms | ActiveRecord: 0.0ms | Allocations: 2897)


Started GET "/home/top" for ::1 at 2026-05-27 00:59:33 +0900
Processing by HomeController#top as HTML
  Rendering layout layouts/application.html.erb
  Rendering home/top.html.erb within layouts/application
  Rendered home/top.html.erb within layouts/application (Duration: 0.1ms | Allocations: 7)
  Rendered layout layouts/application.html.erb (Duration: 7.8ms | Allocations: 2656)
Completed 200 OK in 9ms (Views: 8.5ms | ActiveRecord: 0.0ms | Allocations: 2894)


Started GET "/home/top" for ::1 at 2026-05-27 00:59:55 +0900
Processing by HomeController#top as HTML
  Rendering layout layouts/application.html.erb
  Rendering home/top.html.erb within layouts/application
  Rendered home/top.html.erb within layouts/application (Duration: 0.0ms | Allocations: 7)
  Rendered layout layouts/application.html.erb (Duration: 7.6ms | Allocations: 2660)
Completed 200 OK in 9ms (Views: 8.2ms | ActiveRecord: 0.0ms | Allocations: 2898)


Started GET "/home/top" for ::1 at 2026-05-27 01:00:11 +0900
Processing by HomeController#top as HTML
  Rendering layout layouts/application.html.erb
  Rendering home/top.html.erb within layouts/application
  Rendered home/top.html.erb within layouts/application (Duration: 0.0ms | Allocations: 7)
  Rendered layout layouts/application.html.erb (Duration: 8.5ms | Allocations: 2665)
Completed 200 OK in 10ms (Views: 9.2ms | ActiveRecord: 0.0ms | Allocations: 2903)


Started GET "/home/top" for ::1 at 2026-05-27 01:17:38 +0900
  
ActionController::RoutingError (No route matches [GET] "/home/top"):
  
Started GET "/" for ::1 at 2026-05-27 01:17:41 +0900
Processing by Rails::WelcomeController#index as HTML
  Rendering /Users/hashimoto/.rbenv/versions/3.2.2/lib/ruby/gems/3.2.0/gems/railties-7.1.6/lib/rails/templates/rails/welcome/index.html.erb
  Rendered /Users/hashimoto/.rbenv/versions/3.2.2/lib/ruby/gems/3.2.0/gems/railties-7.1.6/lib/rails/templates/rails/welcome/index.html.erb (Duration: 0.7ms | Allocations: 270)
Completed 200 OK in 3ms (Views: 1.6ms | ActiveRecord: 0.0ms | Allocations: 1009)


Started GET "/generator" for ::1 at 2026-05-27 01:17:50 +0900
Processing by HomeController#top as HTML
  Rendering layout layouts/application.html.erb
  Rendering home/top.html.erb within layouts/application
  Rendered home/top.html.erb within layouts/application (Duration: 0.3ms | Allocations: 105)
  Rendered layout layouts/application.html.erb (Duration: 14.0ms | Allocations: 19526)
Completed 200 OK in 17ms (Views: 15.9ms | ActiveRecord: 0.0ms | Allocations: 20353)


Started GET "/" for ::1 at 2026-05-27 01:23:28 +0900
Processing by Rails::WelcomeController#index as HTML
  Rendering /Users/hashimoto/.rbenv/versions/3.2.2/lib/ruby/gems/3.2.0/gems/railties-7.1.6/lib/rails/templates/rails/welcome/index.html.erb
  Rendered /Users/hashimoto/.rbenv/versions/3.2.2/lib/ruby/gems/3.2.0/gems/railties-7.1.6/lib/rails/templates/rails/welcome/index.html.erb (Duration: 0.1ms | Allocations: 13)
Completed 200 OK in 1ms (Views: 0.5ms | ActiveRecord: 0.0ms | Allocations: 203)


Started GET "/home/top" for ::1 at 2026-05-27 01:23:29 +0900
  
ActionController::RoutingError (No route matches [GET] "/home/top"):
  
Started GET "/home" for ::1 at 2026-05-27 01:23:36 +0900
  
ActionController::RoutingError (No route matches [GET] "/home"):
  
Started GET "/home" for ::1 at 2026-05-27 01:23:42 +0900
Processing by HomeController#top as HTML
  Rendering layout layouts/application.html.erb
  Rendering home/top.html.erb within layouts/application
  Rendered home/top.html.erb within layouts/application (Duration: 0.1ms | Allocations: 108)
  Rendered layout layouts/application.html.erb (Duration: 6.3ms | Allocations: 19541)
Completed 200 OK in 7ms (Views: 6.9ms | ActiveRecord: 0.0ms | Allocations: 20438)


Started GET "/home" for ::1 at 2026-05-27 01:40:21 +0900
Processing by HomeController#top as HTML
  Rendering layout layouts/application.html.erb
  Rendering home/top.html.erb within layouts/application
  Rendered home/top.html.erb within layouts/application (Duration: 0.2ms | Allocations: 112)
  Rendered layout layouts/application.html.erb (Duration: 7.0ms | Allocations: 19387)
Completed 200 OK in 8ms (Views: 7.7ms | ActiveRecord: 0.0ms | Allocations: 20280)


Started GET "/home" for ::1 at 2026-05-27 01:42:23 +0900
Processing by HomeController#top as HTML
  Rendering layout layouts/application.html.erb
  Rendering home/top.html.erb within layouts/application
  Rendered home/top.html.erb within layouts/application (Duration: 0.1ms | Allocations: 117)
  Rendered layout layouts/application.html.erb (Duration: 6.1ms | Allocations: 19553)
Completed 200 OK in 7ms (Views: 6.6ms | ActiveRecord: 0.0ms | Allocations: 20450)


Started POST "/home/generate" for ::1 at 2026-05-27 01:42:25 +0900
Processing by HomeController#generate as TURBO_STREAM
  Parameters: {"prompt"=>""}
  Rendering layout layouts/application.html.erb
  Rendering home/generate.html.erb within layouts/application
  Rendered home/generate.html.erb within layouts/application (Duration: 0.5ms | Allocations: 93)
  Rendered layout layouts/application.html.erb (Duration: 2.3ms | Allocations: 1211)
Completed 200 OK in 5ms (Views: 3.0ms | ActiveRecord: 0.0ms | Allocations: 1820)


Started POST "/home/generate" for ::1 at 2026-05-27 01:42:27 +0900
Processing by HomeController#generate as TURBO_STREAM
  Parameters: {"prompt"=>""}
  Rendering layout layouts/application.html.erb
  Rendering home/generate.html.erb within layouts/application
  Rendered home/generate.html.erb within layouts/application (Duration: 0.0ms | Allocations: 7)
  Rendered layout layouts/application.html.erb (Duration: 2.3ms | Allocations: 1123)
Completed 200 OK in 4ms (Views: 2.9ms | ActiveRecord: 0.0ms | Allocations: 1578)


Started POST "/home/generate" for ::1 at 2026-05-27 01:42:28 +0900
Processing by HomeController#generate as TURBO_STREAM
  Parameters: {"prompt"=>""}
  Rendering layout layouts/application.html.erb
  Rendering home/generate.html.erb within layouts/application
  Rendered home/generate.html.erb within layouts/application (Duration: 0.0ms | Allocations: 7)
  Rendered layout layouts/application.html.erb (Duration: 2.2ms | Allocations: 1123)
Completed 200 OK in 4ms (Views: 2.7ms | ActiveRecord: 0.0ms | Allocations: 1590)


Started POST "/home/generate" for ::1 at 2026-05-27 01:42:37 +0900
Processing by HomeController#generate as TURBO_STREAM
  Parameters: {"prompt"=>"aiueo"}
  Rendering layout layouts/application.html.erb
  Rendering home/generate.html.erb within layouts/application
  Rendered home/generate.html.erb within layouts/application (Duration: 0.0ms | Allocations: 7)
  Rendered layout layouts/application.html.erb (Duration: 2.2ms | Allocations: 1123)
Completed 200 OK in 4ms (Views: 2.7ms | ActiveRecord: 0.0ms | Allocations: 1581)


Started POST "/home/generate" for ::1 at 2026-05-27 01:42:40 +0900
Processing by HomeController#generate as TURBO_STREAM
  Parameters: {"prompt"=>"aiueo"}
  Rendering layout layouts/application.html.erb
  Rendering home/generate.html.erb within layouts/application
  Rendered home/generate.html.erb within layouts/application (Duration: 0.0ms | Allocations: 7)
  Rendered layout layouts/application.html.erb (Duration: 2.7ms | Allocations: 1123)
Completed 200 OK in 5ms (Views: 3.2ms | ActiveRecord: 0.0ms | Allocations: 1572)


Started GET "/home" for ::1 at 2026-05-27 01:44:23 +0900
Processing by HomeController#top as HTML
  Rendering layout layouts/application.html.erb
  Rendering home/top.html.erb within layouts/application
  Rendered home/top.html.erb within layouts/application (Duration: 0.1ms | Allocations: 7)
  Rendered layout layouts/application.html.erb (Duration: 2.9ms | Allocations: 1316)
Completed 200 OK in 5ms (Views: 3.5ms | ActiveRecord: 0.0ms | Allocations: 1554)


Started POST "/home/generate" for ::1 at 2026-05-27 01:44:28 +0900
Processing by HomeController#generate as TURBO_STREAM
  Parameters: {"prompt"=>"aiueo"}
  Rendering layout layouts/application.html.erb
  Rendering home/generate.html.erb within layouts/application
  Rendered home/generate.html.erb within layouts/application (Duration: 0.0ms | Allocations: 7)
  Rendered layout layouts/application.html.erb (Duration: 2.2ms | Allocations: 1123)
Completed 200 OK in 4ms (Views: 2.7ms | ActiveRecord: 0.0ms | Allocations: 1566)


Started POST "/home/generate" for ::1 at 2026-05-27 01:44:29 +0900
Processing by HomeController#generate as TURBO_STREAM
  Parameters: {"prompt"=>"aiueo"}
  Rendering layout layouts/application.html.erb
  Rendering home/generate.html.erb within layouts/application
  Rendered home/generate.html.erb within layouts/application (Duration: 0.0ms | Allocations: 7)
  Rendered layout layouts/application.html.erb (Duration: 2.2ms | Allocations: 1123)
Completed 200 OK in 5ms (Views: 2.8ms | ActiveRecord: 0.0ms | Allocations: 1578)


Started POST "/home/generate" for ::1 at 2026-05-27 01:44:29 +0900
Processing by HomeController#generate as TURBO_STREAM
  Parameters: {"prompt"=>"aiueo"}
  Rendering layout layouts/application.html.erb
  Rendering home/generate.html.erb within layouts/application
  Rendered home/generate.html.erb within layouts/application (Duration: 0.0ms | Allocations: 7)
  Rendered layout layouts/application.html.erb (Duration: 2.1ms | Allocations: 1123)
Completed 200 OK in 4ms (Views: 2.7ms | ActiveRecord: 0.0ms | Allocations: 1584)


Started POST "/home/generate" for ::1 at 2026-05-27 01:44:30 +0900
Processing by HomeController#generate as TURBO_STREAM
  Parameters: {"prompt"=>"aiueo"}
  Rendering layout layouts/application.html.erb
  Rendering home/generate.html.erb within layouts/application
  Rendered home/generate.html.erb within layouts/application (Duration: 0.1ms | Allocations: 7)
  Rendered layout layouts/application.html.erb (Duration: 2.6ms | Allocations: 1123)
Completed 200 OK in 5ms (Views: 3.2ms | ActiveRecord: 0.0ms | Allocations: 1602)


Started POST "/home/generate" for ::1 at 2026-05-27 01:44:32 +0900
Processing by HomeController#generate as TURBO_STREAM
  Parameters: {"prompt"=>"aiueo"}
  Rendering layout layouts/application.html.erb
  Rendering home/generate.html.erb within layouts/application
  Rendered home/generate.html.erb within layouts/application (Duration: 0.0ms | Allocations: 7)
  Rendered layout layouts/application.html.erb (Duration: 2.2ms | Allocations: 1123)
Completed 200 OK in 4ms (Views: 2.8ms | ActiveRecord: 0.0ms | Allocations: 1584)


Started GET "/home" for ::1 at 2026-05-27 01:52:08 +0900
Processing by HomeController#top as HTML
  Rendering layout layouts/application.html.erb
  Rendering home/top.html.erb within layouts/application
  Rendered home/top.html.erb within layouts/application (Duration: 0.2ms | Allocations: 117)
  Rendered layout layouts/application.html.erb (Duration: 8.2ms | Allocations: 19556)
Completed 200 OK in 10ms (Views: 8.9ms | ActiveRecord: 0.0ms | Allocations: 20453)


Started POST "/home/generate" for ::1 at 2026-05-27 01:52:13 +0900
Processing by HomeController#generate as TURBO_STREAM
  Parameters: {"prompt"=>"あいうえお"}
  Rendering layout layouts/application.html.erb
  Rendering home/generate.html.erb within layouts/application
  Rendered home/generate.html.erb within layouts/application (Duration: 0.5ms | Allocations: 91)
  Rendered layout layouts/application.html.erb (Duration: 2.7ms | Allocations: 1209)
Completed 200 OK in 6ms (Views: 3.7ms | ActiveRecord: 0.0ms | Allocations: 1785)


Started POST "/home/generate" for ::1 at 2026-05-27 01:52:15 +0900
Processing by HomeController#generate as TURBO_STREAM
  Parameters: {"prompt"=>"あいうえお"}
  Rendering layout layouts/application.html.erb
  Rendering home/generate.html.erb within layouts/application
  Rendered home/generate.html.erb within layouts/application (Duration: 0.0ms | Allocations: 7)
  Rendered layout layouts/application.html.erb (Duration: 2.4ms | Allocations: 1123)
Completed 200 OK in 4ms (Views: 3.0ms | ActiveRecord: 0.0ms | Allocations: 1578)


Started GET "/home" for ::1 at 2026-05-27 01:55:47 +0900
Processing by HomeController#top as HTML
  Rendering layout layouts/application.html.erb
  Rendering home/top.html.erb within layouts/application
  Rendered home/top.html.erb within layouts/application (Duration: 0.5ms | Allocations: 518)
  Rendered layout layouts/application.html.erb (Duration: 6.1ms | Allocations: 19603)
Completed 200 OK in 7ms (Views: 6.6ms | ActiveRecord: 0.0ms | Allocations: 20495)


Started POST "/home/generate" for ::1 at 2026-05-27 01:55:52 +0900
Processing by HomeController#generate as TURBO_STREAM
  Parameters: {"authenticity_token"=>"[FILTERED]", "prompt"=>"aiueo"}
  Rendering layout layouts/application.html.erb
  Rendering home/generate.html.erb within layouts/application
  Rendered home/generate.html.erb within layouts/application (Duration: 0.5ms | Allocations: 91)
  Rendered layout layouts/application.html.erb (Duration: 2.6ms | Allocations: 1209)
Completed 200 OK in 7ms (Views: 3.2ms | ActiveRecord: 0.0ms | Allocations: 1802)


Started POST "/home/generate" for ::1 at 2026-05-27 01:55:55 +0900
Processing by HomeController#generate as TURBO_STREAM
  Parameters: {"authenticity_token"=>"[FILTERED]", "prompt"=>"aiueo"}
  Rendering layout layouts/application.html.erb
  Rendering home/generate.html.erb within layouts/application
  Rendered home/generate.html.erb within layouts/application (Duration: 0.0ms | Allocations: 7)
  Rendered layout layouts/application.html.erb (Duration: 2.4ms | Allocations: 1123)
Completed 200 OK in 4ms (Views: 2.9ms | ActiveRecord: 0.0ms | Allocations: 1595)


Started POST "/home/generate" for ::1 at 2026-05-27 01:55:56 +0900
Processing by HomeController#generate as TURBO_STREAM
  Parameters: {"authenticity_token"=>"[FILTERED]", "prompt"=>"aiueo"}
  Rendering layout layouts/application.html.erb
  Rendering home/generate.html.erb within layouts/application
  Rendered home/generate.html.erb within layouts/application (Duration: 0.1ms | Allocations: 7)
  Rendered layout layouts/application.html.erb (Duration: 2.4ms | Allocations: 1123)
Completed 200 OK in 5ms (Views: 3.0ms | ActiveRecord: 0.0ms | Allocations: 1598)


Started POST "/home/generate" for ::1 at 2026-05-27 01:55:56 +0900
Processing by HomeController#generate as TURBO_STREAM
  Parameters: {"authenticity_token"=>"[FILTERED]", "prompt"=>"aiueo"}
  Rendering layout layouts/application.html.erb
  Rendering home/generate.html.erb within layouts/application
  Rendered home/generate.html.erb within layouts/application (Duration: 0.0ms | Allocations: 7)
  Rendered layout layouts/application.html.erb (Duration: 1.9ms | Allocations: 1131)
Completed 200 OK in 4ms (Views: 2.4ms | ActiveRecord: 0.0ms | Allocations: 1599)


Started POST "/home/generate" for ::1 at 2026-05-27 01:55:56 +0900
Processing by HomeController#generate as TURBO_STREAM
  Parameters: {"authenticity_token"=>"[FILTERED]", "prompt"=>"aiueo"}
  Rendering layout layouts/application.html.erb
  Rendering home/generate.html.erb within layouts/application
  Rendered home/generate.html.erb within layouts/application (Duration: 0.1ms | Allocations: 7)
  Rendered layout layouts/application.html.erb (Duration: 2.2ms | Allocations: 1123)
Completed 200 OK in 4ms (Views: 2.8ms | ActiveRecord: 0.0ms | Allocations: 1592)


Started POST "/home/generate" for ::1 at 2026-05-27 01:55:57 +0900
Processing by HomeController#generate as TURBO_STREAM
  Parameters: {"authenticity_token"=>"[FILTERED]", "prompt"=>"aiueo"}
  Rendering layout layouts/application.html.erb
  Rendering home/generate.html.erb within layouts/application
  Rendered home/generate.html.erb within layouts/application (Duration: 0.0ms | Allocations: 7)
  Rendered layout layouts/application.html.erb (Duration: 2.2ms | Allocations: 1123)
Completed 200 OK in 4ms (Views: 2.7ms | ActiveRecord: 0.0ms | Allocations: 1586)


Started POST "/home/generate" for ::1 at 2026-05-27 01:55:57 +0900
Processing by HomeController#generate as TURBO_STREAM
  Parameters: {"authenticity_token"=>"[FILTERED]", "prompt"=>"aiueo"}
  Rendering layout layouts/application.html.erb
  Rendering home/generate.html.erb within layouts/application
  Rendered home/generate.html.erb within layouts/application (Duration: 0.0ms | Allocations: 7)
  Rendered layout layouts/application.html.erb (Duration: 1.6ms | Allocations: 1130)
Completed 200 OK in 3ms (Views: 2.1ms | ActiveRecord: 0.0ms | Allocations: 1594)


Started POST "/home/generate" for ::1 at 2026-05-27 01:55:58 +0900
Processing by HomeController#generate as TURBO_STREAM
  Parameters: {"authenticity_token"=>"[FILTERED]", "prompt"=>"aiueo"}
  Rendering layout layouts/application.html.erb
  Rendering home/generate.html.erb within layouts/application
  Rendered home/generate.html.erb within layouts/application (Duration: 0.0ms | Allocations: 7)
  Rendered layout layouts/application.html.erb (Duration: 3.3ms | Allocations: 1123)
Completed 200 OK in 5ms (Views: 3.8ms | ActiveRecord: 0.0ms | Allocations: 1598)


Started GET "/home" for ::1 at 2026-05-27 01:57:22 +0900
Processing by HomeController#top as HTML
  Rendering layout layouts/application.html.erb
  Rendering home/top.html.erb within layouts/application
  Rendered home/top.html.erb within layouts/application (Duration: 0.3ms | Allocations: 491)
  Rendered layout layouts/application.html.erb (Duration: 6.2ms | Allocations: 19703)
Completed 200 OK in 7ms (Views: 6.7ms | ActiveRecord: 0.0ms | Allocations: 20599)


Started POST "/home/generate" for ::1 at 2026-05-27 01:57:28 +0900
Processing by HomeController#generate as TURBO_STREAM
  Parameters: {"authenticity_token"=>"[FILTERED]", "prompt"=>"aiueo"}
  Rendering layout layouts/application.html.erb
  Rendering home/generate.html.erb within layouts/application
  Rendered home/generate.html.erb within layouts/application (Duration: 0.5ms | Allocations: 91)
  Rendered layout layouts/application.html.erb (Duration: 2.5ms | Allocations: 1209)
Completed 200 OK in 6ms (Views: 3.1ms | ActiveRecord: 0.0ms | Allocations: 1808)


Started POST "/home/generate" for ::1 at 2026-05-27 01:57:30 +0900
Processing by HomeController#generate as TURBO_STREAM
  Parameters: {"authenticity_token"=>"[FILTERED]", "prompt"=>"aiueo"}
  Rendering layout layouts/application.html.erb
  Rendering home/generate.html.erb within layouts/application
  Rendered home/generate.html.erb within layouts/application (Duration: 0.0ms | Allocations: 7)
  Rendered layout layouts/application.html.erb (Duration: 2.2ms | Allocations: 1123)
Completed 200 OK in 4ms (Views: 2.7ms | ActiveRecord: 0.0ms | Allocations: 1594)


Started GET "/home" for ::1 at 2026-05-27 01:57:50 +0900
Processing by HomeController#top as HTML
  Rendering layout layouts/application.html.erb
  Rendering home/top.html.erb within layouts/application
  Rendered home/top.html.erb within layouts/application (Duration: 0.4ms | Allocations: 468)
  Rendered layout layouts/application.html.erb (Duration: 5.4ms | Allocations: 19688)
Completed 200 OK in 6ms (Views: 6.0ms | ActiveRecord: 0.0ms | Allocations: 20585)


Started POST "/home/generate" for ::1 at 2026-05-27 01:57:54 +0900
Processing by HomeController#generate as TURBO_STREAM
  Parameters: {"authenticity_token"=>"[FILTERED]", "prompt"=>"aiueo"}
  Rendering layout layouts/application.html.erb
  Rendering home/generate.html.erb within layouts/application
  Rendered home/generate.html.erb within layouts/application (Duration: 0.5ms | Allocations: 91)
  Rendered layout layouts/application.html.erb (Duration: 2.8ms | Allocations: 1209)
Completed 200 OK in 6ms (Views: 3.3ms | ActiveRecord: 0.0ms | Allocations: 1797)


Started POST "/home/generate" for ::1 at 2026-05-27 01:57:55 +0900
Processing by HomeController#generate as TURBO_STREAM
  Parameters: {"authenticity_token"=>"[FILTERED]", "prompt"=>"aiueo"}
  Rendering layout layouts/application.html.erb
  Rendering home/generate.html.erb within layouts/application
  Rendered home/generate.html.erb within layouts/application (Duration: 0.1ms | Allocations: 7)
  Rendered layout layouts/application.html.erb (Duration: 2.5ms | Allocations: 1123)
Completed 200 OK in 5ms (Views: 3.2ms | ActiveRecord: 0.0ms | Allocations: 1604)


Started GET "/home" for ::1 at 2026-05-27 01:59:01 +0900
Processing by HomeController#top as HTML
  Rendering layout layouts/application.html.erb
  Rendering home/top.html.erb within layouts/application
  Rendered home/top.html.erb within layouts/application (Duration: 0.4ms | Allocations: 475)
  Rendered layout layouts/application.html.erb (Duration: 6.7ms | Allocations: 19673)
Completed 200 OK in 8ms (Views: 7.3ms | ActiveRecord: 0.0ms | Allocations: 20566)


Started POST "/home/generate" for ::1 at 2026-05-27 01:59:04 +0900
Processing by HomeController#generate as TURBO_STREAM
  Parameters: {"authenticity_token"=>"[FILTERED]", "prompt"=>"ooo"}
  Rendering layout layouts/application.html.erb
  Rendering home/generate.html.erb within layouts/application
  Rendered home/generate.html.erb within layouts/application (Duration: 0.6ms | Allocations: 95)
  Rendered layout layouts/application.html.erb (Duration: 3.6ms | Allocations: 1216)
Completed 200 OK in 6ms (Views: 4.5ms | ActiveRecord: 0.0ms | Allocations: 1813)


Started POST "/home/generate" for ::1 at 2026-05-27 01:59:05 +0900
Processing by HomeController#generate as TURBO_STREAM
  Parameters: {"authenticity_token"=>"[FILTERED]", "prompt"=>"ooo"}
  Rendering layout layouts/application.html.erb
  Rendering home/generate.html.erb within layouts/application
  Rendered home/generate.html.erb within layouts/application (Duration: 0.0ms | Allocations: 7)
  Rendered layout layouts/application.html.erb (Duration: 2.5ms | Allocations: 1123)
Completed 200 OK in 5ms (Views: 3.0ms | ActiveRecord: 0.0ms | Allocations: 1586)


Started POST "/home/generate" for ::1 at 2026-05-27 01:59:05 +0900
Processing by HomeController#generate as TURBO_STREAM
  Parameters: {"authenticity_token"=>"[FILTERED]", "prompt"=>"ooo"}
  Rendering layout layouts/application.html.erb
  Rendering home/generate.html.erb within layouts/application
  Rendered home/generate.html.erb within layouts/application (Duration: 0.0ms | Allocations: 7)
  Rendered layout layouts/application.html.erb (Duration: 2.4ms | Allocations: 1123)
Completed 200 OK in 4ms (Views: 2.9ms | ActiveRecord: 0.0ms | Allocations: 1604)


Started POST "/home/generate" for ::1 at 2026-05-27 01:59:05 +0900
Processing by HomeController#generate as TURBO_STREAM
  Parameters: {"authenticity_token"=>"[FILTERED]", "prompt"=>"ooo"}
  Rendering layout layouts/application.html.erb
  Rendering home/generate.html.erb within layouts/application
  Rendered home/generate.html.erb within layouts/application (Duration: 0.0ms | Allocations: 7)
  Rendered layout layouts/application.html.erb (Duration: 2.5ms | Allocations: 1123)
Completed 200 OK in 4ms (Views: 3.0ms | ActiveRecord: 0.0ms | Allocations: 1610)


Started GET "/home/top" for ::1 at 2026-05-27 01:59:22 +0900
  
ActionController::RoutingError (No route matches [GET] "/home/top"):
  
Started GET "/home/generate" for ::1 at 2026-05-27 01:59:27 +0900
  
ActionController::RoutingError (No route matches [GET] "/home/generate"):
  
Started GET "/home/generate" for ::1 at 2026-05-27 02:00:10 +0900
Processing by HomeController#generate as HTML
  Rendering layout layouts/application.html.erb
  Rendering home/generate.html.erb within layouts/application
  Rendered home/generate.html.erb within layouts/application (Duration: 0.1ms | Allocations: 96)
  Rendered layout layouts/application.html.erb (Duration: 6.3ms | Allocations: 19512)
Completed 200 OK in 8ms (Views: 6.8ms | ActiveRecord: 0.0ms | Allocations: 20409)


Started GET "/home/top" for ::1 at 2026-05-27 02:01:12 +0900
  
ActionController::RoutingError (No route matches [GET] "/home/top"):
  
Started GET "/home" for ::1 at 2026-05-27 02:01:12 +0900
Processing by HomeController#top as HTML
  Rendering layout layouts/application.html.erb
  Rendering home/top.html.erb within layouts/application
  Rendered home/top.html.erb within layouts/application (Duration: 0.6ms | Allocations: 450)
  Rendered layout layouts/application.html.erb (Duration: 1.9ms | Allocations: 1585)
Completed 200 OK in 3ms (Views: 2.1ms | ActiveRecord: 0.0ms | Allocations: 1883)


Started POST "/home/generate" for ::1 at 2026-05-27 02:01:17 +0900
  
ActionController::RoutingError (No route matches [POST] "/home/generate"):
  
Started GET "/home" for ::1 at 2026-05-27 02:01:17 +0900
Processing by HomeController#top as HTML
  Rendering layout layouts/application.html.erb
  Rendering home/top.html.erb within layouts/application
  Rendered home/top.html.erb within layouts/application (Duration: 0.3ms | Allocations: 278)
  Rendered layout layouts/application.html.erb (Duration: 1.0ms | Allocations: 1413)
Completed 200 OK in 1ms (Views: 1.1ms | ActiveRecord: 0.0ms | Allocations: 1651)


Started POST "/home/generate" for ::1 at 2026-05-27 02:01:28 +0900
  
ActionController::RoutingError (No route matches [POST] "/home/generate"):
  
Started GET "/home" for ::1 at 2026-05-27 02:01:28 +0900
Processing by HomeController#top as HTML
  Rendering layout layouts/application.html.erb
  Rendering home/top.html.erb within layouts/application
  Rendered home/top.html.erb within layouts/application (Duration: 0.4ms | Allocations: 281)
  Rendered layout layouts/application.html.erb (Duration: 1.6ms | Allocations: 1416)
Completed 200 OK in 2ms (Views: 1.8ms | ActiveRecord: 0.0ms | Allocations: 1654)


Started POST "/home/generate" for ::1 at 2026-05-27 02:02:16 +0900
  
ActionController::RoutingError (No route matches [POST] "/home/generate"):
  
Started GET "/home" for ::1 at 2026-05-27 02:02:16 +0900
Processing by HomeController#top as HTML
  Rendering layout layouts/application.html.erb
  Rendering home/top.html.erb within layouts/application
  Rendered home/top.html.erb within layouts/application (Duration: 0.2ms | Allocations: 472)
  Rendered layout layouts/application.html.erb (Duration: 5.5ms | Allocations: 19732)
Completed 200 OK in 6ms (Views: 6.0ms | ActiveRecord: 0.0ms | Allocations: 20582)


Started GET "/home" for ::1 at 2026-05-27 02:02:28 +0900
Processing by HomeController#top as HTML
  Rendering layout layouts/application.html.erb
  Rendering home/top.html.erb within layouts/application
  Rendered home/top.html.erb within layouts/application (Duration: 0.4ms | Allocations: 484)
  Rendered layout layouts/application.html.erb (Duration: 6.7ms | Allocations: 19770)
Completed 200 OK in 8ms (Views: 7.2ms | ActiveRecord: 0.0ms | Allocations: 20663)


Started POST "/home/generate" for ::1 at 2026-05-27 02:02:33 +0900
  
ActionController::RoutingError (No route matches [POST] "/home/generate"):
  
Started GET "/home" for ::1 at 2026-05-27 02:02:33 +0900
Processing by HomeController#top as HTML
  Rendering layout layouts/application.html.erb
  Rendering home/top.html.erb within layouts/application
  Rendered home/top.html.erb within layouts/application (Duration: 0.2ms | Allocations: 284)
  Rendered layout layouts/application.html.erb (Duration: 1.0ms | Allocations: 1419)
Completed 200 OK in 1ms (Views: 1.2ms | ActiveRecord: 0.0ms | Allocations: 1657)


Started GET "/" for ::1 at 2026-05-27 02:40:04 +0900
Processing by Rails::WelcomeController#index as HTML
  Rendering /Users/hashimoto/.rbenv/versions/3.2.2/lib/ruby/gems/3.2.0/gems/railties-7.1.6/lib/rails/templates/rails/welcome/index.html.erb
  Rendered /Users/hashimoto/.rbenv/versions/3.2.2/lib/ruby/gems/3.2.0/gems/railties-7.1.6/lib/rails/templates/rails/welcome/index.html.erb (Duration: 0.4ms | Allocations: 261)
Completed 200 OK in 2ms (Views: 0.9ms | ActiveRecord: 0.0ms | Allocations: 886)


Started GET "/" for ::1 at 2026-05-27 02:40:17 +0900
Processing by Rails::WelcomeController#index as HTML
  Rendering /Users/hashimoto/.rbenv/versions/3.2.2/lib/ruby/gems/3.2.0/gems/railties-7.1.6/lib/rails/templates/rails/welcome/index.html.erb
  Rendered /Users/hashimoto/.rbenv/versions/3.2.2/lib/ruby/gems/3.2.0/gems/railties-7.1.6/lib/rails/templates/rails/welcome/index.html.erb (Duration: 0.1ms | Allocations: 13)
Completed 200 OK in 1ms (Views: 0.5ms | ActiveRecord: 0.0ms | Allocations: 203)


Started GET "/home" for ::1 at 2026-05-27 02:40:22 +0900
Processing by HomeController#top as HTML
  Rendering layout layouts/application.html.erb
  Rendering home/top.html.erb within layouts/application
  Rendered home/top.html.erb within layouts/application (Duration: 2.2ms | Allocations: 477)
  Rendered layout layouts/application.html.erb (Duration: 26.3ms | Allocations: 19760)
Completed 200 OK in 29ms (Views: 28.0ms | ActiveRecord: 0.0ms | Allocations: 20589)


Started GET "/home" for ::1 at 2026-05-27 02:40:25 +0900
Processing by HomeController#top as HTML
  Rendering layout layouts/application.html.erb
  Rendering home/top.html.erb within layouts/application
  Rendered home/top.html.erb within layouts/application (Duration: 1.0ms | Allocations: 302)
  Rendered layout layouts/application.html.erb (Duration: 3.1ms | Allocations: 1428)
Completed 200 OK in 4ms (Views: 3.7ms | ActiveRecord: 0.0ms | Allocations: 1666)


Started GET "/home" for ::1 at 2026-05-27 02:45:19 +0900
Processing by HomeController#top as HTML
  Rendering layout layouts/application.html.erb
  Rendering home/top.html.erb within layouts/application
  Rendered home/top.html.erb within layouts/application (Duration: 0.9ms | Allocations: 284)
  Rendered layout layouts/application.html.erb (Duration: 3.7ms | Allocations: 1413)
Completed 200 OK in 6ms (Views: 4.4ms | ActiveRecord: 0.0ms | Allocations: 1651)


Started POST "/home/generate" for ::1 at 2026-05-27 02:45:29 +0900
Processing by HomeController#generate as TURBO_STREAM
  Parameters: {"authenticity_token"=>"[FILTERED]", "prompt"=>"あいうえお"}
  Rendering layout layouts/application.html.erb
  Rendering home/generate.html.erb within layouts/application
  Rendered home/generate.html.erb within layouts/application (Duration: 0.6ms | Allocations: 94)
  Rendered layout layouts/application.html.erb (Duration: 2.7ms | Allocations: 1212)
Completed 200 OK in 7ms (Views: 3.2ms | ActiveRecord: 0.0ms | Allocations: 1800)


Started POST "/home/generate" for ::1 at 2026-05-27 02:45:32 +0900
Processing by HomeController#generate as TURBO_STREAM
  Parameters: {"authenticity_token"=>"[FILTERED]", "prompt"=>"あいうえお"}
  Rendering layout layouts/application.html.erb
  Rendering home/generate.html.erb within layouts/application
  Rendered home/generate.html.erb within layouts/application (Duration: 0.0ms | Allocations: 7)
  Rendered layout layouts/application.html.erb (Duration: 2.1ms | Allocations: 1123)
Completed 200 OK in 4ms (Views: 2.7ms | ActiveRecord: 0.0ms | Allocations: 1592)


Started GET "/home" for ::1 at 2026-05-27 02:52:35 +0900
Processing by HomeController#top as HTML
  Rendering layout layouts/application.html.erb
  Rendering home/top.html.erb within layouts/application
  Rendered home/top.html.erb within layouts/application (Duration: 0.6ms | Allocations: 476)
  Rendered layout layouts/application.html.erb (Duration: 7.0ms | Allocations: 19620)
Completed 200 OK in 8ms (Views: 7.6ms | ActiveRecord: 0.0ms | Allocations: 20516)


Started POST "/home/generate" for ::1 at 2026-05-27 02:52:39 +0900
Processing by HomeController#generate as TURBO_STREAM
  Parameters: {"authenticity_token"=>"[FILTERED]", "prompt"=>"aiueo"}
  Rendering layout layouts/application.html.erb
  Rendering home/generate.html.erb within layouts/application
  Rendered home/generate.html.erb within layouts/application (Duration: 0.6ms | Allocations: 92)
  Rendered layout layouts/application.html.erb (Duration: 3.0ms | Allocations: 1210)
Completed 200 OK in 7ms (Views: 3.6ms | ActiveRecord: 0.0ms | Allocations: 1804)


Started POST "/home/generate" for ::1 at 2026-05-27 02:52:45 +0900
Processing by HomeController#generate as TURBO_STREAM
  Parameters: {"authenticity_token"=>"[FILTERED]", "prompt"=>"aiueo"}
  Rendering layout layouts/application.html.erb
  Rendering home/generate.html.erb within layouts/application
  Rendered home/generate.html.erb within layouts/application (Duration: 0.0ms | Allocations: 7)
  Rendered layout layouts/application.html.erb (Duration: 2.4ms | Allocations: 1123)
Completed 200 OK in 5ms (Views: 3.0ms | ActiveRecord: 0.0ms | Allocations: 1592)


Started GET "/home" for ::1 at 2026-05-27 02:57:11 +0900
Processing by HomeController#top as HTML
  Rendering layout layouts/application.html.erb
  Rendering home/top.html.erb within layouts/application
  Rendered home/top.html.erb within layouts/application (Duration: 0.4ms | Allocations: 464)
  Rendered layout layouts/application.html.erb (Duration: 8.4ms | Allocations: 19740)
Completed 200 OK in 10ms (Views: 9.0ms | ActiveRecord: 0.0ms | Allocations: 20633)


Started POST "/home/generate" for ::1 at 2026-05-27 02:57:24 +0900
Processing by HomeController#generate as TURBO_STREAM
  Parameters: {"authenticity_token"=>"[FILTERED]", "prompt"=>"こんなのを作ってください。"}
  Rendering layout layouts/application.html.erb
  Rendering home/generate.html.erb within layouts/application
  Rendered home/generate.html.erb within layouts/application (Duration: 0.6ms | Allocations: 99)
  Rendered layout layouts/application.html.erb (Duration: 2.8ms | Allocations: 1217)
Completed 200 OK in 6ms (Views: 3.4ms | ActiveRecord: 0.0ms | Allocations: 1798)


Started POST "/home/generate" for ::1 at 2026-05-27 02:57:27 +0900
Processing by HomeController#generate as TURBO_STREAM
  Parameters: {"authenticity_token"=>"[FILTERED]", "prompt"=>"こんなのを作ってください。"}
  Rendering layout layouts/application.html.erb
  Rendering home/generate.html.erb within layouts/application
  Rendered home/generate.html.erb within layouts/application (Duration: 0.0ms | Allocations: 7)
  Rendered layout layouts/application.html.erb (Duration: 2.2ms | Allocations: 1123)
Completed 200 OK in 4ms (Views: 2.7ms | ActiveRecord: 0.0ms | Allocations: 1600)


Started POST "/home/generate" for ::1 at 2026-05-27 02:57:29 +0900
Processing by HomeController#generate as TURBO_STREAM
  Parameters: {"authenticity_token"=>"[FILTERED]", "prompt"=>"こんなのを作ってください。"}
  Rendering layout layouts/application.html.erb
  Rendering home/generate.html.erb within layouts/application
  Rendered home/generate.html.erb within layouts/application (Duration: 0.1ms | Allocations: 7)
  Rendered layout layouts/application.html.erb (Duration: 2.2ms | Allocations: 1123)
Completed 200 OK in 4ms (Views: 2.7ms | ActiveRecord: 0.0ms | Allocations: 1582)


Started POST "/home/generate" for ::1 at 2026-05-27 02:57:29 +0900
Processing by HomeController#generate as TURBO_STREAM
  Parameters: {"authenticity_token"=>"[FILTERED]", "prompt"=>"こんなのを作ってください。"}
  Rendering layout layouts/application.html.erb
  Rendering home/generate.html.erb within layouts/application
  Rendered home/generate.html.erb within layouts/application (Duration: 0.0ms | Allocations: 7)
  Rendered layout layouts/application.html.erb (Duration: 2.2ms | Allocations: 1123)
Completed 200 OK in 4ms (Views: 2.8ms | ActiveRecord: 0.0ms | Allocations: 1585)


Started POST "/home/generate" for ::1 at 2026-05-27 02:57:30 +0900
Processing by HomeController#generate as TURBO_STREAM
  Parameters: {"authenticity_token"=>"[FILTERED]", "prompt"=>"こんなのを作ってください。"}
  Rendering layout layouts/application.html.erb
  Rendering home/generate.html.erb within layouts/application
  Rendered home/generate.html.erb within layouts/application (Duration: 0.1ms | Allocations: 7)
  Rendered layout layouts/application.html.erb (Duration: 2.3ms | Allocations: 1123)
Completed 200 OK in 4ms (Views: 2.8ms | ActiveRecord: 0.0ms | Allocations: 1600)


Started POST "/home/generate" for ::1 at 2026-05-27 02:57:31 +0900
Processing by HomeController#generate as TURBO_STREAM
  Parameters: {"authenticity_token"=>"[FILTERED]", "prompt"=>"こんなのを作ってください。"}
  Rendering layout layouts/application.html.erb
  Rendering home/generate.html.erb within layouts/application
  Rendered home/generate.html.erb within layouts/application (Duration: 0.1ms | Allocations: 7)
  Rendered layout layouts/application.html.erb (Duration: 2.4ms | Allocations: 1123)
Completed 200 OK in 5ms (Views: 3.0ms | ActiveRecord: 0.0ms | Allocations: 1603)


Started POST "/home/generate" for ::1 at 2026-05-27 02:57:33 +0900
Processing by HomeController#generate as TURBO_STREAM
  Parameters: {"authenticity_token"=>"[FILTERED]", "prompt"=>"こんなのを作ってください。"}
  Rendering layout layouts/application.html.erb
  Rendering home/generate.html.erb within layouts/application
  Rendered home/generate.html.erb within layouts/application (Duration: 0.0ms | Allocations: 7)
  Rendered layout layouts/application.html.erb (Duration: 2.6ms | Allocations: 1123)
Completed 200 OK in 5ms (Views: 3.1ms | ActiveRecord: 0.0ms | Allocations: 1597)


Started POST "/home/generate" for ::1 at 2026-05-27 02:57:33 +0900
Processing by HomeController#generate as TURBO_STREAM
  Parameters: {"authenticity_token"=>"[FILTERED]", "prompt"=>"こんなのを作ってください。"}
  Rendering layout layouts/application.html.erb
  Rendering home/generate.html.erb within layouts/application
  Rendered home/generate.html.erb within layouts/application (Duration: 0.1ms | Allocations: 7)
  Rendered layout layouts/application.html.erb (Duration: 2.2ms | Allocations: 1123)
Completed 200 OK in 4ms (Views: 2.8ms | ActiveRecord: 0.0ms | Allocations: 1606)


Started POST "/home/generate" for ::1 at 2026-05-27 02:57:33 +0900
Processing by HomeController#generate as TURBO_STREAM
  Parameters: {"authenticity_token"=>"[FILTERED]", "prompt"=>"こんなのを作ってください。"}
  Rendering layout layouts/application.html.erb
  Rendering home/generate.html.erb within layouts/application
  Rendered home/generate.html.erb within layouts/application (Duration: 0.0ms | Allocations: 7)
  Rendered layout layouts/application.html.erb (Duration: 2.2ms | Allocations: 1123)
Completed 200 OK in 4ms (Views: 2.8ms | ActiveRecord: 0.0ms | Allocations: 1585)


Started POST "/home/generate" for ::1 at 2026-05-27 02:57:47 +0900
Processing by HomeController#generate as TURBO_STREAM
  Parameters: {"authenticity_token"=>"[FILTERED]", "prompt"=>"こんなのを作ってください。"}
  Rendering layout layouts/application.html.erb
  Rendering home/generate.html.erb within layouts/application
  Rendered home/generate.html.erb within layouts/application (Duration: 0.0ms | Allocations: 7)
  Rendered layout layouts/application.html.erb (Duration: 2.3ms | Allocations: 1123)
Completed 200 OK in 4ms (Views: 2.8ms | ActiveRecord: 0.0ms | Allocations: 1600)


Started POST "/home/generate" for ::1 at 2026-05-27 02:57:58 +0900
Processing by HomeController#generate as TURBO_STREAM
  Parameters: {"authenticity_token"=>"[FILTERED]", "prompt"=>"こんなのを作ってください。"}
  Rendering layout layouts/application.html.erb
  Rendering home/generate.html.erb within layouts/application
  Rendered home/generate.html.erb within layouts/application (Duration: 0.1ms | Allocations: 7)
  Rendered layout layouts/application.html.erb (Duration: 2.5ms | Allocations: 1123)
Completed 200 OK in 5ms (Views: 3.1ms | ActiveRecord: 0.0ms | Allocations: 1594)


Started GET "/home" for ::1 at 2026-05-27 03:10:58 +0900
Processing by HomeController#top as HTML
  Rendering layout layouts/application.html.erb
  Rendering home/top.html.erb within layouts/application
  Rendered home/top.html.erb within layouts/application (Duration: 0.4ms | Allocations: 479)
  Rendered layout layouts/application.html.erb (Duration: 7.6ms | Allocations: 19699)
Completed 200 OK in 9ms (Views: 8.3ms | ActiveRecord: 0.0ms | Allocations: 20595)


Started POST "/home/generate" for ::1 at 2026-05-27 03:11:04 +0900
Processing by HomeController#generate as TURBO_STREAM
  Parameters: {"authenticity_token"=>"[FILTERED]", "prompt"=>"au"}
Redirected to http://localhost:3000/home/generate
Completed 302 Found in 2ms (ActiveRecord: 0.0ms | Allocations: 449)


Started GET "/home/generate" for ::1 at 2026-05-27 03:11:04 +0900
  
ActionController::RoutingError (No route matches [GET] "/home/generate"):
  
Started GET "/home" for ::1 at 2026-05-27 03:11:04 +0900
Processing by HomeController#top as HTML
  Rendering layout layouts/application.html.erb
  Rendering home/top.html.erb within layouts/application
  Rendered home/top.html.erb within layouts/application (Duration: 0.3ms | Allocations: 287)
  Rendered layout layouts/application.html.erb (Duration: 1.0ms | Allocations: 1414)
Completed 200 OK in 1ms (Views: 1.2ms | ActiveRecord: 0.0ms | Allocations: 1651)


Started GET "/home" for ::1 at 2026-05-27 03:18:10 +0900
Processing by HomeController#top as HTML
  Rendering layout layouts/application.html.erb
  Rendering home/top.html.erb within layouts/application
  Rendered home/top.html.erb within layouts/application (Duration: 0.5ms | Allocations: 476)
  Rendered layout layouts/application.html.erb (Duration: 8.3ms | Allocations: 19758)
Completed 200 OK in 10ms (Views: 8.9ms | ActiveRecord: 0.0ms | Allocations: 20651)


Started POST "/home/generate" for ::1 at 2026-05-27 03:18:17 +0900
Processing by HomeController#generate as TURBO_STREAM
  Parameters: {"authenticity_token"=>"[FILTERED]", "prompt"=>"aiuto"}
Redirected to http://localhost:3000/home/show_result
Completed 302 Found in 2ms (ActiveRecord: 0.0ms | Allocations: 375)


Started GET "/home/show_result" for ::1 at 2026-05-27 03:18:17 +0900
Processing by HomeController#show_result as TURBO_STREAM
  Rendering layout layouts/application.html.erb
  Rendering home/show_result.html.erb within layouts/application
  Rendered home/show_result.html.erb within layouts/application (Duration: 0.5ms | Allocations: 97)
  Rendered layout layouts/application.html.erb (Duration: 3.1ms | Allocations: 1402)
Completed 200 OK in 5ms (Views: 3.5ms | ActiveRecord: 0.0ms | Allocations: 1748)


Started GET "/home/show_result" for ::1 at 2026-05-27 04:06:59 +0900
Processing by HomeController#show_result as HTML
Completed 406 Not Acceptable in 1ms (ActiveRecord: 0.0ms | Allocations: 832)


  
ActionController::MissingExactTemplate (HomeController#show_result is missing a template for request formats: text/html):
  
actionpack (7.1.6) lib/action_controller/metal/implicit_render.rb:47:in `default_render'
actionpack (7.1.6) lib/action_controller/metal/basic_implicit_render.rb:7:in `send_action'
actionpack (7.1.6) lib/abstract_controller/base.rb:224:in `process_action'
actionpack (7.1.6) lib/action_controller/metal/rendering.rb:165:in `process_action'
actionpack (7.1.6) lib/abstract_controller/callbacks.rb:259:in `block in process_action'
activesupport (7.1.6) lib/active_support/callbacks.rb:121:in `block in run_callbacks'
turbo-rails (2.0.23) lib/turbo-rails.rb:24:in `with_request_id'
turbo-rails (2.0.23) app/controllers/concerns/turbo/request_id_tracking.rb:10:in `turbo_tracking_request_id'
activesupport (7.1.6) lib/active_support/callbacks.rb:130:in `block in run_callbacks'
actiontext (7.1.6) lib/action_text/rendering.rb:23:in `with_renderer'
actiontext (7.1.6) lib/action_text/engine.rb:69:in `block (4 levels) in <class:Engine>'
activesupport (7.1.6) lib/active_support/callbacks.rb:130:in `instance_exec'
activesupport (7.1.6) lib/active_support/callbacks.rb:130:in `block in run_callbacks'
activesupport (7.1.6) lib/active_support/callbacks.rb:141:in `run_callbacks'
actionpack (7.1.6) lib/abstract_controller/callbacks.rb:258:in `process_action'
actionpack (7.1.6) lib/action_controller/metal/rescue.rb:25:in `process_action'
actionpack (7.1.6) lib/action_controller/metal/instrumentation.rb:74:in `block in process_action'
activesupport (7.1.6) lib/active_support/notifications.rb:206:in `block in instrument'
activesupport (7.1.6) lib/active_support/notifications/instrumenter.rb:58:in `instrument'
activesupport (7.1.6) lib/active_support/notifications.rb:206:in `instrument'
actionpack (7.1.6) lib/action_controller/metal/instrumentation.rb:73:in `process_action'
actionpack (7.1.6) lib/action_controller/metal/params_wrapper.rb:261:in `process_action'
activerecord (7.1.6) lib/active_record/railties/controller_runtime.rb:32:in `process_action'
actionpack (7.1.6) lib/abstract_controller/base.rb:160:in `process'
actionview (7.1.6) lib/action_view/rendering.rb:40:in `process'
actionpack (7.1.6) lib/action_controller/metal.rb:227:in `dispatch'
actionpack (7.1.6) lib/action_controller/metal.rb:309:in `dispatch'
actionpack (7.1.6) lib/action_dispatch/routing/route_set.rb:49:in `dispatch'
actionpack (7.1.6) lib/action_dispatch/routing/route_set.rb:32:in `serve'
actionpack (7.1.6) lib/action_dispatch/journey/router.rb:51:in `block in serve'
actionpack (7.1.6) lib/action_dispatch/journey/router.rb:131:in `block in find_routes'
actionpack (7.1.6) lib/action_dispatch/journey/router.rb:124:in `each'
actionpack (7.1.6) lib/action_dispatch/journey/router.rb:124:in `find_routes'
actionpack (7.1.6) lib/action_dispatch/journey/router.rb:32:in `serve'
actionpack (7.1.6) lib/action_dispatch/routing/route_set.rb:882:in `call'
rack (3.2.6) lib/rack/tempfile_reaper.rb:20:in `call'
rack (3.2.6) lib/rack/etag.rb:29:in `call'
rack (3.2.6) lib/rack/conditional_get.rb:31:in `call'
rack (3.2.6) lib/rack/head.rb:15:in `call'
actionpack (7.1.6) lib/action_dispatch/http/permissions_policy.rb:36:in `call'
actionpack (7.1.6) lib/action_dispatch/http/content_security_policy.rb:36:in `call'
rack-session (2.1.2) lib/rack/session/abstract/id.rb:274:in `context'
rack-session (2.1.2) lib/rack/session/abstract/id.rb:268:in `call'
actionpack (7.1.6) lib/action_dispatch/middleware/cookies.rb:689:in `call'
activerecord (7.1.6) lib/active_record/migration.rb:655:in `call'
actionpack (7.1.6) lib/action_dispatch/middleware/callbacks.rb:29:in `block in call'
activesupport (7.1.6) lib/active_support/callbacks.rb:101:in `run_callbacks'
actionpack (7.1.6) lib/action_dispatch/middleware/callbacks.rb:28:in `call'
actionpack (7.1.6) lib/action_dispatch/middleware/executor.rb:14:in `call'
actionpack (7.1.6) lib/action_dispatch/middleware/actionable_exceptions.rb:16:in `call'
actionpack (7.1.6) lib/action_dispatch/middleware/debug_exceptions.rb:29:in `call'
web-console (4.2.1) lib/web_console/middleware.rb:132:in `call_app'
web-console (4.2.1) lib/web_console/middleware.rb:28:in `block in call'
web-console (4.2.1) lib/web_console/middleware.rb:17:in `catch'
web-console (4.2.1) lib/web_console/middleware.rb:17:in `call'
actionpack (7.1.6) lib/action_dispatch/middleware/show_exceptions.rb:31:in `call'
railties (7.1.6) lib/rails/rack/logger.rb:37:in `call_app'
railties (7.1.6) lib/rails/rack/logger.rb:24:in `block in call'
activesupport (7.1.6) lib/active_support/tagged_logging.rb:139:in `block in tagged'
activesupport (7.1.6) lib/active_support/tagged_logging.rb:39:in `tagged'
activesupport (7.1.6) lib/active_support/tagged_logging.rb:139:in `tagged'
activesupport (7.1.6) lib/active_support/broadcast_logger.rb:241:in `method_missing'
railties (7.1.6) lib/rails/rack/logger.rb:24:in `call'
sprockets-rails (3.5.2) lib/sprockets/rails/quiet_assets.rb:17:in `call'
actionpack (7.1.6) lib/action_dispatch/middleware/remote_ip.rb:92:in `call'
actionpack (7.1.6) lib/action_dispatch/middleware/request_id.rb:28:in `call'
rack (3.2.6) lib/rack/method_override.rb:28:in `call'
rack (3.2.6) lib/rack/runtime.rb:24:in `call'
activesupport (7.1.6) lib/active_support/cache/strategy/local_cache_middleware.rb:29:in `call'
actionpack (7.1.6) lib/action_dispatch/middleware/server_timing.rb:59:in `block in call'
actionpack (7.1.6) lib/action_dispatch/middleware/server_timing.rb:24:in `collect_events'
actionpack (7.1.6) lib/action_dispatch/middleware/server_timing.rb:58:in `call'
actionpack (7.1.6) lib/action_dispatch/middleware/executor.rb:14:in `call'
actionpack (7.1.6) lib/action_dispatch/middleware/static.rb:25:in `call'
rack (3.2.6) lib/rack/sendfile.rb:131:in `call'
actionpack (7.1.6) lib/action_dispatch/middleware/host_authorization.rb:141:in `call'
railties (7.1.6) lib/rails/engine.rb:536:in `call'
puma (8.0.1) lib/puma/configuration.rb:305:in `call'
puma (8.0.1) lib/puma/response.rb:79:in `block in handle_request'
puma (8.0.1) lib/puma/thread_pool.rb:434:in `with_force_shutdown'
puma (8.0.1) lib/puma/response.rb:78:in `handle_request'
puma (8.0.1) lib/puma/server.rb:508:in `process_client'
puma (8.0.1) lib/puma/server.rb:263:in `block in run'
puma (8.0.1) lib/puma/thread_pool.rb:246:in `block in spawn_thread'
Started GET "/home/top" for ::1 at 2026-05-27 04:07:05 +0900
  
ActionController::RoutingError (No route matches [GET] "/home/top"):
  
Started GET "/home" for ::1 at 2026-05-27 04:07:05 +0900
Processing by HomeController#top as HTML
  Rendering layout layouts/application.html.erb
  Rendering home/top.html.erb within layouts/application
  Rendered home/top.html.erb within layouts/application (Duration: 1.7ms | Allocations: 483)
  Rendered layout layouts/application.html.erb (Duration: 16.3ms | Allocations: 19702)
Completed 200 OK in 20ms (Views: 18.7ms | ActiveRecord: 0.0ms | Allocations: 20517)


Started POST "/home/generate" for ::1 at 2026-05-27 04:07:11 +0900
Processing by HomeController#generate as TURBO_STREAM
  Parameters: {"authenticity_token"=>"[FILTERED]", "prompt"=>"aiueo"}
  Rendering layout layouts/application.html.erb
  Rendering home/generate.html.erb within layouts/application
  Rendered home/generate.html.erb within layouts/application (Duration: 0.5ms | Allocations: 94)
  Rendered layout layouts/application.html.erb (Duration: 2.4ms | Allocations: 1212)
Completed 200 OK in 5ms (Views: 3.6ms | ActiveRecord: 0.0ms | Allocations: 1786)


Started POST "/home/generate" for ::1 at 2026-05-27 04:11:40 +0900
Processing by HomeController#generate as TURBO_STREAM
  Parameters: {"authenticity_token"=>"[FILTERED]", "prompt"=>"aiueo"}
  Rendering layout layouts/application.html.erb
  Rendering home/generate.html.erb within layouts/application
  Rendered home/generate.html.erb within layouts/application (Duration: 0.1ms | Allocations: 7)
  Rendered layout layouts/application.html.erb (Duration: 6.3ms | Allocations: 1123)
Completed 200 OK in 8ms (Views: 6.9ms | ActiveRecord: 0.0ms | Allocations: 1581)


Started GET "/home" for ::1 at 2026-05-27 04:17:56 +0900
Processing by HomeController#top as HTML
  Rendering layout layouts/application.html.erb
  Rendering home/top.html.erb within layouts/application
  Rendered home/top.html.erb within layouts/application (Duration: 0.9ms | Allocations: 495)
  Rendered layout layouts/application.html.erb (Duration: 8.6ms | Allocations: 19715)
Completed 200 OK in 10ms (Views: 9.4ms | ActiveRecord: 0.0ms | Allocations: 20611)


Started POST "/home/generate" for ::1 at 2026-05-27 04:18:03 +0900
Processing by HomeController#generate as HTML
  Parameters: {"authenticity_token"=>"[FILTERED]", "prompt"=>"あいうえお"}
  Rendering layout layouts/application.html.erb
  Rendering home/generate.html.erb within layouts/application
  Rendered home/generate.html.erb within layouts/application (Duration: 0.8ms | Allocations: 94)
  Rendered layout layouts/application.html.erb (Duration: 4.0ms | Allocations: 1212)
Completed 200 OK in 7ms (Views: 5.8ms | ActiveRecord: 0.0ms | Allocations: 1732)


Started GET "/home/generate" for ::1 at 2026-05-27 04:19:09 +0900
  
ActionController::RoutingError (No route matches [GET] "/home/generate"):
  
Started GET "/home" for ::1 at 2026-05-27 04:19:11 +0900
Processing by HomeController#top as HTML
  Rendering layout layouts/application.html.erb
  Rendering home/top.html.erb within layouts/application
  Rendered home/top.html.erb within layouts/application (Duration: 1.2ms | Allocations: 482)
  Rendered layout layouts/application.html.erb (Duration: 12.1ms | Allocations: 19702)
Completed 200 OK in 15ms (Views: 14.3ms | ActiveRecord: 0.0ms | Allocations: 20551)


Started POST "/home/generate" for ::1 at 2026-05-27 04:19:14 +0900
Processing by HomeController#generate as HTML
  Parameters: {"authenticity_token"=>"[FILTERED]", "prompt"=>""}
  Rendering layout layouts/application.html.erb
  Rendering home/generate.html.erb within layouts/application
  Rendered home/generate.html.erb within layouts/application (Duration: 0.6ms | Allocations: 94)
  Rendered layout layouts/application.html.erb (Duration: 2.8ms | Allocations: 1212)
Completed 200 OK in 6ms (Views: 3.5ms | ActiveRecord: 0.0ms | Allocations: 1738)


Started GET "/home/generate" for ::1 at 2026-05-27 11:00:16 +0900
  [1m[36mActiveRecord::SchemaMigration Load (0.1ms)[0m  [1m[34mSELECT "schema_migrations"."version" FROM "schema_migrations" ORDER BY "schema_migrations"."version" ASC[0m
  
ActionController::RoutingError (No route matches [GET] "/home/generate"):
  
Started GET "/home" for ::1 at 2026-05-27 11:00:16 +0900
Processing by HomeController#top as HTML
  Rendering layout layouts/application.html.erb
  Rendering home/top.html.erb within layouts/application
  Rendered home/top.html.erb within layouts/application (Duration: 1.1ms | Allocations: 603)
  Rendered layout layouts/application.html.erb (Duration: 45.7ms | Allocations: 43724)
Completed 200 OK in 49ms (Views: 46.8ms | ActiveRecord: 0.0ms | Allocations: 45542)


Started POST "/home/generate" for ::1 at 2026-05-27 11:01:48 +0900
Processing by HomeController#generate as HTML
  Parameters: {"authenticity_token"=>"[FILTERED]", "prompt"=>""}
  Rendering layout layouts/application.html.erb
  Rendering home/generate.html.erb within layouts/application
  Rendered home/generate.html.erb within layouts/application (Duration: 0.6ms | Allocations: 100)
  Rendered layout layouts/application.html.erb (Duration: 2.8ms | Allocations: 1218)
Completed 200 OK in 7ms (Views: 3.5ms | ActiveRecord: 0.0ms | Allocations: 1797)


Started GET "/home" for ::1 at 2026-05-27 11:06:43 +0900
Processing by HomeController#top as HTML
  Rendering layout layouts/application.html.erb
  Rendering home/top.html.erb within layouts/application
  Rendered home/top.html.erb within layouts/application (Duration: 0.4ms | Allocations: 476)
  Rendered layout layouts/application.html.erb (Duration: 7.2ms | Allocations: 20981)
Completed 200 OK in 8ms (Views: 7.8ms | ActiveRecord: 0.0ms | Allocations: 21879)


Started POST "/home/generate" for ::1 at 2026-05-27 11:06:46 +0900
Processing by HomeController#generate as HTML
  Parameters: {"authenticity_token"=>"[FILTERED]", "prompt"=>""}
  Rendering layout layouts/application.html.erb
  Rendering home/generate.html.erb within layouts/application
  Rendered home/generate.html.erb within layouts/application (Duration: 0.6ms | Allocations: 95)
  Rendered layout layouts/application.html.erb (Duration: 3.2ms | Allocations: 1213)
Completed 200 OK in 6ms (Views: 4.0ms | ActiveRecord: 0.0ms | Allocations: 1752)


Started GET "/home/generate" for ::1 at 2026-05-27 11:16:24 +0900
  
ActionController::RoutingError (No route matches [GET] "/home/generate"):
  
Started GET "/home" for ::1 at 2026-05-27 11:16:26 +0900
Processing by HomeController#top as HTML
  Rendering layout layouts/application.html.erb
  Rendering home/top.html.erb within layouts/application
  Rendered home/top.html.erb within layouts/application (Duration: 1.5ms | Allocations: 480)
  Rendered layout layouts/application.html.erb (Duration: 15.2ms | Allocations: 21120)
Completed 200 OK in 18ms (Views: 16.9ms | ActiveRecord: 0.0ms | Allocations: 21970)


Started POST "/home/generate" for ::1 at 2026-05-27 11:16:27 +0900
Processing by HomeController#generate as HTML
  Parameters: {"authenticity_token"=>"[FILTERED]", "prompt"=>""}
  Rendering layout layouts/application.html.erb
  Rendering home/generate.html.erb within layouts/application
  Rendered home/generate.html.erb within layouts/application (Duration: 0.6ms | Allocations: 95)
  Rendered layout layouts/application.html.erb (Duration: 2.6ms | Allocations: 1213)
Completed 200 OK in 6ms (Views: 3.3ms | ActiveRecord: 0.0ms | Allocations: 1754)


Started GET "/home/generate" for ::1 at 2026-05-27 11:17:47 +0900
  
ActionController::RoutingError (No route matches [GET] "/home/generate"):
  
Started GET "/home" for ::1 at 2026-05-27 11:17:47 +0900
Processing by HomeController#top as HTML
  Rendering layout layouts/application.html.erb
  Rendering home/top.html.erb within layouts/application
  Rendered home/top.html.erb within layouts/application (Duration: 1.0ms | Allocations: 296)
  Rendered layout layouts/application.html.erb (Duration: 7.6ms | Allocations: 2814)
Completed 200 OK in 9ms (Views: 8.2ms | ActiveRecord: 0.0ms | Allocations: 3052)


Started POST "/home/generate" for ::1 at 2026-05-27 11:17:50 +0900
Processing by HomeController#generate as HTML
  Parameters: {"authenticity_token"=>"[FILTERED]", "prompt"=>""}
  Rendering layout layouts/application.html.erb
  Rendering home/generate.html.erb within layouts/application
  Rendered home/generate.html.erb within layouts/application (Duration: 0.1ms | Allocations: 7)
  Rendered layout layouts/application.html.erb (Duration: 2.7ms | Allocations: 1123)
Completed 200 OK in 5ms (Views: 3.5ms | ActiveRecord: 0.0ms | Allocations: 1581)


Started GET "/home/generate" for ::1 at 2026-05-27 11:18:17 +0900
  
ActionController::RoutingError (No route matches [GET] "/home/generate"):
  
Started GET "/home" for ::1 at 2026-05-27 11:18:19 +0900
Processing by HomeController#top as HTML
  Rendering layout layouts/application.html.erb
  Rendering home/top.html.erb within layouts/application
  Rendered home/top.html.erb within layouts/application (Duration: 0.9ms | Allocations: 302)
  Rendered layout layouts/application.html.erb (Duration: 2.8ms | Allocations: 1437)
Completed 200 OK in 4ms (Views: 3.3ms | ActiveRecord: 0.0ms | Allocations: 1677)


Started POST "/home/generate" for ::1 at 2026-05-27 11:18:28 +0900
Processing by HomeController#generate as HTML
  Parameters: {"authenticity_token"=>"[FILTERED]", "prompt"=>""}
  Rendering layout layouts/application.html.erb
  Rendering home/generate.html.erb within layouts/application
  Rendered home/generate.html.erb within layouts/application (Duration: 0.0ms | Allocations: 7)
  Rendered layout layouts/application.html.erb (Duration: 2.2ms | Allocations: 1123)
Completed 200 OK in 4ms (Views: 2.7ms | ActiveRecord: 0.0ms | Allocations: 1582)


Started GET "/home/generate" for ::1 at 2026-05-27 11:18:50 +0900
  
ActionController::RoutingError (No route matches [GET] "/home/generate"):
  
Started GET "/home" for ::1 at 2026-05-27 11:18:52 +0900
Processing by HomeController#top as HTML
  Rendering layout layouts/application.html.erb
  Rendering home/top.html.erb within layouts/application
  Rendered home/top.html.erb within layouts/application (Duration: 1.0ms | Allocations: 293)
  Rendered layout layouts/application.html.erb (Duration: 7.0ms | Allocations: 2804)
Completed 200 OK in 8ms (Views: 7.5ms | ActiveRecord: 0.0ms | Allocations: 3042)


Started POST "/home/generate" for ::1 at 2026-05-27 11:18:54 +0900
Processing by HomeController#generate as HTML
  Parameters: {"authenticity_token"=>"[FILTERED]", "prompt"=>""}
  Rendering layout layouts/application.html.erb
  Rendering home/generate.html.erb within layouts/application
  Rendered home/generate.html.erb within layouts/application (Duration: 0.0ms | Allocations: 7)
  Rendered layout layouts/application.html.erb (Duration: 2.1ms | Allocations: 1123)
Completed 200 OK in 4ms (Views: 2.7ms | ActiveRecord: 0.0ms | Allocations: 1590)


Started GET "/home/generate" for ::1 at 2026-05-27 11:20:52 +0900
  
ActionController::RoutingError (No route matches [GET] "/home/generate"):
  
Started GET "/home" for ::1 at 2026-05-27 11:20:53 +0900
Processing by HomeController#top as HTML
  Rendering layout layouts/application.html.erb
  Rendering home/top.html.erb within layouts/application
  Rendered home/top.html.erb within layouts/application (Duration: 1.3ms | Allocations: 488)
  Rendered layout layouts/application.html.erb (Duration: 12.6ms | Allocations: 19753)
Completed 200 OK in 15ms (Views: 14.2ms | ActiveRecord: 0.0ms | Allocations: 20603)


Started POST "/home/generate" for ::1 at 2026-05-27 11:20:55 +0900
Processing by HomeController#generate as HTML
  Parameters: {"authenticity_token"=>"[FILTERED]", "prompt"=>""}
  Rendering layout layouts/application.html.erb
  Rendering home/generate.html.erb within layouts/application
  Rendered home/generate.html.erb within layouts/application (Duration: 0.4ms | Allocations: 123)
  Rendered layout layouts/application.html.erb (Duration: 1.9ms | Allocations: 1241)
Completed 200 OK in 5ms (Views: 2.3ms | ActiveRecord: 0.0ms | Allocations: 1788)


Started GET "/home" for ::1 at 2026-05-27 11:20:56 +0900
Processing by HomeController#top as HTML
  Rendering layout layouts/application.html.erb
  Rendering home/top.html.erb within layouts/application
  Rendered home/top.html.erb within layouts/application (Duration: 0.9ms | Allocations: 302)
  Rendered layout layouts/application.html.erb (Duration: 3.0ms | Allocations: 1423)
Completed 200 OK in 4ms (Views: 3.6ms | ActiveRecord: 0.0ms | Allocations: 1660)


Started GET "/home" for ::1 at 2026-05-27 11:21:11 +0900
Processing by HomeController#top as HTML
  Rendering layout layouts/application.html.erb
  Rendering home/top.html.erb within layouts/application
  Rendered home/top.html.erb within layouts/application (Duration: 1.0ms | Allocations: 305)
  Rendered layout layouts/application.html.erb (Duration: 3.1ms | Allocations: 1426)
Completed 200 OK in 4ms (Views: 3.6ms | ActiveRecord: 0.0ms | Allocations: 1663)


Started GET "/home" for ::1 at 2026-05-27 11:21:33 +0900
Processing by HomeController#top as HTML
  Rendering layout layouts/application.html.erb
  Rendering home/top.html.erb within layouts/application
  Rendered home/top.html.erb within layouts/application (Duration: 1.0ms | Allocations: 299)
  Rendered layout layouts/application.html.erb (Duration: 3.2ms | Allocations: 1420)
Completed 200 OK in 4ms (Views: 3.7ms | ActiveRecord: 0.0ms | Allocations: 1657)


Started POST "/home/generate" for ::1 at 2026-05-27 11:21:40 +0900
Processing by HomeController#generate as HTML
  Parameters: {"authenticity_token"=>"[FILTERED]", "prompt"=>""}
  Rendering layout layouts/application.html.erb
  Rendering home/generate.html.erb within layouts/application
  Rendered home/generate.html.erb within layouts/application (Duration: 0.1ms | Allocations: 7)
  Rendered layout layouts/application.html.erb (Duration: 2.4ms | Allocations: 1123)
Completed 200 OK in 5ms (Views: 3.0ms | ActiveRecord: 0.0ms | Allocations: 1581)


Started GET "/home" for ::1 at 2026-05-27 11:21:41 +0900
Processing by HomeController#top as HTML
  Rendering layout layouts/application.html.erb
  Rendering home/top.html.erb within layouts/application
  Rendered home/top.html.erb within layouts/application (Duration: 1.1ms | Allocations: 296)
  Rendered layout layouts/application.html.erb (Duration: 3.5ms | Allocations: 1417)
Completed 200 OK in 5ms (Views: 4.1ms | ActiveRecord: 0.0ms | Allocations: 1654)


Started POST "/home/generate" for ::1 at 2026-05-27 11:21:44 +0900
Processing by HomeController#generate as HTML
  Parameters: {"authenticity_token"=>"[FILTERED]", "prompt"=>""}
  Rendering layout layouts/application.html.erb
  Rendering home/generate.html.erb within layouts/application
  Rendered home/generate.html.erb within layouts/application (Duration: 0.1ms | Allocations: 7)
  Rendered layout layouts/application.html.erb (Duration: 2.6ms | Allocations: 1123)
Completed 200 OK in 5ms (Views: 3.4ms | ActiveRecord: 0.0ms | Allocations: 1581)


Started GET "/home" for ::1 at 2026-05-27 11:22:14 +0900
Processing by HomeController#top as HTML
  Rendering layout layouts/application.html.erb
  Rendering home/top.html.erb within layouts/application
  Rendered home/top.html.erb within layouts/application (Duration: 1.0ms | Allocations: 305)
  Rendered layout layouts/application.html.erb (Duration: 3.2ms | Allocations: 1426)
Completed 200 OK in 5ms (Views: 3.8ms | ActiveRecord: 0.0ms | Allocations: 1663)


Started POST "/home/generate" for ::1 at 2026-05-27 11:22:17 +0900
Processing by HomeController#generate as HTML
  Parameters: {"authenticity_token"=>"[FILTERED]", "prompt"=>""}
  Rendering layout layouts/application.html.erb
  Rendering home/generate.html.erb within layouts/application
  Rendered home/generate.html.erb within layouts/application (Duration: 0.1ms | Allocations: 7)
  Rendered layout layouts/application.html.erb (Duration: 2.0ms | Allocations: 1123)
Completed 200 OK in 4ms (Views: 2.6ms | ActiveRecord: 0.0ms | Allocations: 1590)


Started GET "/home" for ::1 at 2026-05-27 11:22:18 +0900
Processing by HomeController#top as HTML
  Rendering layout layouts/application.html.erb
  Rendering home/top.html.erb within layouts/application
  Rendered home/top.html.erb within layouts/application (Duration: 0.9ms | Allocations: 281)
  Rendered layout layouts/application.html.erb (Duration: 2.7ms | Allocations: 1402)
Completed 200 OK in 4ms (Views: 3.3ms | ActiveRecord: 0.0ms | Allocations: 1639)


Started POST "/home/generate" for ::1 at 2026-05-27 11:22:46 +0900
Processing by HomeController#generate as HTML
  Parameters: {"authenticity_token"=>"[FILTERED]", "prompt"=>""}
  Rendering layout layouts/application.html.erb
  Rendering home/generate.html.erb within layouts/application
  Rendered home/generate.html.erb within layouts/application (Duration: 0.1ms | Allocations: 7)
  Rendered layout layouts/application.html.erb (Duration: 3.7ms | Allocations: 1137)
Completed 200 OK in 6ms (Views: 4.3ms | ActiveRecord: 0.0ms | Allocations: 1604)


Started POST "/home/generate" for ::1 at 2026-05-27 11:23:28 +0900
Processing by HomeController#generate as HTML
  Parameters: {"authenticity_token"=>"[FILTERED]", "prompt"=>""}
  Rendering layout layouts/application.html.erb
  Rendering home/generate.html.erb within layouts/application
  Rendered home/generate.html.erb within layouts/application (Duration: 0.1ms | Allocations: 7)
  Rendered layout layouts/application.html.erb (Duration: 3.5ms | Allocations: 1124)
Completed 200 OK in 6ms (Views: 4.1ms | ActiveRecord: 0.0ms | Allocations: 1619)


Started POST "/home/generate" for ::1 at 2026-05-27 11:28:14 +0900
Processing by HomeController#generate as HTML
  Parameters: {"authenticity_token"=>"[FILTERED]", "prompt"=>""}
  Rendering layout layouts/application.html.erb
  Rendering home/generate.html.erb within layouts/application
  Rendered home/generate.html.erb within layouts/application (Duration: 0.1ms | Allocations: 130)
  Rendered layout layouts/application.html.erb (Duration: 8.6ms | Allocations: 20789)
Completed 200 OK in 10ms (Views: 9.3ms | ActiveRecord: 0.0ms | Allocations: 21921)


Started POST "/home/generate" for ::1 at 2026-05-27 11:29:33 +0900
Processing by HomeController#generate as HTML
  Parameters: {"authenticity_token"=>"[FILTERED]", "prompt"=>""}
  Rendering layout layouts/application.html.erb
  Rendering home/generate.html.erb within layouts/application
  Rendered home/generate.html.erb within layouts/application (Duration: 0.0ms | Allocations: 7)
  Rendered layout layouts/application.html.erb (Duration: 5.1ms | Allocations: 2515)
Completed 200 OK in 7ms (Views: 5.5ms | ActiveRecord: 0.0ms | Allocations: 2980)


Started POST "/home/generate" for ::1 at 2026-05-27 11:38:54 +0900
Processing by HomeController#generate as HTML
  Parameters: {"authenticity_token"=>"[FILTERED]", "prompt"=>""}
  Rendering layout layouts/application.html.erb
  Rendering home/generate.html.erb within layouts/application
  Rendered home/generate.html.erb within layouts/application (Duration: 0.1ms | Allocations: 138)
  Rendered layout layouts/application.html.erb (Duration: 9.5ms | Allocations: 20863)
Completed 200 OK in 11ms (Views: 10.2ms | ActiveRecord: 0.0ms | Allocations: 22026)


Started POST "/home/generate" for ::1 at 2026-05-27 11:39:36 +0900
Processing by HomeController#generate as HTML
  Parameters: {"authenticity_token"=>"[FILTERED]", "prompt"=>""}
  Rendering layout layouts/application.html.erb
  Rendering home/generate.html.erb within layouts/application
  Rendered home/generate.html.erb within layouts/application (Duration: 0.1ms | Allocations: 140)
  Rendered layout layouts/application.html.erb (Duration: 7.6ms | Allocations: 20684)
Completed 200 OK in 9ms (Views: 8.2ms | ActiveRecord: 0.0ms | Allocations: 21813)


Started POST "/home/generate" for ::1 at 2026-05-27 11:41:16 +0900
Processing by HomeController#generate as HTML
  Parameters: {"authenticity_token"=>"[FILTERED]", "prompt"=>""}
  Rendering layout layouts/application.html.erb
  Rendering home/generate.html.erb within layouts/application
  Rendered home/generate.html.erb within layouts/application (Duration: 0.1ms | Allocations: 7)
  Rendered layout layouts/application.html.erb (Duration: 6.9ms | Allocations: 2547)
Completed 200 OK in 9ms (Views: 7.5ms | ActiveRecord: 0.0ms | Allocations: 3015)


Started POST "/home/generate" for ::1 at 2026-05-27 11:45:00 +0900
Processing by HomeController#generate as HTML
  Parameters: {"authenticity_token"=>"[FILTERED]", "prompt"=>""}
  Rendering layout layouts/application.html.erb
  Rendering home/generate.html.erb within layouts/application
  Rendered home/generate.html.erb within layouts/application (Duration: 0.1ms | Allocations: 7)
  Rendered layout layouts/application.html.erb (Duration: 7.5ms | Allocations: 2540)
Completed 200 OK in 10ms (Views: 8.1ms | ActiveRecord: 0.0ms | Allocations: 2999)


Started POST "/home/generate" for ::1 at 2026-05-27 11:46:28 +0900
Processing by HomeController#generate as HTML
  Parameters: {"authenticity_token"=>"[FILTERED]", "prompt"=>""}
  Rendering layout layouts/application.html.erb
  Rendering home/generate.html.erb within layouts/application
  Rendered home/generate.html.erb within layouts/application (Duration: 0.0ms | Allocations: 7)
  Rendered layout layouts/application.html.erb (Duration: 9.3ms | Allocations: 2536)
Completed 200 OK in 11ms (Views: 9.9ms | ActiveRecord: 0.0ms | Allocations: 2999)


Started POST "/home/generate" for ::1 at 2026-05-27 11:46:45 +0900
Processing by HomeController#generate as HTML
  Parameters: {"authenticity_token"=>"[FILTERED]", "prompt"=>""}
  Rendering layout layouts/application.html.erb
  Rendering home/generate.html.erb within layouts/application
  Rendered home/generate.html.erb within layouts/application (Duration: 0.1ms | Allocations: 7)
  Rendered layout layouts/application.html.erb (Duration: 8.1ms | Allocations: 2540)
Completed 200 OK in 12ms (Views: 8.9ms | ActiveRecord: 0.0ms | Allocations: 3014)


Started POST "/home/generate" for ::1 at 2026-05-27 11:47:25 +0900
Processing by HomeController#generate as HTML
  Parameters: {"authenticity_token"=>"[FILTERED]", "prompt"=>""}
  Rendering layout layouts/application.html.erb
  Rendering home/generate.html.erb within layouts/application
  Rendered home/generate.html.erb within layouts/application (Duration: 0.1ms | Allocations: 7)
  Rendered layout layouts/application.html.erb (Duration: 7.2ms | Allocations: 2542)
Completed 200 OK in 9ms (Views: 7.8ms | ActiveRecord: 0.0ms | Allocations: 2998)


Started POST "/home/generate" for ::1 at 2026-05-27 11:47:52 +0900
Processing by HomeController#generate as HTML
  Parameters: {"authenticity_token"=>"[FILTERED]", "prompt"=>""}
  Rendering layout layouts/application.html.erb
  Rendering home/generate.html.erb within layouts/application
  Rendered home/generate.html.erb within layouts/application (Duration: 0.1ms | Allocations: 7)
  Rendered layout layouts/application.html.erb (Duration: 7.7ms | Allocations: 2543)
Completed 200 OK in 11ms (Views: 8.5ms | ActiveRecord: 0.0ms | Allocations: 3008)


Started GET "/home" for ::1 at 2026-05-27 11:48:10 +0900
Processing by HomeController#top as HTML
  Rendering layout layouts/application.html.erb
  Rendering home/top.html.erb within layouts/application
  Rendered home/top.html.erb within layouts/application (Duration: 1.9ms | Allocations: 476)
  Rendered layout layouts/application.html.erb (Duration: 3.9ms | Allocations: 1597)
Completed 200 OK in 6ms (Views: 4.3ms | ActiveRecord: 0.0ms | Allocations: 1897)


Started POST "/home/generate" for ::1 at 2026-05-27 11:48:13 +0900
Processing by HomeController#generate as HTML
  Parameters: {"authenticity_token"=>"[FILTERED]", "prompt"=>""}
  Rendering layout layouts/application.html.erb
  Rendering home/generate.html.erb within layouts/application
  Rendered home/generate.html.erb within layouts/application (Duration: 0.1ms | Allocations: 7)
  Rendered layout layouts/application.html.erb (Duration: 2.4ms | Allocations: 1123)
Completed 200 OK in 4ms (Views: 3.0ms | ActiveRecord: 0.0ms | Allocations: 1597)


Started POST "/home/generate" for ::1 at 2026-05-27 11:49:08 +0900
Processing by HomeController#generate as HTML
  Parameters: {"authenticity_token"=>"[FILTERED]", "prompt"=>""}
  Rendering layout layouts/application.html.erb
  Rendering home/generate.html.erb within layouts/application
  Rendered home/generate.html.erb within layouts/application (Duration: 0.1ms | Allocations: 136)
  Rendered layout layouts/application.html.erb (Duration: 4.9ms | Allocations: 19396)
Completed 200 OK in 6ms (Views: 5.5ms | ActiveRecord: 0.0ms | Allocations: 20556)


Started POST "/home/generate" for ::1 at 2026-05-27 11:50:34 +0900
Processing by HomeController#generate as HTML
  Parameters: {"authenticity_token"=>"[FILTERED]", "prompt"=>""}
  Rendering layout layouts/application.html.erb
  Rendering home/generate.html.erb within layouts/application
  Rendered home/generate.html.erb within layouts/application (Duration: 0.1ms | Allocations: 7)
  Rendered layout layouts/application.html.erb (Duration: 7.6ms | Allocations: 2537)
Completed 200 OK in 10ms (Views: 8.4ms | ActiveRecord: 0.0ms | Allocations: 2999)


Started POST "/home/generate" for ::1 at 2026-05-27 11:50:45 +0900
Processing by HomeController#generate as HTML
  Parameters: {"authenticity_token"=>"[FILTERED]", "prompt"=>""}
  Rendering layout layouts/application.html.erb
  Rendering home/generate.html.erb within layouts/application
  Rendered home/generate.html.erb within layouts/application (Duration: 0.1ms | Allocations: 7)
  Rendered layout layouts/application.html.erb (Duration: 8.6ms | Allocations: 2560)
Completed 200 OK in 11ms (Views: 9.2ms | ActiveRecord: 0.0ms | Allocations: 3011)


Started POST "/home/generate" for ::1 at 2026-05-27 11:51:08 +0900
Processing by HomeController#generate as HTML
  Parameters: {"authenticity_token"=>"[FILTERED]", "prompt"=>""}
  Rendering layout layouts/application.html.erb
  Rendering home/generate.html.erb within layouts/application
  Rendered home/generate.html.erb within layouts/application (Duration: 0.1ms | Allocations: 7)
  Rendered layout layouts/application.html.erb (Duration: 8.1ms | Allocations: 2537)
Completed 200 OK in 10ms (Views: 8.8ms | ActiveRecord: 0.0ms | Allocations: 3002)


Started GET "/home" for ::1 at 2026-05-27 11:51:14 +0900
Processing by HomeController#top as HTML
  Rendering layout layouts/application.html.erb
  Rendering home/top.html.erb within layouts/application
  Rendered home/top.html.erb within layouts/application (Duration: 2.0ms | Allocations: 476)
  Rendered layout layouts/application.html.erb (Duration: 4.2ms | Allocations: 1597)
Completed 200 OK in 6ms (Views: 4.8ms | ActiveRecord: 0.0ms | Allocations: 1897)


Started POST "/home/generate" for ::1 at 2026-05-27 11:51:22 +0900
Processing by HomeController#generate as HTML
  Parameters: {"authenticity_token"=>"[FILTERED]", "prompt"=>""}
  Rendering layout layouts/application.html.erb
  Rendering home/generate.html.erb within layouts/application
  Rendered home/generate.html.erb within layouts/application (Duration: 0.1ms | Allocations: 7)
  Rendered layout layouts/application.html.erb (Duration: 2.5ms | Allocations: 1123)
Completed 200 OK in 5ms (Views: 3.5ms | ActiveRecord: 0.0ms | Allocations: 1591)


Started GET "/home" for ::1 at 2026-05-27 11:51:23 +0900
Processing by HomeController#top as HTML
  Rendering layout layouts/application.html.erb
  Rendering home/top.html.erb within layouts/application
  Rendered home/top.html.erb within layouts/application (Duration: 0.9ms | Allocations: 299)
  Rendered layout layouts/application.html.erb (Duration: 3.0ms | Allocations: 1420)
Completed 200 OK in 4ms (Views: 3.6ms | ActiveRecord: 0.0ms | Allocations: 1659)


Started GET "/home" for ::1 at 2026-05-27 11:56:18 +0900
Processing by HomeController#top as HTML
  Rendering layout layouts/application.html.erb
  Rendering home/top.html.erb within layouts/application
  Rendered home/top.html.erb within layouts/application (Duration: 1.9ms | Allocations: 296)
  Rendered layout layouts/application.html.erb (Duration: 11.7ms | Allocations: 2831)
Completed 200 OK in 13ms (Views: 12.4ms | ActiveRecord: 0.0ms | Allocations: 3069)


Started POST "/home/generate" for ::1 at 2026-05-27 11:56:21 +0900
Processing by HomeController#generate as HTML
  Parameters: {"authenticity_token"=>"[FILTERED]", "prompt"=>""}
  Rendering layout layouts/application.html.erb
  Rendering home/generate.html.erb within layouts/application
  Rendered home/generate.html.erb within layouts/application (Duration: 0.1ms | Allocations: 7)
  Rendered layout layouts/application.html.erb (Duration: 2.2ms | Allocations: 1123)
Completed 200 OK in 4ms (Views: 2.7ms | ActiveRecord: 0.0ms | Allocations: 1585)


Started GET "/home" for ::1 at 2026-05-27 11:56:29 +0900
Processing by HomeController#top as HTML
  Rendering layout layouts/application.html.erb
  Rendering home/top.html.erb within layouts/application
  Rendered home/top.html.erb within layouts/application (Duration: 0.6ms | Allocations: 284)
  Rendered layout layouts/application.html.erb (Duration: 2.5ms | Allocations: 1405)
Completed 200 OK in 3ms (Views: 2.9ms | ActiveRecord: 0.0ms | Allocations: 1643)


Started POST "/home/generate" for ::1 at 2026-05-27 11:56:33 +0900
Processing by HomeController#generate as HTML
  Parameters: {"authenticity_token"=>"[FILTERED]", "prompt"=>""}
  Rendering layout layouts/application.html.erb
  Rendering home/generate.html.erb within layouts/application
  Rendered home/generate.html.erb within layouts/application (Duration: 0.0ms | Allocations: 7)
  Rendered layout layouts/application.html.erb (Duration: 3.9ms | Allocations: 1123)
Completed 200 OK in 6ms (Views: 4.5ms | ActiveRecord: 0.0ms | Allocations: 1588)


Started GET "/home" for ::1 at 2026-05-27 11:56:37 +0900
Processing by HomeController#top as HTML
  Rendering layout layouts/application.html.erb
  Rendering home/top.html.erb within layouts/application
  Rendered home/top.html.erb within layouts/application (Duration: 1.0ms | Allocations: 290)
  Rendered layout layouts/application.html.erb (Duration: 3.2ms | Allocations: 1411)
Completed 200 OK in 5ms (Views: 3.9ms | ActiveRecord: 0.0ms | Allocations: 1649)


Started POST "/home/generate" for ::1 at 2026-05-27 11:56:46 +0900
Processing by HomeController#generate as HTML
  Parameters: {"authenticity_token"=>"[FILTERED]", "prompt"=>""}
  Rendering layout layouts/application.html.erb
  Rendering home/generate.html.erb within layouts/application
  Rendered home/generate.html.erb within layouts/application (Duration: 0.1ms | Allocations: 7)
  Rendered layout layouts/application.html.erb (Duration: 2.3ms | Allocations: 1123)
Completed 200 OK in 4ms (Views: 2.9ms | ActiveRecord: 0.0ms | Allocations: 1615)


Started GET "/home" for ::1 at 2026-05-27 11:58:46 +0900
Processing by HomeController#top as HTML
  Rendering layout layouts/application.html.erb
  Rendering home/top.html.erb within layouts/application
  Rendered home/top.html.erb within layouts/application (Duration: 0.5ms | Allocations: 290)
  Rendered layout layouts/application.html.erb (Duration: 9.7ms | Allocations: 2833)
Completed 200 OK in 11ms (Views: 10.1ms | ActiveRecord: 0.0ms | Allocations: 3071)


Started POST "/home/generate" for ::1 at 2026-05-27 11:58:48 +0900
Processing by HomeController#generate as HTML
  Parameters: {"authenticity_token"=>"[FILTERED]", "prompt"=>""}
  Rendering layout layouts/application.html.erb
  Rendering home/generate.html.erb within layouts/application
  Rendered home/generate.html.erb within layouts/application (Duration: 0.0ms | Allocations: 7)
  Rendered layout layouts/application.html.erb (Duration: 2.1ms | Allocations: 1124)
Completed 200 OK in 4ms (Views: 2.6ms | ActiveRecord: 0.0ms | Allocations: 1613)


Started POST "/home/generate" for ::1 at 2026-05-27 11:59:13 +0900
Processing by HomeController#generate as HTML
  Parameters: {"authenticity_token"=>"[FILTERED]", "prompt"=>""}
  Rendering layout layouts/application.html.erb
  Rendering home/generate.html.erb within layouts/application
  Rendered home/generate.html.erb within layouts/application (Duration: 0.0ms | Allocations: 7)
  Rendered layout layouts/application.html.erb (Duration: 6.6ms | Allocations: 2545)
Completed 200 OK in 8ms (Views: 7.0ms | ActiveRecord: 0.0ms | Allocations: 3019)


Started GET "/home" for ::1 at 2026-05-27 11:59:16 +0900
Processing by HomeController#top as HTML
  Rendering layout layouts/application.html.erb
  Rendering home/top.html.erb within layouts/application
  Rendered home/top.html.erb within layouts/application (Duration: 1.2ms | Allocations: 272)
  Rendered layout layouts/application.html.erb (Duration: 3.8ms | Allocations: 1393)
Completed 200 OK in 5ms (Views: 4.5ms | ActiveRecord: 0.0ms | Allocations: 1632)


Started POST "/home/generate" for ::1 at 2026-05-27 11:59:17 +0900
Processing by HomeController#generate as HTML
  Parameters: {"authenticity_token"=>"[FILTERED]", "prompt"=>""}
  Rendering layout layouts/application.html.erb
  Rendering home/generate.html.erb within layouts/application
  Rendered home/generate.html.erb within layouts/application (Duration: 0.1ms | Allocations: 7)
  Rendered layout layouts/application.html.erb (Duration: 2.9ms | Allocations: 1123)
Completed 200 OK in 5ms (Views: 3.5ms | ActiveRecord: 0.0ms | Allocations: 1591)


Started GET "/home" for ::1 at 2026-05-27 11:59:21 +0900
Processing by HomeController#top as HTML
  Rendering layout layouts/application.html.erb
  Rendering home/top.html.erb within layouts/application
  Rendered home/top.html.erb within layouts/application (Duration: 1.1ms | Allocations: 287)
  Rendered layout layouts/application.html.erb (Duration: 3.4ms | Allocations: 1408)
Completed 200 OK in 5ms (Views: 4.0ms | ActiveRecord: 0.0ms | Allocations: 1646)


Started POST "/home/generate" for ::1 at 2026-05-27 11:59:22 +0900
Processing by HomeController#generate as HTML
  Parameters: {"authenticity_token"=>"[FILTERED]", "prompt"=>""}
  Rendering layout layouts/application.html.erb
  Rendering home/generate.html.erb within layouts/application
  Rendered home/generate.html.erb within layouts/application (Duration: 0.1ms | Allocations: 7)
  Rendered layout layouts/application.html.erb (Duration: 2.9ms | Allocations: 1123)
Completed 200 OK in 5ms (Views: 3.7ms | ActiveRecord: 0.0ms | Allocations: 1576)


Started GET "/home" for ::1 at 2026-05-27 11:59:58 +0900
Processing by HomeController#top as HTML
  Rendering layout layouts/application.html.erb
  Rendering home/top.html.erb within layouts/application
  Rendered home/top.html.erb within layouts/application (Duration: 1.0ms | Allocations: 305)
  Rendered layout layouts/application.html.erb (Duration: 3.3ms | Allocations: 1426)
Completed 200 OK in 5ms (Views: 3.9ms | ActiveRecord: 0.0ms | Allocations: 1664)


Started GET "/home" for ::1 at 2026-05-27 12:00:34 +0900
Processing by HomeController#top as HTML
  Rendering layout layouts/application.html.erb
  Rendering home/top.html.erb within layouts/application
  Rendered home/top.html.erb within layouts/application (Duration: 1.1ms | Allocations: 299)
  Rendered layout layouts/application.html.erb (Duration: 10.5ms | Allocations: 2858)
Completed 200 OK in 12ms (Views: 11.2ms | ActiveRecord: 0.0ms | Allocations: 3097)


Started POST "/home/generate" for ::1 at 2026-05-27 12:00:40 +0900
Processing by HomeController#generate as HTML
  Parameters: {"authenticity_token"=>"[FILTERED]", "prompt"=>""}
  Rendering layout layouts/application.html.erb
  Rendering home/generate.html.erb within layouts/application
  Rendered home/generate.html.erb within layouts/application (Duration: 0.1ms | Allocations: 7)
  Rendered layout layouts/application.html.erb (Duration: 2.6ms | Allocations: 1123)
Completed 200 OK in 5ms (Views: 3.3ms | ActiveRecord: 0.0ms | Allocations: 1606)


Started GET "/home" for ::1 at 2026-05-27 12:00:42 +0900
Processing by HomeController#top as HTML
  Rendering layout layouts/application.html.erb
  Rendering home/top.html.erb within layouts/application
  Rendered home/top.html.erb within layouts/application (Duration: 1.1ms | Allocations: 293)
  Rendered layout layouts/application.html.erb (Duration: 3.3ms | Allocations: 1421)
Completed 200 OK in 4ms (Views: 3.8ms | ActiveRecord: 0.0ms | Allocations: 1659)


Started POST "/home/generate" for ::1 at 2026-05-27 12:01:35 +0900
Processing by HomeController#generate as HTML
  Parameters: {"authenticity_token"=>"[FILTERED]", "prompt"=>""}
  Rendering layout layouts/application.html.erb
  Rendering home/generate.html.erb within layouts/application
  Rendered home/generate.html.erb within layouts/application (Duration: 0.1ms | Allocations: 7)
  Rendered layout layouts/application.html.erb (Duration: 2.1ms | Allocations: 1123)
Completed 200 OK in 4ms (Views: 2.7ms | ActiveRecord: 0.0ms | Allocations: 1582)


Started GET "/home" for ::1 at 2026-05-27 12:01:39 +0900
Processing by HomeController#top as HTML
  Rendering layout layouts/application.html.erb
  Rendering home/top.html.erb within layouts/application
  Rendered home/top.html.erb within layouts/application (Duration: 1.1ms | Allocations: 296)
  Rendered layout layouts/application.html.erb (Duration: 3.2ms | Allocations: 1417)
Completed 200 OK in 5ms (Views: 4.3ms | ActiveRecord: 0.0ms | Allocations: 1655)


Started POST "/home/generate" for ::1 at 2026-05-27 12:02:28 +0900
Processing by HomeController#generate as HTML
  Parameters: {"authenticity_token"=>"[FILTERED]", "prompt"=>""}
  Rendering layout layouts/application.html.erb
  Rendering home/generate.html.erb within layouts/application
  Rendered home/generate.html.erb within layouts/application (Duration: 0.1ms | Allocations: 7)
  Rendered layout layouts/application.html.erb (Duration: 2.5ms | Allocations: 1123)
Completed 200 OK in 5ms (Views: 3.1ms | ActiveRecord: 0.0ms | Allocations: 1601)


Started GET "/home/generate" for ::1 at 2026-05-27 13:06:12 +0900
  [1m[36mActiveRecord::SchemaMigration Load (0.0ms)[0m  [1m[34mSELECT "schema_migrations"."version" FROM "schema_migrations" ORDER BY "schema_migrations"."version" ASC[0m
  
ActionController::RoutingError (No route matches [GET] "/home/generate"):
  
Started GET "/home/generate" for ::1 at 2026-05-27 13:06:14 +0900
  
ActionController::RoutingError (No route matches [GET] "/home/generate"):
  
Started GET "/home" for ::1 at 2026-05-27 13:06:18 +0900
Processing by HomeController#top as HTML
  Rendering layout layouts/application.html.erb
  Rendering home/top.html.erb within layouts/application
  Rendered home/top.html.erb within layouts/application (Duration: 2.0ms | Allocations: 598)
  Rendered layout layouts/application.html.erb (Duration: 70.6ms | Allocations: 48310)
Completed 200 OK in 76ms (Views: 72.3ms | ActiveRecord: 0.0ms | Allocations: 50127)


Started POST "/home/generate" for ::1 at 2026-05-27 13:06:20 +0900
Processing by HomeController#generate as HTML
  Parameters: {"authenticity_token"=>"[FILTERED]", "prompt"=>""}
  Rendering layout layouts/application.html.erb
  Rendering home/generate.html.erb within layouts/application
  Rendered home/generate.html.erb within layouts/application (Duration: 0.8ms | Allocations: 143)
  Rendered layout layouts/application.html.erb (Duration: 2.7ms | Allocations: 1316)
Completed 200 OK in 5ms (Views: 3.1ms | ActiveRecord: 0.0ms | Allocations: 1913)


Started GET "/play/input-member" for ::1 at 2026-05-27 13:06:21 +0900
  
SyntaxError (/Users/hashimoto/Githubrepo/AI-generated-sugoroku/AI-generated-sugoroku/framework/app/controllers/play_controller.rb:2: syntax error, unexpected '-', expecting ';' or '\n'
    def input-member
             ^
/Users/hashimoto/Githubrepo/AI-generated-sugoroku/AI-generated-sugoroku/framework/app/controllers/play_controller.rb:5: syntax error, unexpected `end'):
  
app/controllers/play_controller.rb:2: syntax error, unexpected '-', expecting ';' or '\n'
app/controllers/play_controller.rb:5: syntax error, unexpected `end'
Started GET "/" for ::1 at 2026-05-27 13:07:53 +0900
Processing by Rails::WelcomeController#index as HTML
  Rendering /Users/hashimoto/.rbenv/versions/3.2.2/lib/ruby/gems/3.2.0/gems/railties-7.1.6/lib/rails/templates/rails/welcome/index.html.erb
  Rendered /Users/hashimoto/.rbenv/versions/3.2.2/lib/ruby/gems/3.2.0/gems/railties-7.1.6/lib/rails/templates/rails/welcome/index.html.erb (Duration: 0.3ms | Allocations: 270)
Completed 200 OK in 1ms (Views: 0.5ms | ActiveRecord: 0.0ms | Allocations: 1052)


Started GET "/home" for ::1 at 2026-05-27 13:07:55 +0900
Processing by HomeController#top as HTML
  Rendering layout layouts/application.html.erb
  Rendering home/top.html.erb within layouts/application
  Rendered home/top.html.erb within layouts/application (Duration: 1.3ms | Allocations: 483)
  Rendered layout layouts/application.html.erb (Duration: 14.8ms | Allocations: 19828)
Completed 200 OK in 18ms (Views: 16.5ms | ActiveRecord: 0.0ms | Allocations: 20662)


Started POST "/home/generate" for ::1 at 2026-05-27 13:07:57 +0900
Processing by HomeController#generate as HTML
  Parameters: {"authenticity_token"=>"[FILTERED]", "prompt"=>""}
  Rendering layout layouts/application.html.erb
  Rendering home/generate.html.erb within layouts/application
  Rendered home/generate.html.erb within layouts/application (Duration: 0.7ms | Allocations: 137)
  Rendered layout layouts/application.html.erb (Duration: 3.1ms | Allocations: 1310)
Completed 200 OK in 6ms (Views: 3.7ms | ActiveRecord: 0.0ms | Allocations: 1865)


Started GET "/play/input-member" for ::1 at 2026-05-27 13:07:58 +0900
  
AbstractController::ActionNotFound (The action 'input-member' could not be found for PlayController):
  
actionpack (7.1.6) lib/abstract_controller/base.rb:155:in `process'
actionview (7.1.6) lib/action_view/rendering.rb:40:in `process'
actionpack (7.1.6) lib/action_controller/metal.rb:227:in `dispatch'
actionpack (7.1.6) lib/action_controller/metal.rb:309:in `dispatch'
actionpack (7.1.6) lib/action_dispatch/routing/route_set.rb:49:in `dispatch'
actionpack (7.1.6) lib/action_dispatch/routing/route_set.rb:32:in `serve'
actionpack (7.1.6) lib/action_dispatch/journey/router.rb:51:in `block in serve'
actionpack (7.1.6) lib/action_dispatch/journey/router.rb:131:in `block in find_routes'
actionpack (7.1.6) lib/action_dispatch/journey/router.rb:124:in `each'
actionpack (7.1.6) lib/action_dispatch/journey/router.rb:124:in `find_routes'
actionpack (7.1.6) lib/action_dispatch/journey/router.rb:32:in `serve'
actionpack (7.1.6) lib/action_dispatch/routing/route_set.rb:882:in `call'
rack (3.2.6) lib/rack/tempfile_reaper.rb:20:in `call'
rack (3.2.6) lib/rack/etag.rb:29:in `call'
rack (3.2.6) lib/rack/conditional_get.rb:31:in `call'
rack (3.2.6) lib/rack/head.rb:15:in `call'
actionpack (7.1.6) lib/action_dispatch/http/permissions_policy.rb:36:in `call'
actionpack (7.1.6) lib/action_dispatch/http/content_security_policy.rb:36:in `call'
rack-session (2.1.2) lib/rack/session/abstract/id.rb:274:in `context'
rack-session (2.1.2) lib/rack/session/abstract/id.rb:268:in `call'
actionpack (7.1.6) lib/action_dispatch/middleware/cookies.rb:689:in `call'
activerecord (7.1.6) lib/active_record/migration.rb:655:in `call'
actionpack (7.1.6) lib/action_dispatch/middleware/callbacks.rb:29:in `block in call'
activesupport (7.1.6) lib/active_support/callbacks.rb:101:in `run_callbacks'
actionpack (7.1.6) lib/action_dispatch/middleware/callbacks.rb:28:in `call'
actionpack (7.1.6) lib/action_dispatch/middleware/executor.rb:14:in `call'
actionpack (7.1.6) lib/action_dispatch/middleware/actionable_exceptions.rb:16:in `call'
actionpack (7.1.6) lib/action_dispatch/middleware/debug_exceptions.rb:29:in `call'
web-console (4.2.1) lib/web_console/middleware.rb:132:in `call_app'
web-console (4.2.1) lib/web_console/middleware.rb:28:in `block in call'
web-console (4.2.1) lib/web_console/middleware.rb:17:in `catch'
web-console (4.2.1) lib/web_console/middleware.rb:17:in `call'
actionpack (7.1.6) lib/action_dispatch/middleware/show_exceptions.rb:31:in `call'
railties (7.1.6) lib/rails/rack/logger.rb:37:in `call_app'
railties (7.1.6) lib/rails/rack/logger.rb:24:in `block in call'
activesupport (7.1.6) lib/active_support/tagged_logging.rb:139:in `block in tagged'
activesupport (7.1.6) lib/active_support/tagged_logging.rb:39:in `tagged'
activesupport (7.1.6) lib/active_support/tagged_logging.rb:139:in `tagged'
activesupport (7.1.6) lib/active_support/broadcast_logger.rb:241:in `method_missing'
railties (7.1.6) lib/rails/rack/logger.rb:24:in `call'
sprockets-rails (3.5.2) lib/sprockets/rails/quiet_assets.rb:17:in `call'
actionpack (7.1.6) lib/action_dispatch/middleware/remote_ip.rb:92:in `call'
actionpack (7.1.6) lib/action_dispatch/middleware/request_id.rb:28:in `call'
rack (3.2.6) lib/rack/method_override.rb:28:in `call'
rack (3.2.6) lib/rack/runtime.rb:24:in `call'
activesupport (7.1.6) lib/active_support/cache/strategy/local_cache_middleware.rb:29:in `call'
actionpack (7.1.6) lib/action_dispatch/middleware/server_timing.rb:59:in `block in call'
actionpack (7.1.6) lib/action_dispatch/middleware/server_timing.rb:24:in `collect_events'
actionpack (7.1.6) lib/action_dispatch/middleware/server_timing.rb:58:in `call'
actionpack (7.1.6) lib/action_dispatch/middleware/executor.rb:14:in `call'
actionpack (7.1.6) lib/action_dispatch/middleware/static.rb:25:in `call'
rack (3.2.6) lib/rack/sendfile.rb:131:in `call'
actionpack (7.1.6) lib/action_dispatch/middleware/host_authorization.rb:141:in `call'
railties (7.1.6) lib/rails/engine.rb:536:in `call'
puma (8.0.1) lib/puma/configuration.rb:305:in `call'
puma (8.0.1) lib/puma/response.rb:79:in `block in handle_request'
puma (8.0.1) lib/puma/thread_pool.rb:434:in `with_force_shutdown'
puma (8.0.1) lib/puma/response.rb:78:in `handle_request'
puma (8.0.1) lib/puma/server.rb:508:in `process_client'
puma (8.0.1) lib/puma/server.rb:263:in `block in run'
puma (8.0.1) lib/puma/thread_pool.rb:246:in `block in spawn_thread'
Started GET "/" for ::1 at 2026-05-27 13:08:30 +0900
Processing by Rails::WelcomeController#index as HTML
  Rendering /Users/hashimoto/.rbenv/versions/3.2.2/lib/ruby/gems/3.2.0/gems/railties-7.1.6/lib/rails/templates/rails/welcome/index.html.erb
  Rendered /Users/hashimoto/.rbenv/versions/3.2.2/lib/ruby/gems/3.2.0/gems/railties-7.1.6/lib/rails/templates/rails/welcome/index.html.erb (Duration: 0.3ms | Allocations: 261)
Completed 200 OK in 1ms (Views: 0.6ms | ActiveRecord: 0.0ms | Allocations: 888)


Started GET "/home" for ::1 at 2026-05-27 13:08:31 +0900
Processing by HomeController#top as HTML
  Rendering layout layouts/application.html.erb
  Rendering home/top.html.erb within layouts/application
  Rendered home/top.html.erb within layouts/application (Duration: 1.3ms | Allocations: 487)
  Rendered layout layouts/application.html.erb (Duration: 11.7ms | Allocations: 19831)
Completed 200 OK in 14ms (Views: 13.3ms | ActiveRecord: 0.0ms | Allocations: 20659)


Started GET "/home" for ::1 at 2026-05-27 13:08:35 +0900
Processing by HomeController#top as HTML
  Rendering layout layouts/application.html.erb
  Rendering home/top.html.erb within layouts/application
  Rendered home/top.html.erb within layouts/application (Duration: 0.9ms | Allocations: 284)
  Rendered layout layouts/application.html.erb (Duration: 2.9ms | Allocations: 1460)
Completed 200 OK in 4ms (Views: 3.5ms | ActiveRecord: 0.0ms | Allocations: 1697)


Started POST "/home/generate" for ::1 at 2026-05-27 13:08:36 +0900
Processing by HomeController#generate as HTML
  Parameters: {"authenticity_token"=>"[FILTERED]", "prompt"=>""}
  Rendering layout layouts/application.html.erb
  Rendering home/generate.html.erb within layouts/application
  Rendered home/generate.html.erb within layouts/application (Duration: 0.6ms | Allocations: 137)
  Rendered layout layouts/application.html.erb (Duration: 3.0ms | Allocations: 1310)
Completed 200 OK in 6ms (Views: 3.6ms | ActiveRecord: 0.0ms | Allocations: 1845)


Started GET "/play/input-member" for ::1 at 2026-05-27 13:08:37 +0900
Processing by PlayController#input_member as HTML
  Rendering layout layouts/application.html.erb
  Rendering play/input_member.html.erb within layouts/application
  Rendered play/input_member.html.erb within layouts/application (Duration: 0.6ms | Allocations: 94)
  Rendered layout layouts/application.html.erb (Duration: 3.4ms | Allocations: 1470)
Completed 200 OK in 7ms (Views: 4.8ms | ActiveRecord: 0.0ms | Allocations: 1915)


Started GET "/home" for ::1 at 2026-05-27 13:09:07 +0900
Processing by HomeController#top as HTML
  Rendering layout layouts/application.html.erb
  Rendering home/top.html.erb within layouts/application
  Rendered home/top.html.erb within layouts/application (Duration: 1.4ms | Allocations: 302)
  Rendered layout layouts/application.html.erb (Duration: 4.1ms | Allocations: 1478)
Completed 200 OK in 6ms (Views: 5.0ms | ActiveRecord: 0.0ms | Allocations: 1715)


Started POST "/home/generate" for ::1 at 2026-05-27 13:09:10 +0900
Processing by HomeController#generate as HTML
  Parameters: {"authenticity_token"=>"[FILTERED]", "prompt"=>""}
  Rendering layout layouts/application.html.erb
  Rendering home/generate.html.erb within layouts/application
  Rendered home/generate.html.erb within layouts/application (Duration: 0.1ms | Allocations: 7)
  Rendered layout layouts/application.html.erb (Duration: 1.9ms | Allocations: 1181)
Completed 200 OK in 4ms (Views: 2.4ms | ActiveRecord: 0.0ms | Allocations: 1651)


Started GET "/home" for ::1 at 2026-05-27 13:09:11 +0900
Processing by HomeController#top as HTML
  Rendering layout layouts/application.html.erb
  Rendering home/top.html.erb within layouts/application
  Rendered home/top.html.erb within layouts/application (Duration: 1.1ms | Allocations: 302)
  Rendered layout layouts/application.html.erb (Duration: 3.2ms | Allocations: 1478)
Completed 200 OK in 4ms (Views: 3.6ms | ActiveRecord: 0.0ms | Allocations: 1715)


Started POST "/home/generate" for ::1 at 2026-05-27 13:48:49 +0900
Processing by HomeController#generate as HTML
  Parameters: {"authenticity_token"=>"[FILTERED]", "prompt"=>""}
  Rendering layout layouts/application.html.erb
  Rendering home/generate.html.erb within layouts/application
  Rendered home/generate.html.erb within layouts/application (Duration: 0.2ms | Allocations: 145)
  Rendered layout layouts/application.html.erb (Duration: 10.2ms | Allocations: 21952)
Completed 200 OK in 18ms (Views: 11.0ms | ActiveRecord: 0.0ms | Allocations: 23101)


Started GET "/play/input-member" for ::1 at 2026-05-27 13:48:51 +0900
Processing by PlayController#input_member as HTML
Completed 406 Not Acceptable in 2ms (ActiveRecord: 0.0ms | Allocations: 842)


  
ActionController::MissingExactTemplate (PlayController#input_member is missing a template for request formats: text/html):
  
actionpack (7.1.6) lib/action_controller/metal/implicit_render.rb:47:in `default_render'
actionpack (7.1.6) lib/action_controller/metal/basic_implicit_render.rb:7:in `send_action'
actionpack (7.1.6) lib/abstract_controller/base.rb:224:in `process_action'
actionpack (7.1.6) lib/action_controller/metal/rendering.rb:165:in `process_action'
actionpack (7.1.6) lib/abstract_controller/callbacks.rb:259:in `block in process_action'
activesupport (7.1.6) lib/active_support/callbacks.rb:121:in `block in run_callbacks'
turbo-rails (2.0.23) lib/turbo-rails.rb:24:in `with_request_id'
turbo-rails (2.0.23) app/controllers/concerns/turbo/request_id_tracking.rb:10:in `turbo_tracking_request_id'
activesupport (7.1.6) lib/active_support/callbacks.rb:130:in `block in run_callbacks'
actiontext (7.1.6) lib/action_text/rendering.rb:23:in `with_renderer'
actiontext (7.1.6) lib/action_text/engine.rb:69:in `block (4 levels) in <class:Engine>'
activesupport (7.1.6) lib/active_support/callbacks.rb:130:in `instance_exec'
activesupport (7.1.6) lib/active_support/callbacks.rb:130:in `block in run_callbacks'
activesupport (7.1.6) lib/active_support/callbacks.rb:141:in `run_callbacks'
actionpack (7.1.6) lib/abstract_controller/callbacks.rb:258:in `process_action'
actionpack (7.1.6) lib/action_controller/metal/rescue.rb:25:in `process_action'
actionpack (7.1.6) lib/action_controller/metal/instrumentation.rb:74:in `block in process_action'
activesupport (7.1.6) lib/active_support/notifications.rb:206:in `block in instrument'
activesupport (7.1.6) lib/active_support/notifications/instrumenter.rb:58:in `instrument'
activesupport (7.1.6) lib/active_support/notifications.rb:206:in `instrument'
actionpack (7.1.6) lib/action_controller/metal/instrumentation.rb:73:in `process_action'
actionpack (7.1.6) lib/action_controller/metal/params_wrapper.rb:261:in `process_action'
activerecord (7.1.6) lib/active_record/railties/controller_runtime.rb:32:in `process_action'
actionpack (7.1.6) lib/abstract_controller/base.rb:160:in `process'
actionview (7.1.6) lib/action_view/rendering.rb:40:in `process'
actionpack (7.1.6) lib/action_controller/metal.rb:227:in `dispatch'
actionpack (7.1.6) lib/action_controller/metal.rb:309:in `dispatch'
actionpack (7.1.6) lib/action_dispatch/routing/route_set.rb:49:in `dispatch'
actionpack (7.1.6) lib/action_dispatch/routing/route_set.rb:32:in `serve'
actionpack (7.1.6) lib/action_dispatch/journey/router.rb:51:in `block in serve'
actionpack (7.1.6) lib/action_dispatch/journey/router.rb:131:in `block in find_routes'
actionpack (7.1.6) lib/action_dispatch/journey/router.rb:124:in `each'
actionpack (7.1.6) lib/action_dispatch/journey/router.rb:124:in `find_routes'
actionpack (7.1.6) lib/action_dispatch/journey/router.rb:32:in `serve'
actionpack (7.1.6) lib/action_dispatch/routing/route_set.rb:882:in `call'
rack (3.2.6) lib/rack/tempfile_reaper.rb:20:in `call'
rack (3.2.6) lib/rack/etag.rb:29:in `call'
rack (3.2.6) lib/rack/conditional_get.rb:31:in `call'
rack (3.2.6) lib/rack/head.rb:15:in `call'
actionpack (7.1.6) lib/action_dispatch/http/permissions_policy.rb:36:in `call'
actionpack (7.1.6) lib/action_dispatch/http/content_security_policy.rb:36:in `call'
rack-session (2.1.2) lib/rack/session/abstract/id.rb:274:in `context'
rack-session (2.1.2) lib/rack/session/abstract/id.rb:268:in `call'
actionpack (7.1.6) lib/action_dispatch/middleware/cookies.rb:689:in `call'
activerecord (7.1.6) lib/active_record/migration.rb:655:in `call'
actionpack (7.1.6) lib/action_dispatch/middleware/callbacks.rb:29:in `block in call'
activesupport (7.1.6) lib/active_support/callbacks.rb:101:in `run_callbacks'
actionpack (7.1.6) lib/action_dispatch/middleware/callbacks.rb:28:in `call'
actionpack (7.1.6) lib/action_dispatch/middleware/executor.rb:14:in `call'
actionpack (7.1.6) lib/action_dispatch/middleware/actionable_exceptions.rb:16:in `call'
actionpack (7.1.6) lib/action_dispatch/middleware/debug_exceptions.rb:29:in `call'
web-console (4.2.1) lib/web_console/middleware.rb:132:in `call_app'
web-console (4.2.1) lib/web_console/middleware.rb:28:in `block in call'
web-console (4.2.1) lib/web_console/middleware.rb:17:in `catch'
web-console (4.2.1) lib/web_console/middleware.rb:17:in `call'
actionpack (7.1.6) lib/action_dispatch/middleware/show_exceptions.rb:31:in `call'
railties (7.1.6) lib/rails/rack/logger.rb:37:in `call_app'
railties (7.1.6) lib/rails/rack/logger.rb:24:in `block in call'
activesupport (7.1.6) lib/active_support/tagged_logging.rb:139:in `block in tagged'
activesupport (7.1.6) lib/active_support/tagged_logging.rb:39:in `tagged'
activesupport (7.1.6) lib/active_support/tagged_logging.rb:139:in `tagged'
activesupport (7.1.6) lib/active_support/broadcast_logger.rb:241:in `method_missing'
railties (7.1.6) lib/rails/rack/logger.rb:24:in `call'
sprockets-rails (3.5.2) lib/sprockets/rails/quiet_assets.rb:17:in `call'
actionpack (7.1.6) lib/action_dispatch/middleware/remote_ip.rb:92:in `call'
actionpack (7.1.6) lib/action_dispatch/middleware/request_id.rb:28:in `call'
rack (3.2.6) lib/rack/method_override.rb:28:in `call'
rack (3.2.6) lib/rack/runtime.rb:24:in `call'
activesupport (7.1.6) lib/active_support/cache/strategy/local_cache_middleware.rb:29:in `call'
actionpack (7.1.6) lib/action_dispatch/middleware/server_timing.rb:59:in `block in call'
actionpack (7.1.6) lib/action_dispatch/middleware/server_timing.rb:24:in `collect_events'
actionpack (7.1.6) lib/action_dispatch/middleware/server_timing.rb:58:in `call'
actionpack (7.1.6) lib/action_dispatch/middleware/executor.rb:14:in `call'
actionpack (7.1.6) lib/action_dispatch/middleware/static.rb:25:in `call'
rack (3.2.6) lib/rack/sendfile.rb:131:in `call'
actionpack (7.1.6) lib/action_dispatch/middleware/host_authorization.rb:141:in `call'
railties (7.1.6) lib/rails/engine.rb:536:in `call'
puma (8.0.1) lib/puma/configuration.rb:305:in `call'
puma (8.0.1) lib/puma/response.rb:79:in `block in handle_request'
puma (8.0.1) lib/puma/thread_pool.rb:434:in `with_force_shutdown'
puma (8.0.1) lib/puma/response.rb:78:in `handle_request'
puma (8.0.1) lib/puma/server.rb:508:in `process_client'
puma (8.0.1) lib/puma/server.rb:263:in `block in run'
puma (8.0.1) lib/puma/thread_pool.rb:246:in `block in spawn_thread'
Started GET "/play/input-member" for ::1 at 2026-05-27 13:49:38 +0900
Processing by PlayController#input_member as HTML
Completed 406 Not Acceptable in 0ms (ActiveRecord: 0.0ms | Allocations: 792)


  
ActionController::MissingExactTemplate (PlayController#input_member is missing a template for request formats: text/html):
  
actionpack (7.1.6) lib/action_controller/metal/implicit_render.rb:47:in `default_render'
actionpack (7.1.6) lib/action_controller/metal/basic_implicit_render.rb:7:in `send_action'
actionpack (7.1.6) lib/abstract_controller/base.rb:224:in `process_action'
actionpack (7.1.6) lib/action_controller/metal/rendering.rb:165:in `process_action'
actionpack (7.1.6) lib/abstract_controller/callbacks.rb:259:in `block in process_action'
activesupport (7.1.6) lib/active_support/callbacks.rb:121:in `block in run_callbacks'
turbo-rails (2.0.23) lib/turbo-rails.rb:24:in `with_request_id'
turbo-rails (2.0.23) app/controllers/concerns/turbo/request_id_tracking.rb:10:in `turbo_tracking_request_id'
activesupport (7.1.6) lib/active_support/callbacks.rb:130:in `block in run_callbacks'
actiontext (7.1.6) lib/action_text/rendering.rb:23:in `with_renderer'
actiontext (7.1.6) lib/action_text/engine.rb:69:in `block (4 levels) in <class:Engine>'
activesupport (7.1.6) lib/active_support/callbacks.rb:130:in `instance_exec'
activesupport (7.1.6) lib/active_support/callbacks.rb:130:in `block in run_callbacks'
activesupport (7.1.6) lib/active_support/callbacks.rb:141:in `run_callbacks'
actionpack (7.1.6) lib/abstract_controller/callbacks.rb:258:in `process_action'
actionpack (7.1.6) lib/action_controller/metal/rescue.rb:25:in `process_action'
actionpack (7.1.6) lib/action_controller/metal/instrumentation.rb:74:in `block in process_action'
activesupport (7.1.6) lib/active_support/notifications.rb:206:in `block in instrument'
activesupport (7.1.6) lib/active_support/notifications/instrumenter.rb:58:in `instrument'
activesupport (7.1.6) lib/active_support/notifications.rb:206:in `instrument'
actionpack (7.1.6) lib/action_controller/metal/instrumentation.rb:73:in `process_action'
actionpack (7.1.6) lib/action_controller/metal/params_wrapper.rb:261:in `process_action'
activerecord (7.1.6) lib/active_record/railties/controller_runtime.rb:32:in `process_action'
actionpack (7.1.6) lib/abstract_controller/base.rb:160:in `process'
actionview (7.1.6) lib/action_view/rendering.rb:40:in `process'
actionpack (7.1.6) lib/action_controller/metal.rb:227:in `dispatch'
actionpack (7.1.6) lib/action_controller/metal.rb:309:in `dispatch'
actionpack (7.1.6) lib/action_dispatch/routing/route_set.rb:49:in `dispatch'
actionpack (7.1.6) lib/action_dispatch/routing/route_set.rb:32:in `serve'
actionpack (7.1.6) lib/action_dispatch/journey/router.rb:51:in `block in serve'
actionpack (7.1.6) lib/action_dispatch/journey/router.rb:131:in `block in find_routes'
actionpack (7.1.6) lib/action_dispatch/journey/router.rb:124:in `each'
actionpack (7.1.6) lib/action_dispatch/journey/router.rb:124:in `find_routes'
actionpack (7.1.6) lib/action_dispatch/journey/router.rb:32:in `serve'
actionpack (7.1.6) lib/action_dispatch/routing/route_set.rb:882:in `call'
rack (3.2.6) lib/rack/tempfile_reaper.rb:20:in `call'
rack (3.2.6) lib/rack/etag.rb:29:in `call'
rack (3.2.6) lib/rack/conditional_get.rb:31:in `call'
rack (3.2.6) lib/rack/head.rb:15:in `call'
actionpack (7.1.6) lib/action_dispatch/http/permissions_policy.rb:36:in `call'
actionpack (7.1.6) lib/action_dispatch/http/content_security_policy.rb:36:in `call'
rack-session (2.1.2) lib/rack/session/abstract/id.rb:274:in `context'
rack-session (2.1.2) lib/rack/session/abstract/id.rb:268:in `call'
actionpack (7.1.6) lib/action_dispatch/middleware/cookies.rb:689:in `call'
activerecord (7.1.6) lib/active_record/migration.rb:655:in `call'
actionpack (7.1.6) lib/action_dispatch/middleware/callbacks.rb:29:in `block in call'
activesupport (7.1.6) lib/active_support/callbacks.rb:101:in `run_callbacks'
actionpack (7.1.6) lib/action_dispatch/middleware/callbacks.rb:28:in `call'
actionpack (7.1.6) lib/action_dispatch/middleware/executor.rb:14:in `call'
actionpack (7.1.6) lib/action_dispatch/middleware/actionable_exceptions.rb:16:in `call'
actionpack (7.1.6) lib/action_dispatch/middleware/debug_exceptions.rb:29:in `call'
web-console (4.2.1) lib/web_console/middleware.rb:132:in `call_app'
web-console (4.2.1) lib/web_console/middleware.rb:28:in `block in call'
web-console (4.2.1) lib/web_console/middleware.rb:17:in `catch'
web-console (4.2.1) lib/web_console/middleware.rb:17:in `call'
actionpack (7.1.6) lib/action_dispatch/middleware/show_exceptions.rb:31:in `call'
railties (7.1.6) lib/rails/rack/logger.rb:37:in `call_app'
railties (7.1.6) lib/rails/rack/logger.rb:24:in `block in call'
activesupport (7.1.6) lib/active_support/tagged_logging.rb:139:in `block in tagged'
activesupport (7.1.6) lib/active_support/tagged_logging.rb:39:in `tagged'
activesupport (7.1.6) lib/active_support/tagged_logging.rb:139:in `tagged'
activesupport (7.1.6) lib/active_support/broadcast_logger.rb:241:in `method_missing'
railties (7.1.6) lib/rails/rack/logger.rb:24:in `call'
sprockets-rails (3.5.2) lib/sprockets/rails/quiet_assets.rb:17:in `call'
actionpack (7.1.6) lib/action_dispatch/middleware/remote_ip.rb:92:in `call'
actionpack (7.1.6) lib/action_dispatch/middleware/request_id.rb:28:in `call'
rack (3.2.6) lib/rack/method_override.rb:28:in `call'
rack (3.2.6) lib/rack/runtime.rb:24:in `call'
activesupport (7.1.6) lib/active_support/cache/strategy/local_cache_middleware.rb:29:in `call'
actionpack (7.1.6) lib/action_dispatch/middleware/server_timing.rb:59:in `block in call'
actionpack (7.1.6) lib/action_dispatch/middleware/server_timing.rb:24:in `collect_events'
actionpack (7.1.6) lib/action_dispatch/middleware/server_timing.rb:58:in `call'
actionpack (7.1.6) lib/action_dispatch/middleware/executor.rb:14:in `call'
actionpack (7.1.6) lib/action_dispatch/middleware/static.rb:25:in `call'
rack (3.2.6) lib/rack/sendfile.rb:131:in `call'
actionpack (7.1.6) lib/action_dispatch/middleware/host_authorization.rb:141:in `call'
railties (7.1.6) lib/rails/engine.rb:536:in `call'
puma (8.0.1) lib/puma/configuration.rb:305:in `call'
puma (8.0.1) lib/puma/response.rb:79:in `block in handle_request'
puma (8.0.1) lib/puma/thread_pool.rb:434:in `with_force_shutdown'
puma (8.0.1) lib/puma/response.rb:78:in `handle_request'
puma (8.0.1) lib/puma/server.rb:508:in `process_client'
puma (8.0.1) lib/puma/server.rb:263:in `block in run'
puma (8.0.1) lib/puma/thread_pool.rb:246:in `block in spawn_thread'
Started GET "/" for ::1 at 2026-05-27 13:49:40 +0900
Processing by Rails::WelcomeController#index as HTML
  Rendering /Users/hashimoto/.rbenv/versions/3.2.2/lib/ruby/gems/3.2.0/gems/railties-7.1.6/lib/rails/templates/rails/welcome/index.html.erb
  Rendered /Users/hashimoto/.rbenv/versions/3.2.2/lib/ruby/gems/3.2.0/gems/railties-7.1.6/lib/rails/templates/rails/welcome/index.html.erb (Duration: 0.8ms | Allocations: 261)
Completed 200 OK in 4ms (Views: 2.1ms | ActiveRecord: 0.0ms | Allocations: 847)


Started GET "/" for ::1 at 2026-05-27 13:49:42 +0900
Processing by Rails::WelcomeController#index as HTML
  Rendering /Users/hashimoto/.rbenv/versions/3.2.2/lib/ruby/gems/3.2.0/gems/railties-7.1.6/lib/rails/templates/rails/welcome/index.html.erb
  Rendered /Users/hashimoto/.rbenv/versions/3.2.2/lib/ruby/gems/3.2.0/gems/railties-7.1.6/lib/rails/templates/rails/welcome/index.html.erb (Duration: 0.1ms | Allocations: 13)
Completed 200 OK in 1ms (Views: 0.6ms | ActiveRecord: 0.0ms | Allocations: 203)


Started GET "/home" for ::1 at 2026-05-27 13:49:43 +0900
Processing by HomeController#top as HTML
  Rendering layout layouts/application.html.erb
  Rendering home/top.html.erb within layouts/application
  Rendered home/top.html.erb within layouts/application (Duration: 1.6ms | Allocations: 463)
  Rendered layout layouts/application.html.erb (Duration: 15.3ms | Allocations: 19810)
Completed 200 OK in 19ms (Views: 17.3ms | ActiveRecord: 0.0ms | Allocations: 20633)


Started POST "/home/generate" for ::1 at 2026-05-27 13:49:45 +0900
Processing by HomeController#generate as HTML
  Parameters: {"authenticity_token"=>"[FILTERED]", "prompt"=>""}
  Rendering layout layouts/application.html.erb
  Rendering home/generate.html.erb within layouts/application
  Rendered home/generate.html.erb within layouts/application (Duration: 0.6ms | Allocations: 138)
  Rendered layout layouts/application.html.erb (Duration: 3.1ms | Allocations: 1313)
Completed 200 OK in 6ms (Views: 3.6ms | ActiveRecord: 0.0ms | Allocations: 1860)


Started GET "/play" for ::1 at 2026-05-27 13:49:49 +0900
Processing by PlayController#top as HTML
  Rendering layout layouts/application.html.erb
  Rendering play/top.html.erb within layouts/application
  Rendered play/top.html.erb within layouts/application (Duration: 0.6ms | Allocations: 109)
  Rendered layout layouts/application.html.erb (Duration: 3.5ms | Allocations: 1487)
Completed 200 OK in 6ms (Views: 4.8ms | ActiveRecord: 0.0ms | Allocations: 1901)


Started GET "/play" for ::1 at 2026-05-27 14:02:42 +0900
Processing by PlayController#top as HTML
  Rendering layout layouts/application.html.erb
  Rendering play/top.html.erb within layouts/application
  Rendered play/top.html.erb within layouts/application (Duration: 0.0ms | Allocations: 7)
  Rendered layout layouts/application.html.erb (Duration: 9.0ms | Allocations: 3897)
Completed 200 OK in 10ms (Views: 9.5ms | ActiveRecord: 0.0ms | Allocations: 4134)


Started GET "/play" for ::1 at 2026-05-27 14:03:03 +0900
Processing by PlayController#top as HTML
  Rendering layout layouts/application.html.erb
  Rendering play/top.html.erb within layouts/application
  Rendered play/top.html.erb within layouts/application (Duration: 0.0ms | Allocations: 7)
  Rendered layout layouts/application.html.erb (Duration: 11.9ms | Allocations: 3903)
Completed 200 OK in 14ms (Views: 12.7ms | ActiveRecord: 0.0ms | Allocations: 4140)


Started GET "/play" for ::1 at 2026-05-27 14:18:13 +0900
Processing by PlayController#top as HTML
  Rendering layout layouts/application.html.erb
  Rendering play/top.html.erb within layouts/application
  Rendered play/top.html.erb within layouts/application (Duration: 0.1ms | Allocations: 120)
  Rendered layout layouts/application.html.erb (Duration: 8.6ms | Allocations: 19712)
Completed 200 OK in 10ms (Views: 9.2ms | ActiveRecord: 0.0ms | Allocations: 20606)


Started GET "/play" for ::1 at 2026-05-27 14:18:28 +0900
Processing by PlayController#top as HTML
  Rendering layout layouts/application.html.erb
  Rendering play/top.html.erb within layouts/application
  Rendered play/top.html.erb within layouts/application (Duration: 0.1ms | Allocations: 7)
  Rendered layout layouts/application.html.erb (Duration: 4.0ms | Allocations: 1364)
Completed 200 OK in 6ms (Views: 4.7ms | ActiveRecord: 0.0ms | Allocations: 1602)


Started GET "/play" for ::1 at 2026-05-27 14:18:32 +0900
Processing by PlayController#top as HTML
  Rendering layout layouts/application.html.erb
  Rendering play/top.html.erb within layouts/application
  Rendered play/top.html.erb within layouts/application (Duration: 0.1ms | Allocations: 7)
  Rendered layout layouts/application.html.erb (Duration: 3.3ms | Allocations: 1388)
Completed 200 OK in 5ms (Views: 3.9ms | ActiveRecord: 0.0ms | Allocations: 1626)


Started GET "/play" for ::1 at 2026-05-27 14:37:36 +0900
Processing by PlayController#top as HTML
  Rendering layout layouts/application.html.erb
  Rendering play/top.html.erb within layouts/application
  Rendered play/top.html.erb within layouts/application (Duration: 0.2ms | Allocations: 123)
  Rendered layout layouts/application.html.erb (Duration: 10.9ms | Allocations: 22141)
Completed 200 OK in 12ms (Views: 11.5ms | ActiveRecord: 0.0ms | Allocations: 23037)


Started GET "/play" for ::1 at 2026-05-27 14:37:50 +0900
Processing by PlayController#top as HTML
  Rendering layout layouts/application.html.erb
  Rendering play/top.html.erb within layouts/application
  Rendered play/top.html.erb within layouts/application (Duration: 0.1ms | Allocations: 129)
  Rendered layout layouts/application.html.erb (Duration: 5.7ms | Allocations: 19681)
Completed 200 OK in 7ms (Views: 6.3ms | ActiveRecord: 0.0ms | Allocations: 20579)


Started GET "/play" for ::1 at 2026-05-27 14:40:24 +0900
Processing by PlayController#top as HTML
  Rendering layout layouts/application.html.erb
  Rendering play/top.html.erb within layouts/application
  Rendered play/top.html.erb within layouts/application (Duration: 0.0ms | Allocations: 7)
  Rendered layout layouts/application.html.erb (Duration: 13.4ms | Allocations: 3925)
Completed 200 OK in 15ms (Views: 14.0ms | ActiveRecord: 0.0ms | Allocations: 4163)


Started GET "/play" for ::1 at 2026-05-27 14:41:27 +0900
Processing by PlayController#top as HTML
  Rendering layout layouts/application.html.erb
  Rendering play/top.html.erb within layouts/application
  Rendered play/top.html.erb within layouts/application (Duration: 0.1ms | Allocations: 127)
  Rendered layout layouts/application.html.erb (Duration: 5.5ms | Allocations: 19515)
Completed 200 OK in 6ms (Views: 6.1ms | ActiveRecord: 0.0ms | Allocations: 20408)


Started GET "/play" for ::1 at 2026-05-27 14:42:17 +0900
Processing by PlayController#top as HTML
  Rendering layout layouts/application.html.erb
  Rendering play/top.html.erb within layouts/application
  Rendered play/top.html.erb within layouts/application (Duration: 0.1ms | Allocations: 7)
  Rendered layout layouts/application.html.erb (Duration: 17.3ms | Allocations: 3936)
Completed 200 OK in 19ms (Views: 18.0ms | ActiveRecord: 0.0ms | Allocations: 4174)


Started GET "/play" for ::1 at 2026-05-27 14:43:21 +0900
Processing by PlayController#top as HTML
  Rendering layout layouts/application.html.erb
  Rendering play/top.html.erb within layouts/application
  Rendered play/top.html.erb within layouts/application (Duration: 0.0ms | Allocations: 7)
  Rendered layout layouts/application.html.erb (Duration: 14.6ms | Allocations: 3919)
Completed 200 OK in 16ms (Views: 15.4ms | ActiveRecord: 0.0ms | Allocations: 4157)


Started GET "/" for 127.0.0.1 at 2026-05-27 17:14:46 +0900
  [1m[36mActiveRecord::SchemaMigration Load (0.2ms)[0m  [1m[34mSELECT "schema_migrations"."version" FROM "schema_migrations" ORDER BY "schema_migrations"."version" ASC[0m
Processing by Rails::WelcomeController#index as HTML
  Rendering /home/akane/.rbenv/versions/4.0.4/lib/ruby/gems/4.0.0/gems/railties-7.1.6/lib/rails/templates/rails/welcome/index.html.erb
  Rendered /home/akane/.rbenv/versions/4.0.4/lib/ruby/gems/4.0.0/gems/railties-7.1.6/lib/rails/templates/rails/welcome/index.html.erb (Duration: 1.3ms | Allocations: 342)
Completed 200 OK in 39ms (Views: 13.1ms | ActiveRecord: 0.0ms | Allocations: 6957)


Started GET "/home" for 127.0.0.1 at 2026-05-27 17:15:27 +0900
Processing by HomeController#top as HTML
  Rendering layout layouts/application.html.erb
  Rendering home/top.html.erb within layouts/application
  Rendered home/top.html.erb within layouts/application (Duration: 8.4ms | Allocations: 620)
  Rendered layout layouts/application.html.erb (Duration: 593.4ms | Allocations: 101734)
Completed 200 OK in 599ms (Views: 597.2ms | ActiveRecord: 0.0ms | Allocations: 102607)


Started POST "/home/generate" for 127.0.0.1 at 2026-05-27 17:15:30 +0900
Processing by HomeController#generate as HTML
  Parameters: {"authenticity_token" => "[FILTERED]", "prompt" => ""}
  Rendering layout layouts/application.html.erb
  Rendering home/generate.html.erb within layouts/application
  Rendered home/generate.html.erb within layouts/application (Duration: 0.9ms | Allocations: 124)
  Rendered layout layouts/application.html.erb (Duration: 4.3ms | Allocations: 1150)
Completed 200 OK in 24ms (Views: 5.8ms | ActiveRecord: 0.0ms | Allocations: 3700)


Started GET "/play" for 127.0.0.1 at 2026-05-27 17:15:31 +0900
Processing by PlayController#top as HTML
  Rendering layout layouts/application.html.erb
  Rendering play/top.html.erb within layouts/application
  Rendered play/top.html.erb within layouts/application (Duration: 1.0ms | Allocations: 113)
  Rendered layout layouts/application.html.erb (Duration: 5.9ms | Allocations: 1279)
Completed 200 OK in 17ms (Views: 8.0ms | ActiveRecord: 0.0ms | Allocations: 1694)


Started GET "/" for 127.0.0.1 at 2026-05-27 17:21:54 +0900
  [1m[36mActiveRecord::SchemaMigration Load (0.4ms)[0m  [1m[34mSELECT "schema_migrations"."version" FROM "schema_migrations" ORDER BY "schema_migrations"."version" ASC[0m
Processing by Rails::WelcomeController#index as HTML
  Rendering /home/akane/.rbenv/versions/4.0.4/lib/ruby/gems/4.0.0/gems/railties-7.1.6/lib/rails/templates/rails/welcome/index.html.erb
  Rendered /home/akane/.rbenv/versions/4.0.4/lib/ruby/gems/4.0.0/gems/railties-7.1.6/lib/rails/templates/rails/welcome/index.html.erb (Duration: 1.9ms | Allocations: 342)
Completed 200 OK in 28ms (Views: 9.3ms | ActiveRecord: 0.0ms | Allocations: 4131)


Started GET "/home" for 127.0.0.1 at 2026-05-27 17:21:57 +0900
Processing by HomeController#top as HTML
  Rendering layout layouts/application.html.erb
  Rendering home/top.html.erb within layouts/application
  Rendered home/top.html.erb within layouts/application (Duration: 5.8ms | Allocations: 620)
  Rendered layout layouts/application.html.erb (Duration: 304.9ms | Allocations: 31895)
Completed 200 OK in 309ms (Views: 308.1ms | ActiveRecord: 0.0ms | Allocations: 32768)


  [1m[36mActiveRecord::InternalMetadata Load (0.9ms)[0m  [1m[34mSELECT * FROM "ar_internal_metadata" WHERE "ar_internal_metadata"."key" = ? ORDER BY "ar_internal_metadata"."key" ASC LIMIT 1[0m  [[nil, "environment"]]
  [1m[36mActiveRecord::InternalMetadata Create (5.8ms)[0m  [1m[32mINSERT INTO "ar_internal_metadata" ("key", "value", "created_at", "updated_at") VALUES ('environment', 'development', '2026-05-28 01:26:52.733786', '2026-05-28 01:26:52.733791') RETURNING "key"[0m
  [1m[36mActiveRecord::SchemaMigration Load (0.1ms)[0m  [1m[34mSELECT "schema_migrations"."version" FROM "schema_migrations" ORDER BY "schema_migrations"."version" ASC[0m
Migrating to CreateMaps (20260528011846)
  [1m[36mTRANSACTION (0.1ms)[0m  [1m[36mbegin transaction[0m
  [1m[35m (1.5ms)[0m  [1m[35mCREATE TABLE "maps" ("id" integer PRIMARY KEY AUTOINCREMENT NOT NULL, "map_name" varchar, "num_of_squares" integer, "created_at" datetime(6) NOT NULL, "updated_at" datetime(6) NOT NULL)[0m
  [1m[36mActiveRecord::SchemaMigration Create (0.2ms)[0m  [1m[32mINSERT INTO "schema_migrations" ("version") VALUES ('20260528011846') RETURNING "version"[0m
  [1m[36mTRANSACTION (0.3ms)[0m  [1m[36mcommit transaction[0m
Migrating to CreateGames (20260528012355)
  [1m[36mTRANSACTION (0.1ms)[0m  [1m[36mbegin transaction[0m
  [1m[35m (1.4ms)[0m  [1m[35mCREATE TABLE "games" ("id" integer PRIMARY KEY AUTOINCREMENT NOT NULL, "map_id" integer NOT NULL, "num_of_players" integer, "current_turn" integer, "created_at" datetime(6) NOT NULL, "updated_at" datetime(6) NOT NULL, CONSTRAINT "fk_rails_d8a74d8f3f"
FOREIGN KEY ("map_id")
  REFERENCES "maps" ("id")
)[0m
  [1m[35m (0.2ms)[0m  [1m[35mCREATE INDEX "index_games_on_map_id" ON "games" ("map_id")[0m
  [1m[36mActiveRecord::SchemaMigration Create (0.3ms)[0m  [1m[32mINSERT INTO "schema_migrations" ("version") VALUES ('20260528012355') RETURNING "version"[0m
  [1m[36mTRANSACTION (0.3ms)[0m  [1m[36mcommit transaction[0m
Migrating to CreateUsers (20260528012426)
  [1m[36mTRANSACTION (0.1ms)[0m  [1m[36mbegin transaction[0m
  [1m[35m (1.8ms)[0m  [1m[35mCREATE TABLE "users" ("id" integer PRIMARY KEY AUTOINCREMENT NOT NULL, "uname" varchar, "password_digest" varchar, "created_at" datetime(6) NOT NULL, "updated_at" datetime(6) NOT NULL)[0m
  [1m[36mActiveRecord::SchemaMigration Create (0.9ms)[0m  [1m[32mINSERT INTO "schema_migrations" ("version") VALUES ('20260528012426') RETURNING "version"[0m
  [1m[36mTRANSACTION (0.4ms)[0m  [1m[36mcommit transaction[0m
Migrating to CreatePlayers (20260528012538)
  [1m[36mTRANSACTION (0.1ms)[0m  [1m[36mbegin transaction[0m
  [1m[35m (1.5ms)[0m  [1m[35mCREATE TABLE "players" ("id" integer PRIMARY KEY AUTOINCREMENT NOT NULL, "game_id" integer NOT NULL, "pname" varchar, "user_id" integer NOT NULL, "curr_position" integer, "ucolor" varchar, "string" varchar, "status" boolean, "turn_skip" integer, "turn_order" integer, "created_at" datetime(6) NOT NULL, "updated_at" datetime(6) NOT NULL, CONSTRAINT "fk_rails_d71756309d"
FOREIGN KEY ("game_id")
  REFERENCES "games" ("id")
, CONSTRAINT "fk_rails_224cac07ce"
FOREIGN KEY ("user_id")
  REFERENCES "users" ("id")
)[0m
  [1m[35m (0.1ms)[0m  [1m[35mCREATE INDEX "index_players_on_game_id" ON "players" ("game_id")[0m
  [1m[35m (0.2ms)[0m  [1m[35mCREATE INDEX "index_players_on_user_id" ON "players" ("user_id")[0m
  [1m[36mActiveRecord::SchemaMigration Create (0.2ms)[0m  [1m[32mINSERT INTO "schema_migrations" ("version") VALUES ('20260528012538') RETURNING "version"[0m
  [1m[36mTRANSACTION (0.3ms)[0m  [1m[36mcommit transaction[0m
Migrating to CreateSquares (20260528012620)
  [1m[36mTRANSACTION (0.1ms)[0m  [1m[36mbegin transaction[0m
  [1m[35m (11.0ms)[0m  [1m[35mCREATE TABLE "squares" ("id" integer PRIMARY KEY AUTOINCREMENT NOT NULL, "map_id" integer NOT NULL, "position" integer, "square_type" varchar, "square_text" varchar, "effect" varchar, "value" integer, "created_at" datetime(6) NOT NULL, "updated_at" datetime(6) NOT NULL, CONSTRAINT "fk_rails_400129d7a3"
FOREIGN KEY ("map_id")
  REFERENCES "maps" ("id")
)[0m
  [1m[35m (0.2ms)[0m  [1m[35mCREATE INDEX "index_squares_on_map_id" ON "squares" ("map_id")[0m
  [1m[36mActiveRecord::SchemaMigration Create (0.3ms)[0m  [1m[32mINSERT INTO "schema_migrations" ("version") VALUES ('20260528012620') RETURNING "version"[0m
  [1m[36mTRANSACTION (0.4ms)[0m  [1m[36mcommit transaction[0m
  [1m[36mActiveRecord::SchemaMigration Load (0.1ms)[0m  [1m[34mSELECT "schema_migrations"."version" FROM "schema_migrations" ORDER BY "schema_migrations"."version" ASC[0m
  [1m[36mActiveRecord::InternalMetadata Load (0.7ms)[0m  [1m[34mSELECT * FROM "ar_internal_metadata" WHERE "ar_internal_metadata"."key" = ? ORDER BY "ar_internal_metadata"."key" ASC LIMIT 1[0m  [[nil, "environment"]]
  [1m[36mActiveRecord::SchemaMigration Load (0.1ms)[0m  [1m[34mSELECT "schema_migrations"."version" FROM "schema_migrations" ORDER BY "schema_migrations"."version" ASC[0m
Migrating to AddStatusToGames (20260528022041)
  [1m[36mTRANSACTION (0.1ms)[0m  [1m[36mbegin transaction[0m
  [1m[35m (1.9ms)[0m  [1m[35mALTER TABLE "games" ADD "game_status" integer[0m
  [1m[36mActiveRecord::SchemaMigration Create (0.1ms)[0m  [1m[32mINSERT INTO "schema_migrations" ("version") VALUES ('20260528022041') RETURNING "version"[0m
  [1m[36mTRANSACTION (3.7ms)[0m  [1m[36mcommit transaction[0m
  [1m[36mActiveRecord::SchemaMigration Load (0.1ms)[0m  [1m[34mSELECT "schema_migrations"."version" FROM "schema_migrations" ORDER BY "schema_migrations"."version" ASC[0m
  [1m[36mActiveRecord::InternalMetadata Load (0.6ms)[0m  [1m[34mSELECT * FROM "ar_internal_metadata" WHERE "ar_internal_metadata"."key" = ? ORDER BY "ar_internal_metadata"."key" ASC LIMIT 1[0m  [[nil, "environment"]]
  [1m[36mActiveRecord::SchemaMigration Load (0.4ms)[0m  [1m[34mSELECT "schema_migrations"."version" FROM "schema_migrations" ORDER BY "schema_migrations"."version" ASC[0m
Migrating to AddCurrentPlayerToGames (20260528063528)
  [1m[36mTRANSACTION (0.1ms)[0m  [1m[36mbegin transaction[0m
  [1m[35m (2.2ms)[0m  [1m[35mALTER TABLE "games" ADD "current_player" integer[0m
  [1m[36mActiveRecord::SchemaMigration Create (0.2ms)[0m  [1m[32mINSERT INTO "schema_migrations" ("version") VALUES ('20260528063528') RETURNING "version"[0m
  [1m[36mTRANSACTION (4.5ms)[0m  [1m[36mcommit transaction[0m
  [1m[36mActiveRecord::SchemaMigration Load (0.1ms)[0m  [1m[34mSELECT "schema_migrations"."version" FROM "schema_migrations" ORDER BY "schema_migrations"."version" ASC[0m
  [1m[36mActiveRecord::InternalMetadata Load (0.8ms)[0m  [1m[34mSELECT * FROM "ar_internal_metadata" WHERE "ar_internal_metadata"."key" = ? ORDER BY "ar_internal_metadata"."key" ASC LIMIT 1[0m  [[nil, "environment"]]
  [1m[36mActiveRecord::SchemaMigration Load (0.2ms)[0m  [1m[34mSELECT "schema_migrations"."version" FROM "schema_migrations" ORDER BY "schema_migrations"."version" ASC[0m
Migrating to AddModeToGames (20260528080609)
  [1m[36mTRANSACTION (0.1ms)[0m  [1m[36mbegin transaction[0m
  [1m[35m (6.1ms)[0m  [1m[35mALTER TABLE "games" ADD "mode" integer[0m
  [1m[36mActiveRecord::SchemaMigration Create (0.4ms)[0m  [1m[32mINSERT INTO "schema_migrations" ("version") VALUES ('20260528080609') RETURNING "version"[0m
  [1m[36mTRANSACTION (33.8ms)[0m  [1m[36mcommit transaction[0m
  [1m[36mActiveRecord::SchemaMigration Load (0.1ms)[0m  [1m[34mSELECT "schema_migrations"."version" FROM "schema_migrations" ORDER BY "schema_migrations"."version" ASC[0m
  [1m[36mActiveRecord::InternalMetadata Load (0.3ms)[0m  [1m[34mSELECT * FROM "ar_internal_metadata" WHERE "ar_internal_metadata"."key" = ? ORDER BY "ar_internal_metadata"."key" ASC LIMIT 1[0m  [[nil, "environment"]]
  [1m[36mActiveRecord::SchemaMigration Load (0.0ms)[0m  [1m[34mSELECT "schema_migrations"."version" FROM "schema_migrations" ORDER BY "schema_migrations"."version" ASC[0m
  [1m[36mActiveRecord::SchemaMigration Load (0.0ms)[0m  [1m[34mSELECT "schema_migrations"."version" FROM "schema_migrations" ORDER BY "schema_migrations"."version" ASC[0m
Started GET "/" for ::1 at 2026-05-31 20:26:17 +0900
  [1m[36mActiveRecord::SchemaMigration Load (0.1ms)[0m  [1m[34mSELECT "schema_migrations"."version" FROM "schema_migrations" ORDER BY "schema_migrations"."version" ASC[0m
Processing by Rails::WelcomeController#index as HTML
  Rendering /Users/JCLee/.rbenv/versions/4.0.4/lib/ruby/gems/4.0.0/gems/railties-7.1.6/lib/rails/templates/rails/welcome/index.html.erb
  Rendered /Users/JCLee/.rbenv/versions/4.0.4/lib/ruby/gems/4.0.0/gems/railties-7.1.6/lib/rails/templates/rails/welcome/index.html.erb (Duration: 0.2ms | Allocations: 342)
Completed 200 OK in 10ms (Views: 3.0ms | ActiveRecord: 0.0ms | Allocations: 6956)


Started GET "/home" for ::1 at 2026-06-02 12:40:41 +0900
Processing by HomeController#top as HTML
  Rendering layout layouts/application.html.erb
  Rendering home/top.html.erb within layouts/application
  Rendered home/top.html.erb within layouts/application (Duration: 2.4ms | Allocations: 659)
  Rendered layout layouts/application.html.erb (Duration: 1064.2ms | Allocations: 99662)
Completed 200 OK in 1067ms (Views: 1066.0ms | ActiveRecord: 0.0ms | Allocations: 100539)


Started POST "/home/generate" for ::1 at 2026-06-02 12:40:49 +0900
Processing by HomeController#generate as HTML
  Parameters: {"authenticity_token" => "[FILTERED]", "prompt" => "jljl"}
  Rendering layout layouts/application.html.erb
  Rendering home/generate.html.erb within layouts/application
  Rendered home/generate.html.erb within layouts/application (Duration: 0.3ms | Allocations: 125)
  Rendered layout layouts/application.html.erb (Duration: 1.2ms | Allocations: 1157)
Completed 200 OK in 11ms (Views: 1.6ms | ActiveRecord: 0.0ms | Allocations: 3708)


Started GET "/play" for ::1 at 2026-06-02 12:40:52 +0900
Processing by PlayController#top as HTML
  Rendering layout layouts/application.html.erb
  Rendering play/top.html.erb within layouts/application
  Rendered play/top.html.erb within layouts/application (Duration: 0.2ms | Allocations: 113)
  Rendered layout layouts/application.html.erb (Duration: 1.2ms | Allocations: 1304)
Completed 200 OK in 2ms (Views: 1.7ms | ActiveRecord: 0.0ms | Allocations: 1716)


Started GET "/play" for ::1 at 2026-06-02 12:41:01 +0900
Processing by PlayController#top as HTML
  Rendering layout layouts/application.html.erb
  Rendering play/top.html.erb within layouts/application
  Rendered play/top.html.erb within layouts/application (Duration: 0.0ms | Allocations: 8)
  Rendered layout layouts/application.html.erb (Duration: 2.5ms | Allocations: 1178)
Completed 200 OK in 4ms (Views: 3.0ms | ActiveRecord: 0.0ms | Allocations: 1390)


Started GET "/home" for ::1 at 2026-06-02 12:41:07 +0900
Processing by HomeController#top as HTML
  Rendering layout layouts/application.html.erb
  Rendering home/top.html.erb within layouts/application
  Rendered home/top.html.erb within layouts/application (Duration: 0.5ms | Allocations: 248)
  Rendered layout layouts/application.html.erb (Duration: 1.8ms | Allocations: 1283)
Completed 200 OK in 3ms (Views: 2.2ms | ActiveRecord: 0.0ms | Allocations: 1495)


Started POST "/home/generate" for ::1 at 2026-06-02 12:41:09 +0900
Processing by HomeController#generate as HTML
  Parameters: {"authenticity_token" => "[FILTERED]", "prompt" => "kk"}
  Rendering layout layouts/application.html.erb
  Rendering home/generate.html.erb within layouts/application
  Rendered home/generate.html.erb within layouts/application (Duration: 0.0ms | Allocations: 8)
  Rendered layout layouts/application.html.erb (Duration: 1.8ms | Allocations: 1038)
Completed 200 OK in 4ms (Views: 2.3ms | ActiveRecord: 0.0ms | Allocations: 1434)


Started GET "/play" for ::1 at 2026-06-02 12:41:10 +0900
Processing by PlayController#top as HTML
  Rendering layout layouts/application.html.erb
  Rendering play/top.html.erb within layouts/application
  Rendered play/top.html.erb within layouts/application (Duration: 0.0ms | Allocations: 8)
  Rendered layout layouts/application.html.erb (Duration: 1.4ms | Allocations: 1177)
Completed 200 OK in 2ms (Views: 1.7ms | ActiveRecord: 0.0ms | Allocations: 1385)


Started GET "/home" for ::1 at 2026-06-02 12:41:36 +0900
Processing by HomeController#top as HTML
  Rendering layout layouts/application.html.erb
  Rendering home/top.html.erb within layouts/application
  Rendered home/top.html.erb within layouts/application (Duration: 0.9ms | Allocations: 238)
  Rendered layout layouts/application.html.erb (Duration: 3.9ms | Allocations: 1273)
Completed 200 OK in 5ms (Views: 4.4ms | ActiveRecord: 0.0ms | Allocations: 1481)


Started POST "/home/generate" for ::1 at 2026-06-02 12:41:49 +0900
Processing by HomeController#generate as HTML
  Parameters: {"authenticity_token" => "[FILTERED]", "prompt" => "ㅁㄴㅇㄹㅁㄴㅇㄹ"}
  Rendering layout layouts/application.html.erb
  Rendering home/generate.html.erb within layouts/application
  Rendered home/generate.html.erb within layouts/application (Duration: 0.0ms | Allocations: 8)
  Rendered layout layouts/application.html.erb (Duration: 1.8ms | Allocations: 1038)
Completed 200 OK in 3ms (Views: 2.3ms | ActiveRecord: 0.0ms | Allocations: 1439)


Started GET "/play" for ::1 at 2026-06-02 12:41:58 +0900
Processing by PlayController#top as HTML
  Rendering layout layouts/application.html.erb
  Rendering play/top.html.erb within layouts/application
  Rendered play/top.html.erb within layouts/application (Duration: 0.0ms | Allocations: 8)
  Rendered layout layouts/application.html.erb (Duration: 2.4ms | Allocations: 1184)
Completed 200 OK in 3ms (Views: 2.8ms | ActiveRecord: 0.0ms | Allocations: 1392)


Started GET "/" for ::1 at 2026-06-02 12:45:34 +0900
  [1m[36mActiveRecord::SchemaMigration Load (0.1ms)[0m  [1m[34mSELECT "schema_migrations"."version" FROM "schema_migrations" ORDER BY "schema_migrations"."version" ASC[0m
Processing by Rails::WelcomeController#index as HTML
  Rendering /Users/JCLee/.rbenv/versions/4.0.4/lib/ruby/gems/4.0.0/gems/railties-7.1.6/lib/rails/templates/rails/welcome/index.html.erb
  Rendered /Users/JCLee/.rbenv/versions/4.0.4/lib/ruby/gems/4.0.0/gems/railties-7.1.6/lib/rails/templates/rails/welcome/index.html.erb (Duration: 0.2ms | Allocations: 342)
Completed 200 OK in 12ms (Views: 1.6ms | ActiveRecord: 0.0ms | Allocations: 4131)


Started GET "/home" for ::1 at 2026-06-02 12:45:49 +0900
Processing by HomeController#top as HTML
  Rendering layout layouts/application.html.erb
  Rendering home/top.html.erb within layouts/application
  Rendered home/top.html.erb within layouts/application (Duration: 6.9ms | Allocations: 1669)
  Rendered layout layouts/application.html.erb (Duration: 34.6ms | Allocations: 32848)
Completed 200 OK in 37ms (Views: 36.2ms | ActiveRecord: 0.0ms | Allocations: 33724)


Started GET "/home" for ::1 at 2026-06-02 22:12:10 +0900
  [1m[36mActiveRecord::SchemaMigration Load (0.1ms)[0m  [1m[34mSELECT "schema_migrations"."version" FROM "schema_migrations" ORDER BY "schema_migrations"."version" ASC[0m
Processing by HomeController#top as HTML
  Rendering layout layouts/application.html.erb
  Rendering home/top.html.erb within layouts/application
  Rendered home/top.html.erb within layouts/application (Duration: 11.3ms | Allocations: 1779)
  Rendered layout layouts/application.html.erb (Duration: 31.9ms | Allocations: 33000)
Completed 200 OK in 37ms (Views: 33.5ms | ActiveRecord: 0.0ms | Allocations: 36948)


Started POST "/home/generate" for ::1 at 2026-06-02 22:12:33 +0900
Processing by HomeController#generate as HTML
  Parameters: {"authenticity_token" => "[FILTERED]", "prompt" => "東京から京都まで歩いて行こう"}
  Rendering layout layouts/application.html.erb
  Rendering home/generate.html.erb within layouts/application
  Rendered home/generate.html.erb within layouts/application (Duration: 0.5ms | Allocations: 121)
  Rendered layout layouts/application.html.erb (Duration: 2.0ms | Allocations: 1153)
Completed 200 OK in 4ms (Views: 2.6ms | ActiveRecord: 0.0ms | Allocations: 1668)


Started GET "/play" for ::1 at 2026-06-02 22:14:20 +0900
Processing by PlayController#top as HTML
  Rendering layout layouts/application.html.erb
  Rendering play/top.html.erb within layouts/application
  Rendered play/top.html.erb within layouts/application (Duration: 0.2ms | Allocations: 113)
  Rendered layout layouts/application.html.erb (Duration: 1.6ms | Allocations: 1301)
Completed 200 OK in 3ms (Views: 2.2ms | ActiveRecord: 0.0ms | Allocations: 1716)


Started GET "/home/generate" for ::1 at 2026-06-02 22:17:24 +0900
  
ActionController::RoutingError (No route matches [GET] "/home/generate"):
  
Started GET "/home/generate" for ::1 at 2026-06-02 22:17:25 +0900
  
ActionController::RoutingError (No route matches [GET] "/home/generate"):
  
Started GET "/home" for ::1 at 2026-06-02 22:17:58 +0900
  [1m[36mActiveRecord::SchemaMigration Load (0.1ms)[0m  [1m[34mSELECT "schema_migrations"."version" FROM "schema_migrations" ORDER BY "schema_migrations"."version" ASC[0m
Processing by HomeController#top as HTML
  Rendering layout layouts/application.html.erb
  Rendering home/top.html.erb within layouts/application
  Rendered home/top.html.erb within layouts/application (Duration: 10.5ms | Allocations: 1780)
  Rendered layout layouts/application.html.erb (Duration: 29.0ms | Allocations: 33000)
Completed 200 OK in 34ms (Views: 30.9ms | ActiveRecord: 0.0ms | Allocations: 36948)


Started POST "/home/generate" for ::1 at 2026-06-02 22:18:17 +0900
Processing by HomeController#generate as HTML
  Parameters: {"authenticity_token" => "[FILTERED]", "prompt" => "東京から京都まで歩いて行こう"}
AI生成エラー
GEMINI_API_KEYが設定されていません
  Rendering layout layouts/application.html.erb
  Rendering home/generate.html.erb within layouts/application
  Rendered home/generate.html.erb within layouts/application (Duration: 0.2ms | Allocations: 124)
  Rendered layout layouts/application.html.erb (Duration: 1.1ms | Allocations: 1157)
Completed 200 OK in 36ms (Views: 1.8ms | ActiveRecord: 0.0ms | Allocations: 23924)


Started GET "/home" for ::1 at 2026-06-02 22:21:10 +0900
Processing by HomeController#top as HTML
  Rendering layout layouts/application.html.erb
  Rendering home/top.html.erb within layouts/application
  Rendered home/top.html.erb within layouts/application (Duration: 0.8ms | Allocations: 243)
  Rendered layout layouts/application.html.erb (Duration: 2.6ms | Allocations: 1278)
Completed 200 OK in 4ms (Views: 3.1ms | ActiveRecord: 0.0ms | Allocations: 1491)


Started POST "/home/generate" for ::1 at 2026-06-02 22:21:24 +0900
Processing by HomeController#generate as HTML
  Parameters: {"authenticity_token" => "[FILTERED]", "prompt" => "東京から京都まで歩いて行こう\r\n"}
AI生成エラー
GEMINI_API_KEYが設定されていません
  Rendering layout layouts/application.html.erb
  Rendering home/generate.html.erb within layouts/application
  Rendered home/generate.html.erb within layouts/application (Duration: 0.1ms | Allocations: 9)
  Rendered layout layouts/application.html.erb (Duration: 2.7ms | Allocations: 1039)
Completed 200 OK in 4ms (Views: 3.1ms | ActiveRecord: 0.0ms | Allocations: 1792)


Started GET "/home" for ::1 at 2026-06-02 22:22:45 +0900
  [1m[36mActiveRecord::SchemaMigration Load (0.1ms)[0m  [1m[34mSELECT "schema_migrations"."version" FROM "schema_migrations" ORDER BY "schema_migrations"."version" ASC[0m
Processing by HomeController#top as HTML
  Rendering layout layouts/application.html.erb
  Rendering home/top.html.erb within layouts/application
  Rendered home/top.html.erb within layouts/application (Duration: 3.3ms | Allocations: 1777)
  Rendered layout layouts/application.html.erb (Duration: 21.9ms | Allocations: 32995)
Completed 200 OK in 33ms (Views: 23.4ms | ActiveRecord: 0.0ms | Allocations: 36943)


Started POST "/home/generate" for ::1 at 2026-06-02 22:23:03 +0900
Processing by HomeController#generate as HTML
  Parameters: {"authenticity_token" => "[FILTERED]", "prompt" => "東京から京都まで歩いて行こう\r\n"}
AI生成成功
{"title" => "東海道五十三次！東京〜京都 徒歩の旅スゴロク", "squares" => [{"type" => "start", "text" => "東京・日本橋を出発！いざ京都へ！", "effect" => "none", "value" => 0}, {"type" => "event", "text" => "最初の宿場町、品川宿に到着。地元の名物で腹ごしらえ。", "effect" => "none", "value" => 0}, {"type" => "event", "text" => "富士山が綺麗に見えた！気分爽快、1マス進む！", "effect" => "move", "value" => 1}, {"type" => "event", "text" => "大井川の渡河に手間取る。橋がない！1回休み。", "effect" => "skip", "value" => 1}, {"type" => "event", "text" => "親切な旅人からおにぎりをもらう。力が湧いて、もう一度サイコロを振る！", "effect" => "roll_again", "value" => 0}, {"type" => "event", "text" => "道に迷ってしまい、時間をロス。2マス戻る。", "effect" => "move", "value" => -2}, {"type" => "event", "text" => "琵琶湖の絶景に感動！ついつい長居してしまい1回休み。", "effect" => "skip", "value" => 1}, {"type" => "event", "text" => "旅の途中で良い出会い！談笑し、さらに1マス進む！", "effect" => "move", "value" => 1}, {"type" => "event", "text" => "鈴鹿峠を越え、近江の国へ。京都はもうすぐだ！", "effect" => "none", "value" => 0}, {"type" => "event", "text" => "突然の夕立に遭い、ずぶ濡れに。風邪をひいて、体調回復のため1回休み。", "effect" => "skip", "value" => 1}, {"type" => "event", "text" => "京都の町並みが遠くに見えてきた！ラストスパートで2マス進む！", "effect" => "move", "value" => 2}, {"type" => "goal", "text" => "京都・三条大橋に到着！お疲れ様でした！", "effect" => "finish", "value" => 0}]}
  Rendering layout layouts/application.html.erb
  Rendering home/generate.html.erb within layouts/application
  Rendered home/generate.html.erb within layouts/application (Duration: 0.5ms | Allocations: 124)
  Rendered layout layouts/application.html.erb (Duration: 3.0ms | Allocations: 1157)
Completed 200 OK in 10092ms (Views: 4.6ms | ActiveRecord: 0.0ms | Allocations: 10939)


Started GET "/play" for ::1 at 2026-06-02 23:05:51 +0900
Processing by PlayController#top as HTML
  Rendering layout layouts/application.html.erb
  Rendering play/top.html.erb within layouts/application
  Rendered play/top.html.erb within layouts/application (Duration: 0.4ms | Allocations: 113)
  Rendered layout layouts/application.html.erb (Duration: 3.3ms | Allocations: 1302)
Completed 200 OK in 5ms (Views: 4.0ms | ActiveRecord: 0.0ms | Allocations: 1718)


Started GET "/home" for ::1 at 2026-06-02 23:14:44 +0900
  [1m[36mActiveRecord::SchemaMigration Load (0.1ms)[0m  [1m[34mSELECT "schema_migrations"."version" FROM "schema_migrations" ORDER BY "schema_migrations"."version" ASC[0m
Processing by HomeController#top as HTML
  Rendering layout layouts/application.html.erb
  Rendering home/top.html.erb within layouts/application
  Rendered home/top.html.erb within layouts/application (Duration: 3.3ms | Allocations: 1777)
  Rendered layout layouts/application.html.erb (Duration: 30.3ms | Allocations: 32996)
Completed 200 OK in 35ms (Views: 32.0ms | ActiveRecord: 0.0ms | Allocations: 36944)


Started POST "/home/generate" for ::1 at 2026-06-02 23:15:06 +0900
Processing by HomeController#generate as HTML
  Parameters: {"authenticity_token" => "[FILTERED]", "prompt" => "東京から京都まで歩いて行こう"}
  [1m[36mTRANSACTION (0.0ms)[0m  [1m[36mbegin transaction[0m
  ↳ app/controllers/home_controller.rb:27:in 'HomeController#generate'
  [1m[36mMap Create (1.1ms)[0m  [1m[32mINSERT INTO "maps" ("map_name", "num_of_squares", "created_at", "updated_at") VALUES (?, ?, ?, ?) RETURNING "id"[0m  [["map_name", "東海道五十三次！東京から京都へ歩くスゴロク"], ["num_of_squares", 20], ["created_at", "2026-06-02 14:15:18.597266"], ["updated_at", "2026-06-02 14:15:18.597266"]]
  ↳ app/controllers/home_controller.rb:27:in 'HomeController#generate'
  [1m[36mTRANSACTION (0.2ms)[0m  [1m[36mcommit transaction[0m
  ↳ app/controllers/home_controller.rb:27:in 'HomeController#generate'
  [1m[36mTRANSACTION (0.0ms)[0m  [1m[36mbegin transaction[0m
  ↳ app/controllers/home_controller.rb:33:in 'block in HomeController#generate'
  [1m[36mSquare Create (0.4ms)[0m  [1m[32mINSERT INTO "squares" ("map_id", "position", "square_type", "square_text", "effect", "value", "created_at", "updated_at") VALUES (?, ?, ?, ?, ?, ?, ?, ?) RETURNING "id"[0m  [["map_id", 1], ["position", 1], ["square_type", "start"], ["square_text", "スタート！東京・日本橋"], ["effect", "none"], ["value", 0], ["created_at", "2026-06-02 14:15:18.626073"], ["updated_at", "2026-06-02 14:15:18.626073"]]
  ↳ app/controllers/home_controller.rb:33:in 'block in HomeController#generate'
  [1m[36mTRANSACTION (0.0ms)[0m  [1m[36mcommit transaction[0m
  ↳ app/controllers/home_controller.rb:33:in 'block in HomeController#generate'
  [1m[36mTRANSACTION (0.0ms)[0m  [1m[36mbegin transaction[0m
  ↳ app/controllers/home_controller.rb:33:in 'block in HomeController#generate'
  [1m[36mSquare Create (0.5ms)[0m  [1m[32mINSERT INTO "squares" ("map_id", "position", "square_type", "square_text", "effect", "value", "created_at", "updated_at") VALUES (?, ?, ?, ?, ?, ?, ?, ?) RETURNING "id"[0m  [["map_id", 1], ["position", 2], ["square_type", "event"], ["square_text", "品川宿で早速一休み。旅の始まりに乾杯！"], ["effect", "none"], ["value", 0], ["created_at", "2026-06-02 14:15:18.627415"], ["updated_at", "2026-06-02 14:15:18.627415"]]
  ↳ app/controllers/home_controller.rb:33:in 'block in HomeController#generate'
  [1m[36mTRANSACTION (0.0ms)[0m  [1m[36mcommit transaction[0m
  ↳ app/controllers/home_controller.rb:33:in 'block in HomeController#generate'
  [1m[36mTRANSACTION (0.0ms)[0m  [1m[36mbegin transaction[0m
  ↳ app/controllers/home_controller.rb:33:in 'block in HomeController#generate'
  [1m[36mSquare Create (0.3ms)[0m  [1m[32mINSERT INTO "squares" ("map_id", "position", "square_type", "square_text", "effect", "value", "created_at", "updated_at") VALUES (?, ?, ?, ?, ?, ?, ?, ?) RETURNING "id"[0m  [["map_id", 1], ["position", 3], ["square_type", "event"], ["square_text", "川崎大師へお参り。ご利益で1マス進む！"], ["effect", "move"], ["value", 1], ["created_at", "2026-06-02 14:15:18.628564"], ["updated_at", "2026-06-02 14:15:18.628564"]]
  ↳ app/controllers/home_controller.rb:33:in 'block in HomeController#generate'
  [1m[36mTRANSACTION (0.0ms)[0m  [1m[36mcommit transaction[0m
  ↳ app/controllers/home_controller.rb:33:in 'block in HomeController#generate'
  [1m[36mTRANSACTION (0.0ms)[0m  [1m[36mbegin transaction[0m
  ↳ app/controllers/home_controller.rb:33:in 'block in HomeController#generate'
  [1m[36mSquare Create (0.3ms)[0m  [1m[32mINSERT INTO "squares" ("map_id", "position", "square_type", "square_text", "effect", "value", "created_at", "updated_at") VALUES (?, ?, ?, ?, ?, ?, ?, ?) RETURNING "id"[0m  [["map_id", 1], ["position", 4], ["square_type", "event"], ["square_text", "箱根の山越えに苦戦！足が痛くて1回休み。"], ["effect", "skip"], ["value", 1], ["created_at", "2026-06-02 14:15:18.629402"], ["updated_at", "2026-06-02 14:15:18.629402"]]
  ↳ app/controllers/home_controller.rb:33:in 'block in HomeController#generate'
  [1m[36mTRANSACTION (0.0ms)[0m  [1m[36mcommit transaction[0m
  ↳ app/controllers/home_controller.rb:33:in 'block in HomeController#generate'
  [1m[36mTRANSACTION (0.0ms)[0m  [1m[36mbegin transaction[0m
  ↳ app/controllers/home_controller.rb:33:in 'block in HomeController#generate'
  [1m[36mSquare Create (0.3ms)[0m  [1m[32mINSERT INTO "squares" ("map_id", "position", "square_type", "square_text", "effect", "value", "created_at", "updated_at") VALUES (?, ?, ?, ?, ?, ?, ?, ?) RETURNING "id"[0m  [["map_id", 1], ["position", 5], ["square_type", "event"], ["square_text", "富士山が美しい！絶景に見とれてもう一度サイコロを振る。"], ["effect", "roll_again"], ["value", 0], ["created_at", "2026-06-02 14:15:18.630244"], ["updated_at", "2026-06-02 14:15:18.630244"]]
  ↳ app/controllers/home_controller.rb:33:in 'block in HomeController#generate'
  [1m[36mTRANSACTION (0.0ms)[0m  [1m[36mcommit transaction[0m
  ↳ app/controllers/home_controller.rb:33:in 'block in HomeController#generate'
  [1m[36mTRANSACTION (0.0ms)[0m  [1m[36mbegin transaction[0m
  ↳ app/controllers/home_controller.rb:33:in 'block in HomeController#generate'
  [1m[36mSquare Create (0.5ms)[0m  [1m[32mINSERT INTO "squares" ("map_id", "position", "square_type", "square_text", "effect", "value", "created_at", "updated_at") VALUES (?, ?, ?, ?, ?, ?, ?, ?) RETURNING "id"[0m  [["map_id", 1], ["position", 6], ["square_type", "event"], ["square_text", "三島宿で美味しい鰻を食べる。元気が出て2マス進む！"], ["effect", "move"], ["value", 2], ["created_at", "2026-06-02 14:15:18.631093"], ["updated_at", "2026-06-02 14:15:18.631093"]]
  ↳ app/controllers/home_controller.rb:33:in 'block in HomeController#generate'
  [1m[36mTRANSACTION (0.0ms)[0m  [1m[36mcommit transaction[0m
  ↳ app/controllers/home_controller.rb:33:in 'block in HomeController#generate'
  [1m[36mTRANSACTION (0.0ms)[0m  [1m[36mbegin transaction[0m
  ↳ app/controllers/home_controller.rb:33:in 'block in HomeController#generate'
  [1m[36mSquare Create (0.3ms)[0m  [1m[32mINSERT INTO "squares" ("map_id", "position", "square_type", "square_text", "effect", "value", "created_at", "updated_at") VALUES (?, ?, ?, ?, ?, ?, ?, ?) RETURNING "id"[0m  [["map_id", 1], ["position", 7], ["square_type", "event"], ["square_text", "東海道の松並木を歩く。旅情を感じる。"], ["effect", "none"], ["value", 0], ["created_at", "2026-06-02 14:15:18.632291"], ["updated_at", "2026-06-02 14:15:18.632291"]]
  ↳ app/controllers/home_controller.rb:33:in 'block in HomeController#generate'
  [1m[36mTRANSACTION (0.0ms)[0m  [1m[36mcommit transaction[0m
  ↳ app/controllers/home_controller.rb:33:in 'block in HomeController#generate'
  [1m[36mTRANSACTION (0.0ms)[0m  [1m[36mbegin transaction[0m
  ↳ app/controllers/home_controller.rb:33:in 'block in HomeController#generate'
  [1m[36mSquare Create (0.4ms)[0m  [1m[32mINSERT INTO "squares" ("map_id", "position", "square_type", "square_text", "effect", "value", "created_at", "updated_at") VALUES (?, ?, ?, ?, ?, ?, ?, ?) RETURNING "id"[0m  [["map_id", 1], ["position", 8], ["square_type", "event"], ["square_text", "大井川の橋がない！渡し船を待って1回休み。"], ["effect", "skip"], ["value", 1], ["created_at", "2026-06-02 14:15:18.633347"], ["updated_at", "2026-06-02 14:15:18.633347"]]
  ↳ app/controllers/home_controller.rb:33:in 'block in HomeController#generate'
  [1m[36mTRANSACTION (0.0ms)[0m  [1m[36mcommit transaction[0m
  ↳ app/controllers/home_controller.rb:33:in 'block in HomeController#generate'
  [1m[36mTRANSACTION (0.0ms)[0m  [1m[36mbegin transaction[0m
  ↳ app/controllers/home_controller.rb:33:in 'block in HomeController#generate'
  [1m[36mSquare Create (0.3ms)[0m  [1m[32mINSERT INTO "squares" ("map_id", "position", "square_type", "square_text", "effect", "value", "created_at", "updated_at") VALUES (?, ?, ?, ?, ?, ?, ?, ?) RETURNING "id"[0m  [["map_id", 1], ["position", 9], ["square_type", "event"], ["square_text", "浜松で楽器の街を散策。思わぬ発見！"], ["effect", "none"], ["value", 0], ["created_at", "2026-06-02 14:15:18.634503"], ["updated_at", "2026-06-02 14:15:18.634503"]]
  ↳ app/controllers/home_controller.rb:33:in 'block in HomeController#generate'
  [1m[36mTRANSACTION (0.0ms)[0m  [1m[36mcommit transaction[0m
  ↳ app/controllers/home_controller.rb:33:in 'block in HomeController#generate'
  [1m[36mTRANSACTION (0.0ms)[0m  [1m[36mbegin transaction[0m
  ↳ app/controllers/home_controller.rb:33:in 'block in HomeController#generate'
  [1m[36mSquare Create (0.3ms)[0m  [1m[32mINSERT INTO "squares" ("map_id", "position", "square_type", "square_text", "effect", "value", "created_at", "updated_at") VALUES (?, ?, ?, ?, ?, ?, ?, ?) RETURNING "id"[0m  [["map_id", 1], ["position", 10], ["square_type", "event"], ["square_text", "豊橋で路面電車に乗ってみる。移動が楽で1マス進む！"], ["effect", "move"], ["value", 1], ["created_at", "2026-06-02 14:15:18.635377"], ["updated_at", "2026-06-02 14:15:18.635377"]]
  ↳ app/controllers/home_controller.rb:33:in 'block in HomeController#generate'
  [1m[36mTRANSACTION (0.0ms)[0m  [1m[36mcommit transaction[0m
  ↳ app/controllers/home_controller.rb:33:in 'block in HomeController#generate'
  [1m[36mTRANSACTION (0.0ms)[0m  [1m[36mbegin transaction[0m
  ↳ app/controllers/home_controller.rb:33:in 'block in HomeController#generate'
  [1m[36mSquare Create (0.3ms)[0m  [1m[32mINSERT INTO "squares" ("map_id", "position", "square_type", "square_text", "effect", "value", "created_at", "updated_at") VALUES (?, ?, ?, ?, ?, ?, ?, ?) RETURNING "id"[0m  [["map_id", 1], ["position", 11], ["square_type", "event"], ["square_text", "名古屋城に到着！歴史の重みに感動。"], ["effect", "none"], ["value", 0], ["created_at", "2026-06-02 14:15:18.636189"], ["updated_at", "2026-06-02 14:15:18.636189"]]
  ↳ app/controllers/home_controller.rb:33:in 'block in HomeController#generate'
  [1m[36mTRANSACTION (0.0ms)[0m  [1m[36mcommit transaction[0m
  ↳ app/controllers/home_controller.rb:33:in 'block in HomeController#generate'
  [1m[36mTRANSACTION (0.0ms)[0m  [1m[36mbegin transaction[0m
  ↳ app/controllers/home_controller.rb:33:in 'block in HomeController#generate'
  [1m[36mSquare Create (0.3ms)[0m  [1m[32mINSERT INTO "squares" ("map_id", "position", "square_type", "square_text", "effect", "value", "created_at", "updated_at") VALUES (?, ?, ?, ?, ?, ?, ?, ?) RETURNING "id"[0m  [["map_id", 1], ["position", 12], ["square_type", "event"], ["square_text", "熱田神宮へ参拝。無病息災を祈る。"], ["effect", "none"], ["value", 0], ["created_at", "2026-06-02 14:15:18.636983"], ["updated_at", "2026-06-02 14:15:18.636983"]]
  ↳ app/controllers/home_controller.rb:33:in 'block in HomeController#generate'
  [1m[36mTRANSACTION (0.0ms)[0m  [1m[36mcommit transaction[0m
  ↳ app/controllers/home_controller.rb:33:in 'block in HomeController#generate'
  [1m[36mTRANSACTION (0.0ms)[0m  [1m[36mbegin transaction[0m
  ↳ app/controllers/home_controller.rb:33:in 'block in HomeController#generate'
  [1m[36mSquare Create (0.2ms)[0m  [1m[32mINSERT INTO "squares" ("map_id", "position", "square_type", "square_text", "effect", "value", "created_at", "updated_at") VALUES (?, ?, ?, ?, ?, ?, ?, ?) RETURNING "id"[0m  [["map_id", 1], ["position", 13], ["square_type", "event"], ["square_text", "関ヶ原の古戦場跡を巡る。歴史に思いを馳せて2マス進む！"], ["effect", "move"], ["value", 2], ["created_at", "2026-06-02 14:15:18.637781"], ["updated_at", "2026-06-02 14:15:18.637781"]]
  ↳ app/controllers/home_controller.rb:33:in 'block in HomeController#generate'
  [1m[36mTRANSACTION (0.0ms)[0m  [1m[36mcommit transaction[0m
  ↳ app/controllers/home_controller.rb:33:in 'block in HomeController#generate'
  [1m[36mTRANSACTION (0.0ms)[0m  [1m[36mbegin transaction[0m
  ↳ app/controllers/home_controller.rb:33:in 'block in HomeController#generate'
  [1m[36mSquare Create (0.3ms)[0m  [1m[32mINSERT INTO "squares" ("map_id", "position", "square_type", "square_text", "effect", "value", "created_at", "updated_at") VALUES (?, ?, ?, ?, ?, ?, ?, ?) RETURNING "id"[0m  [["map_id", 1], ["position", 14], ["square_type", "event"], ["square_text", "びわ湖の雄大さに感動！景色に見とれてもう一度サイコロを振る。"], ["effect", "roll_again"], ["value", 0], ["created_at", "2026-06-02 14:15:18.638556"], ["updated_at", "2026-06-02 14:15:18.638556"]]
  ↳ app/controllers/home_controller.rb:33:in 'block in HomeController#generate'
  [1m[36mTRANSACTION (0.0ms)[0m  [1m[36mcommit transaction[0m
  ↳ app/controllers/home_controller.rb:33:in 'block in HomeController#generate'
  [1m[36mTRANSACTION (0.0ms)[0m  [1m[36mbegin transaction[0m
  ↳ app/controllers/home_controller.rb:33:in 'block in HomeController#generate'
  [1m[36mSquare Create (0.3ms)[0m  [1m[32mINSERT INTO "squares" ("map_id", "position", "square_type", "square_text", "effect", "value", "created_at", "updated_at") VALUES (?, ?, ?, ?, ?, ?, ?, ?) RETURNING "id"[0m  [["map_id", 1], ["position", 15], ["square_type", "event"], ["square_text", "草津宿で一息。長旅の疲れがたまり1マス戻る。"], ["effect", "move"], ["value", -1], ["created_at", "2026-06-02 14:15:18.639422"], ["updated_at", "2026-06-02 14:15:18.639422"]]
  ↳ app/controllers/home_controller.rb:33:in 'block in HomeController#generate'
  [1m[36mTRANSACTION (0.0ms)[0m  [1m[36mcommit transaction[0m
  ↳ app/controllers/home_controller.rb:33:in 'block in HomeController#generate'
  [1m[36mTRANSACTION (0.0ms)[0m  [1m[36mbegin transaction[0m
  ↳ app/controllers/home_controller.rb:33:in 'block in HomeController#generate'
  [1m[36mSquare Create (0.3ms)[0m  [1m[32mINSERT INTO "squares" ("map_id", "position", "square_type", "square_text", "effect", "value", "created_at", "updated_at") VALUES (?, ?, ?, ?, ?, ?, ?, ?) RETURNING "id"[0m  [["map_id", 1], ["position", 16], ["square_type", "event"], ["square_text", "大津宿に到着！いよいよ京都が近い！"], ["effect", "none"], ["value", 0], ["created_at", "2026-06-02 14:15:18.640213"], ["updated_at", "2026-06-02 14:15:18.640213"]]
  ↳ app/controllers/home_controller.rb:33:in 'block in HomeController#generate'
  [1m[36mTRANSACTION (0.0ms)[0m  [1m[36mcommit transaction[0m
  ↳ app/controllers/home_controller.rb:33:in 'block in HomeController#generate'
  [1m[36mTRANSACTION (0.0ms)[0m  [1m[36mbegin transaction[0m
  ↳ app/controllers/home_controller.rb:33:in 'block in HomeController#generate'
  [1m[36mSquare Create (0.2ms)[0m  [1m[32mINSERT INTO "squares" ("map_id", "position", "square_type", "square_text", "effect", "value", "created_at", "updated_at") VALUES (?, ?, ?, ?, ?, ?, ?, ?) RETURNING "id"[0m  [["map_id", 1], ["position", 17], ["square_type", "event"], ["square_text", "琵琶湖疏水を眺めながら休憩。京への期待が高まる。"], ["effect", "none"], ["value", 0], ["created_at", "2026-06-02 14:15:18.640980"], ["updated_at", "2026-06-02 14:15:18.640980"]]
  ↳ app/controllers/home_controller.rb:33:in 'block in HomeController#generate'
  [1m[36mTRANSACTION (0.0ms)[0m  [1m[36mcommit transaction[0m
  ↳ app/controllers/home_controller.rb:33:in 'block in HomeController#generate'
  [1m[36mTRANSACTION (0.0ms)[0m  [1m[36mbegin transaction[0m
  ↳ app/controllers/home_controller.rb:33:in 'block in HomeController#generate'
  [1m[36mSquare Create (0.6ms)[0m  [1m[32mINSERT INTO "squares" ("map_id", "position", "square_type", "square_text", "effect", "value", "created_at", "updated_at") VALUES (?, ?, ?, ?, ?, ?, ?, ?) RETURNING "id"[0m  [["map_id", 1], ["position", 18], ["square_type", "event"], ["square_text", "清水寺の参道でお土産探し。時間を取りすぎて1回休み。"], ["effect", "skip"], ["value", 1], ["created_at", "2026-06-02 14:15:18.641944"], ["updated_at", "2026-06-02 14:15:18.641944"]]
  ↳ app/controllers/home_controller.rb:33:in 'block in HomeController#generate'
  [1m[36mTRANSACTION (0.0ms)[0m  [1m[36mcommit transaction[0m
  ↳ app/controllers/home_controller.rb:33:in 'block in HomeController#generate'
  [1m[36mTRANSACTION (0.0ms)[0m  [1m[36mbegin transaction[0m
  ↳ app/controllers/home_controller.rb:33:in 'block in HomeController#generate'
  [1m[36mSquare Create (0.3ms)[0m  [1m[32mINSERT INTO "squares" ("map_id", "position", "square_type", "square_text", "effect", "value", "created_at", "updated_at") VALUES (?, ?, ?, ?, ?, ?, ?, ?) RETURNING "id"[0m  [["map_id", 1], ["position", 19], ["square_type", "event"], ["square_text", "美しい京の街並みに感動！あと少しでゴールだ！"], ["effect", "none"], ["value", 0], ["created_at", "2026-06-02 14:15:18.643307"], ["updated_at", "2026-06-02 14:15:18.643307"]]
  ↳ app/controllers/home_controller.rb:33:in 'block in HomeController#generate'
  [1m[36mTRANSACTION (0.0ms)[0m  [1m[36mcommit transaction[0m
  ↳ app/controllers/home_controller.rb:33:in 'block in HomeController#generate'
  [1m[36mTRANSACTION (0.0ms)[0m  [1m[36mbegin transaction[0m
  ↳ app/controllers/home_controller.rb:33:in 'block in HomeController#generate'
  [1m[36mSquare Create (0.3ms)[0m  [1m[32mINSERT INTO "squares" ("map_id", "position", "square_type", "square_text", "effect", "value", "created_at", "updated_at") VALUES (?, ?, ?, ?, ?, ?, ?, ?) RETURNING "id"[0m  [["map_id", 1], ["position", 20], ["square_type", "goal"], ["square_text", "ゴール！京都・三条大橋に到着！東京から京都まで踏破！"], ["effect", "finish"], ["value", 0], ["created_at", "2026-06-02 14:15:18.644264"], ["updated_at", "2026-06-02 14:15:18.644264"]]
  ↳ app/controllers/home_controller.rb:33:in 'block in HomeController#generate'
  [1m[36mTRANSACTION (0.0ms)[0m  [1m[36mcommit transaction[0m
  ↳ app/controllers/home_controller.rb:33:in 'block in HomeController#generate'
AI生成成功
{"title" => "東海道五十三次！東京から京都へ歩くスゴロク", "squares" => [{"type" => "start", "text" => "スタート！東京・日本橋", "effect" => "none", "value" => 0}, {"type" => "event", "text" => "品川宿で早速一休み。旅の始まりに乾杯！", "effect" => "none", "value" => 0}, {"type" => "event", "text" => "川崎大師へお参り。ご利益で1マス進む！", "effect" => "move", "value" => 1}, {"type" => "event", "text" => "箱根の山越えに苦戦！足が痛くて1回休み。", "effect" => "skip", "value" => 1}, {"type" => "event", "text" => "富士山が美しい！絶景に見とれてもう一度サイコロを振る。", "effect" => "roll_again", "value" => 0}, {"type" => "event", "text" => "三島宿で美味しい鰻を食べる。元気が出て2マス進む！", "effect" => "move", "value" => 2}, {"type" => "event", "text" => "東海道の松並木を歩く。旅情を感じる。", "effect" => "none", "value" => 0}, {"type" => "event", "text" => "大井川の橋がない！渡し船を待って1回休み。", "effect" => "skip", "value" => 1}, {"type" => "event", "text" => "浜松で楽器の街を散策。思わぬ発見！", "effect" => "none", "value" => 0}, {"type" => "event", "text" => "豊橋で路面電車に乗ってみる。移動が楽で1マス進む！", "effect" => "move", "value" => 1}, {"type" => "event", "text" => "名古屋城に到着！歴史の重みに感動。", "effect" => "none", "value" => 0}, {"type" => "event", "text" => "熱田神宮へ参拝。無病息災を祈る。", "effect" => "none", "value" => 0}, {"type" => "event", "text" => "関ヶ原の古戦場跡を巡る。歴史に思いを馳せて2マス進む！", "effect" => "move", "value" => 2}, {"type" => "event", "text" => "びわ湖の雄大さに感動！景色に見とれてもう一度サイコロを振る。", "effect" => "roll_again", "value" => 0}, {"type" => "event", "text" => "草津宿で一息。長旅の疲れがたまり1マス戻る。", "effect" => "move", "value" => -1}, {"type" => "event", "text" => "大津宿に到着！いよいよ京都が近い！", "effect" => "none", "value" => 0}, {"type" => "event", "text" => "琵琶湖疏水を眺めながら休憩。京への期待が高まる。", "effect" => "none", "value" => 0}, {"type" => "event", "text" => "清水寺の参道でお土産探し。時間を取りすぎて1回休み。", "effect" => "skip", "value" => 1}, {"type" => "event", "text" => "美しい京の街並みに感動！あと少しでゴールだ！", "effect" => "none", "value" => 0}, {"type" => "goal", "text" => "ゴール！京都・三条大橋に到着！東京から京都まで踏破！", "effect" => "finish", "value" => 0}]}
AI生成エラー
undefined method 'result' for an instance of HomeController
  Rendering layout layouts/application.html.erb
  Rendering home/generate.html.erb within layouts/application
  Rendered home/generate.html.erb within layouts/application (Duration: 0.2ms | Allocations: 124)
  Rendered layout layouts/application.html.erb (Duration: 1.1ms | Allocations: 1162)
Completed 200 OK in 12154ms (Views: 1.6ms | ActiveRecord: 10.9ms | Allocations: 84828)


Started GET "/home" for ::1 at 2026-06-02 23:24:07 +0900
  [1m[36mActiveRecord::SchemaMigration Load (0.1ms)[0m  [1m[34mSELECT "schema_migrations"."version" FROM "schema_migrations" ORDER BY "schema_migrations"."version" ASC[0m
Processing by HomeController#top as HTML
  Rendering layout layouts/application.html.erb
  Rendering home/top.html.erb within layouts/application
  Rendered home/top.html.erb within layouts/application (Duration: 3.5ms | Allocations: 1782)
  Rendered layout layouts/application.html.erb (Duration: 22.1ms | Allocations: 33002)
Completed 200 OK in 28ms (Views: 23.6ms | ActiveRecord: 0.0ms | Allocations: 36951)


Started POST "/home/generate" for ::1 at 2026-06-02 23:24:25 +0900
Processing by HomeController#generate as HTML
  Parameters: {"authenticity_token" => "[FILTERED]", "prompt" => "青森から新潟まで歩いて行こう"}
  [1m[36mTRANSACTION (0.0ms)[0m  [1m[36mbegin transaction[0m
  ↳ app/controllers/home_controller.rb:27:in 'HomeController#generate'
  [1m[36mMap Create (0.8ms)[0m  [1m[32mINSERT INTO "maps" ("map_name", "num_of_squares", "created_at", "updated_at") VALUES (?, ?, ?, ?) RETURNING "id"[0m  [["map_name", "青森から新潟へ！日本海縦断すごろく旅"], ["num_of_squares", 22], ["created_at", "2026-06-02 14:24:37.581863"], ["updated_at", "2026-06-02 14:24:37.581863"]]
  ↳ app/controllers/home_controller.rb:27:in 'HomeController#generate'
  [1m[36mTRANSACTION (0.2ms)[0m  [1m[36mcommit transaction[0m
  ↳ app/controllers/home_controller.rb:27:in 'HomeController#generate'
  [1m[36mTRANSACTION (0.0ms)[0m  [1m[36mbegin transaction[0m
  ↳ app/controllers/home_controller.rb:33:in 'block in HomeController#generate'
  [1m[36mSquare Create (0.5ms)[0m  [1m[32mINSERT INTO "squares" ("map_id", "position", "square_type", "square_text", "effect", "value", "created_at", "updated_at") VALUES (?, ?, ?, ?, ?, ?, ?, ?) RETURNING "id"[0m  [["map_id", 2], ["position", 1], ["square_type", "start"], ["square_text", "青森駅を出発！新潟を目指して歩き始めよう！"], ["effect", "none"], ["value", 0], ["created_at", "2026-06-02 14:24:37.596395"], ["updated_at", "2026-06-02 14:24:37.596395"]]
  ↳ app/controllers/home_controller.rb:33:in 'block in HomeController#generate'
  [1m[36mTRANSACTION (0.0ms)[0m  [1m[36mcommit transaction[0m
  ↳ app/controllers/home_controller.rb:33:in 'block in HomeController#generate'
  [1m[36mTRANSACTION (0.0ms)[0m  [1m[36mbegin transaction[0m
  ↳ app/controllers/home_controller.rb:33:in 'block in HomeController#generate'
  [1m[36mSquare Create (0.4ms)[0m  [1m[32mINSERT INTO "squares" ("map_id", "position", "square_type", "square_text", "effect", "value", "created_at", "updated_at") VALUES (?, ?, ?, ?, ?, ?, ?, ?) RETURNING "id"[0m  [["map_id", 2], ["position", 2], ["square_type", "event"], ["square_text", "弘前城の桜は圧巻！美しい景色に見とれてもう一度サイコロを振る！"], ["effect", "roll_again"], ["value", 0], ["created_at", "2026-06-02 14:24:37.598041"], ["updated_at", "2026-06-02 14:24:37.598041"]]
  ↳ app/controllers/home_controller.rb:33:in 'block in HomeController#generate'
  [1m[36mTRANSACTION (0.0ms)[0m  [1m[36mcommit transaction[0m
  ↳ app/controllers/home_controller.rb:33:in 'block in HomeController#generate'
  [1m[36mTRANSACTION (0.0ms)[0m  [1m[36mbegin transaction[0m
  ↳ app/controllers/home_controller.rb:33:in 'block in HomeController#generate'
  [1m[36mSquare Create (0.5ms)[0m  [1m[32mINSERT INTO "squares" ("map_id", "position", "square_type", "square_text", "effect", "value", "created_at", "updated_at") VALUES (?, ?, ?, ?, ?, ?, ?, ?) RETURNING "id"[0m  [["map_id", 2], ["position", 3], ["square_type", "event"], ["square_text", "五所川原立佞武多の館を訪れる。迫力に感動し、1マス進む！"], ["effect", "move"], ["value", 1], ["created_at", "2026-06-02 14:24:37.599412"], ["updated_at", "2026-06-02 14:24:37.599412"]]
  ↳ app/controllers/home_controller.rb:33:in 'block in HomeController#generate'
  [1m[36mTRANSACTION (0.0ms)[0m  [1m[36mcommit transaction[0m
  ↳ app/controllers/home_controller.rb:33:in 'block in HomeController#generate'
  [1m[36mTRANSACTION (0.0ms)[0m  [1m[36mbegin transaction[0m
  ↳ app/controllers/home_controller.rb:33:in 'block in HomeController#generate'
  [1m[36mSquare Create (0.4ms)[0m  [1m[32mINSERT INTO "squares" ("map_id", "position", "square_type", "square_text", "effect", "value", "created_at", "updated_at") VALUES (?, ?, ?, ?, ?, ?, ?, ?) RETURNING "id"[0m  [["map_id", 2], ["position", 4], ["square_type", "event"], ["square_text", "白神山地のふもとを歩く。神秘的な空気に癒される。"], ["effect", "none"], ["value", 0], ["created_at", "2026-06-02 14:24:37.600827"], ["updated_at", "2026-06-02 14:24:37.600827"]]
  ↳ app/controllers/home_controller.rb:33:in 'block in HomeController#generate'
  [1m[36mTRANSACTION (0.0ms)[0m  [1m[36mcommit transaction[0m
  ↳ app/controllers/home_controller.rb:33:in 'block in HomeController#generate'
  [1m[36mTRANSACTION (0.0ms)[0m  [1m[36mbegin transaction[0m
  ↳ app/controllers/home_controller.rb:33:in 'block in HomeController#generate'
  [1m[36mSquare Create (0.3ms)[0m  [1m[32mINSERT INTO "squares" ("map_id", "position", "square_type", "square_text", "effect", "value", "created_at", "updated_at") VALUES (?, ?, ?, ?, ?, ?, ?, ?) RETURNING "id"[0m  [["map_id", 2], ["position", 5], ["square_type", "event"], ["square_text", "秋田県に突入！きりたんぽ鍋で腹ごしらえ。元気が出て2マス進む！"], ["effect", "move"], ["value", 2], ["created_at", "2026-06-02 14:24:37.601940"], ["updated_at", "2026-06-02 14:24:37.601940"]]
  ↳ app/controllers/home_controller.rb:33:in 'block in HomeController#generate'
  [1m[36mTRANSACTION (0.0ms)[0m  [1m[36mcommit transaction[0m
  ↳ app/controllers/home_controller.rb:33:in 'block in HomeController#generate'
  [1m[36mTRANSACTION (0.0ms)[0m  [1m[36mbegin transaction[0m
  ↳ app/controllers/home_controller.rb:33:in 'block in HomeController#generate'
  [1m[36mSquare Create (0.3ms)[0m  [1m[32mINSERT INTO "squares" ("map_id", "position", "square_type", "square_text", "effect", "value", "created_at", "updated_at") VALUES (?, ?, ?, ?, ?, ?, ?, ?) RETURNING "id"[0m  [["map_id", 2], ["position", 6], ["square_type", "event"], ["square_text", "男鹿半島でなまはげに遭遇！驚いて1マス戻る！"], ["effect", "move"], ["value", -1], ["created_at", "2026-06-02 14:24:37.603032"], ["updated_at", "2026-06-02 14:24:37.603032"]]
  ↳ app/controllers/home_controller.rb:33:in 'block in HomeController#generate'
  [1m[36mTRANSACTION (0.0ms)[0m  [1m[36mcommit transaction[0m
  ↳ app/controllers/home_controller.rb:33:in 'block in HomeController#generate'
  [1m[36mTRANSACTION (0.0ms)[0m  [1m[36mbegin transaction[0m
  ↳ app/controllers/home_controller.rb:33:in 'block in HomeController#generate'
  [1m[36mSquare Create (0.3ms)[0m  [1m[32mINSERT INTO "squares" ("map_id", "position", "square_type", "square_text", "effect", "value", "created_at", "updated_at") VALUES (?, ?, ?, ?, ?, ?, ?, ?) RETURNING "id"[0m  [["map_id", 2], ["position", 7], ["square_type", "event"], ["square_text", "田沢湖の神秘的な青さに感動。しばらく眺めてしまう。"], ["effect", "none"], ["value", 0], ["created_at", "2026-06-02 14:24:37.604087"], ["updated_at", "2026-06-02 14:24:37.604087"]]
  ↳ app/controllers/home_controller.rb:33:in 'block in HomeController#generate'
  [1m[36mTRANSACTION (0.0ms)[0m  [1m[36mcommit transaction[0m
  ↳ app/controllers/home_controller.rb:33:in 'block in HomeController#generate'
  [1m[36mTRANSACTION (0.0ms)[0m  [1m[36mbegin transaction[0m
  ↳ app/controllers/home_controller.rb:33:in 'block in HomeController#generate'
  [1m[36mSquare Create (0.3ms)[0m  [1m[32mINSERT INTO "squares" ("map_id", "position", "square_type", "square_text", "effect", "value", "created_at", "updated_at") VALUES (?, ?, ?, ?, ?, ?, ?, ?) RETURNING "id"[0m  [["map_id", 2], ["position", 8], ["square_type", "event"], ["square_text", "横手のかまくらを見学。雪国情緒に浸る。"], ["effect", "none"], ["value", 0], ["created_at", "2026-06-02 14:24:37.605088"], ["updated_at", "2026-06-02 14:24:37.605088"]]
  ↳ app/controllers/home_controller.rb:33:in 'block in HomeController#generate'
  [1m[36mTRANSACTION (0.0ms)[0m  [1m[36mcommit transaction[0m
  ↳ app/controllers/home_controller.rb:33:in 'block in HomeController#generate'
  [1m[36mTRANSACTION (0.0ms)[0m  [1m[36mbegin transaction[0m
  ↳ app/controllers/home_controller.rb:33:in 'block in HomeController#generate'
  [1m[36mSquare Create (0.4ms)[0m  [1m[32mINSERT INTO "squares" ("map_id", "position", "square_type", "square_text", "effect", "value", "created_at", "updated_at") VALUES (?, ?, ?, ?, ?, ?, ?, ?) RETURNING "id"[0m  [["map_id", 2], ["position", 9], ["square_type", "event"], ["square_text", "道の駅で地元の美味しいリンゴを発見！パワーチャージしてもう一度サイコロを振る！"], ["effect", "roll_again"], ["value", 0], ["created_at", "2026-06-02 14:24:37.606097"], ["updated_at", "2026-06-02 14:24:37.606097"]]
  ↳ app/controllers/home_controller.rb:33:in 'block in HomeController#generate'
  [1m[36mTRANSACTION (0.0ms)[0m  [1m[36mcommit transaction[0m
  ↳ app/controllers/home_controller.rb:33:in 'block in HomeController#generate'
  [1m[36mTRANSACTION (0.0ms)[0m  [1m[36mbegin transaction[0m
  ↳ app/controllers/home_controller.rb:33:in 'block in HomeController#generate'
  [1m[36mSquare Create (0.3ms)[0m  [1m[32mINSERT INTO "squares" ("map_id", "position", "square_type", "square_text", "effect", "value", "created_at", "updated_at") VALUES (?, ?, ?, ?, ?, ?, ?, ?) RETURNING "id"[0m  [["map_id", 2], ["position", 10], ["square_type", "event"], ["square_text", "鳥海山の絶景を眺める。気分爽快！"], ["effect", "none"], ["value", 0], ["created_at", "2026-06-02 14:24:37.607239"], ["updated_at", "2026-06-02 14:24:37.607239"]]
  ↳ app/controllers/home_controller.rb:33:in 'block in HomeController#generate'
  [1m[36mTRANSACTION (0.0ms)[0m  [1m[36mcommit transaction[0m
  ↳ app/controllers/home_controller.rb:33:in 'block in HomeController#generate'
  [1m[36mTRANSACTION (0.0ms)[0m  [1m[36mbegin transaction[0m
  ↳ app/controllers/home_controller.rb:33:in 'block in HomeController#generate'
  [1m[36mSquare Create (0.3ms)[0m  [1m[32mINSERT INTO "squares" ("map_id", "position", "square_type", "square_text", "effect", "value", "created_at", "updated_at") VALUES (?, ?, ?, ?, ?, ?, ?, ?) RETURNING "id"[0m  [["map_id", 2], ["position", 11], ["square_type", "event"], ["square_text", "山形県に突入！最上川の舟下りを楽しむ。風情があって2マス進む！"], ["effect", "move"], ["value", 2], ["created_at", "2026-06-02 14:24:37.608204"], ["updated_at", "2026-06-02 14:24:37.608204"]]
  ↳ app/controllers/home_controller.rb:33:in 'block in HomeController#generate'
  [1m[36mTRANSACTION (0.0ms)[0m  [1m[36mcommit transaction[0m
  ↳ app/controllers/home_controller.rb:33:in 'block in HomeController#generate'
  [1m[36mTRANSACTION (0.0ms)[0m  [1m[36mbegin transaction[0m
  ↳ app/controllers/home_controller.rb:33:in 'block in HomeController#generate'
  [1m[36mSquare Create (0.4ms)[0m  [1m[32mINSERT INTO "squares" ("map_id", "position", "square_type", "square_text", "effect", "value", "created_at", "updated_at") VALUES (?, ?, ?, ?, ?, ?, ?, ?) RETURNING "id"[0m  [["map_id", 2], ["position", 12], ["square_type", "event"], ["square_text", "庄内平野の田園風景に心癒される。のんびり歩く。"], ["effect", "none"], ["value", 0], ["created_at", "2026-06-02 14:24:37.609196"], ["updated_at", "2026-06-02 14:24:37.609196"]]
  ↳ app/controllers/home_controller.rb:33:in 'block in HomeController#generate'
  [1m[36mTRANSACTION (0.0ms)[0m  [1m[36mcommit transaction[0m
  ↳ app/controllers/home_controller.rb:33:in 'block in HomeController#generate'
  [1m[36mTRANSACTION (0.0ms)[0m  [1m[36mbegin transaction[0m
  ↳ app/controllers/home_controller.rb:33:in 'block in HomeController#generate'
  [1m[36mSquare Create (0.4ms)[0m  [1m[32mINSERT INTO "squares" ("map_id", "position", "square_type", "square_text", "effect", "value", "created_at", "updated_at") VALUES (?, ?, ?, ?, ?, ?, ?, ?) RETURNING "id"[0m  [["map_id", 2], ["position", 13], ["square_type", "event"], ["square_text", "出羽三山神社を参拝。神聖な空気に心が洗われる。"], ["effect", "none"], ["value", 0], ["created_at", "2026-06-02 14:24:37.610448"], ["updated_at", "2026-06-02 14:24:37.610448"]]
  ↳ app/controllers/home_controller.rb:33:in 'block in HomeController#generate'
  [1m[36mTRANSACTION (0.0ms)[0m  [1m[36mcommit transaction[0m
  ↳ app/controllers/home_controller.rb:33:in 'block in HomeController#generate'
  [1m[36mTRANSACTION (0.0ms)[0m  [1m[36mbegin transaction[0m
  ↳ app/controllers/home_controller.rb:33:in 'block in HomeController#generate'
  [1m[36mSquare Create (0.3ms)[0m  [1m[32mINSERT INTO "squares" ("map_id", "position", "square_type", "square_text", "effect", "value", "created_at", "updated_at") VALUES (?, ?, ?, ?, ?, ?, ?, ?) RETURNING "id"[0m  [["map_id", 2], ["position", 14], ["square_type", "event"], ["square_text", "日本海の夕日が美しい。思わず足を止めて見入ってしまう。"], ["effect", "none"], ["value", 0], ["created_at", "2026-06-02 14:24:37.611549"], ["updated_at", "2026-06-02 14:24:37.611549"]]
  ↳ app/controllers/home_controller.rb:33:in 'block in HomeController#generate'
  [1m[36mTRANSACTION (0.0ms)[0m  [1m[36mcommit transaction[0m
  ↳ app/controllers/home_controller.rb:33:in 'block in HomeController#generate'
  [1m[36mTRANSACTION (0.0ms)[0m  [1m[36mbegin transaction[0m
  ↳ app/controllers/home_controller.rb:33:in 'block in HomeController#generate'
  [1m[36mSquare Create (0.3ms)[0m  [1m[32mINSERT INTO "squares" ("map_id", "position", "square_type", "square_text", "effect", "value", "created_at", "updated_at") VALUES (?, ?, ?, ?, ?, ?, ?, ?) RETURNING "id"[0m  [["map_id", 2], ["position", 15], ["square_type", "event"], ["square_text", "温泉街で足湯に浸かる。旅の疲れが癒されて1マス進む！"], ["effect", "move"], ["value", 1], ["created_at", "2026-06-02 14:24:37.612540"], ["updated_at", "2026-06-02 14:24:37.612540"]]
  ↳ app/controllers/home_controller.rb:33:in 'block in HomeController#generate'
  [1m[36mTRANSACTION (0.0ms)[0m  [1m[36mcommit transaction[0m
  ↳ app/controllers/home_controller.rb:33:in 'block in HomeController#generate'
  [1m[36mTRANSACTION (0.0ms)[0m  [1m[36mbegin transaction[0m
  ↳ app/controllers/home_controller.rb:33:in 'block in HomeController#generate'
  [1m[36mSquare Create (0.3ms)[0m  [1m[32mINSERT INTO "squares" ("map_id", "position", "square_type", "square_text", "effect", "value", "created_at", "updated_at") VALUES (?, ?, ?, ?, ?, ?, ?, ?) RETURNING "id"[0m  [["map_id", 2], ["position", 16], ["square_type", "event"], ["square_text", "地元の美味しい日本酒に出会う。つい飲みすぎて1回休み！"], ["effect", "skip"], ["value", 1], ["created_at", "2026-06-02 14:24:37.613487"], ["updated_at", "2026-06-02 14:24:37.613487"]]
  ↳ app/controllers/home_controller.rb:33:in 'block in HomeController#generate'
  [1m[36mTRANSACTION (0.0ms)[0m  [1m[36mcommit transaction[0m
  ↳ app/controllers/home_controller.rb:33:in 'block in HomeController#generate'
  [1m[36mTRANSACTION (0.0ms)[0m  [1m[36mbegin transaction[0m
  ↳ app/controllers/home_controller.rb:33:in 'block in HomeController#generate'
  [1m[36mSquare Create (0.3ms)[0m  [1m[32mINSERT INTO "squares" ("map_id", "position", "square_type", "square_text", "effect", "value", "created_at", "updated_at") VALUES (?, ?, ?, ?, ?, ?, ?, ?) RETURNING "id"[0m  [["map_id", 2], ["position", 17], ["square_type", "event"], ["square_text", "新潟県に突入！ゴールまであと少し！"], ["effect", "none"], ["value", 0], ["created_at", "2026-06-02 14:24:37.614451"], ["updated_at", "2026-06-02 14:24:37.614451"]]
  ↳ app/controllers/home_controller.rb:33:in 'block in HomeController#generate'
  [1m[36mTRANSACTION (0.0ms)[0m  [1m[36mcommit transaction[0m
  ↳ app/controllers/home_controller.rb:33:in 'block in HomeController#generate'
  [1m[36mTRANSACTION (0.0ms)[0m  [1m[36mbegin transaction[0m
  ↳ app/controllers/home_controller.rb:33:in 'block in HomeController#generate'
  [1m[36mSquare Create (0.3ms)[0m  [1m[32mINSERT INTO "squares" ("map_id", "position", "square_type", "square_text", "effect", "value", "created_at", "updated_at") VALUES (?, ?, ?, ?, ?, ?, ?, ?) RETURNING "id"[0m  [["map_id", 2], ["position", 18], ["square_type", "event"], ["square_text", "笹川流れの奇岩群に感動！美しい景色に元気をもらう！"], ["effect", "none"], ["value", 0], ["created_at", "2026-06-02 14:24:37.615375"], ["updated_at", "2026-06-02 14:24:37.615375"]]
  ↳ app/controllers/home_controller.rb:33:in 'block in HomeController#generate'
  [1m[36mTRANSACTION (0.0ms)[0m  [1m[36mcommit transaction[0m
  ↳ app/controllers/home_controller.rb:33:in 'block in HomeController#generate'
  [1m[36mTRANSACTION (0.0ms)[0m  [1m[36mbegin transaction[0m
  ↳ app/controllers/home_controller.rb:33:in 'block in HomeController#generate'
  [1m[36mSquare Create (0.6ms)[0m  [1m[32mINSERT INTO "squares" ("map_id", "position", "square_type", "square_text", "effect", "value", "created_at", "updated_at") VALUES (?, ?, ?, ?, ?, ?, ?, ?) RETURNING "id"[0m  [["map_id", 2], ["position", 19], ["square_type", "event"], ["square_text", "村上大祭に遭遇！活気あるお祭りに参加してもう一度サイコロを振る！"], ["effect", "roll_again"], ["value", 0], ["created_at", "2026-06-02 14:24:37.616538"], ["updated_at", "2026-06-02 14:24:37.616538"]]
  ↳ app/controllers/home_controller.rb:33:in 'block in HomeController#generate'
  [1m[36mTRANSACTION (0.1ms)[0m  [1m[36mcommit transaction[0m
  ↳ app/controllers/home_controller.rb:33:in 'block in HomeController#generate'
  [1m[36mTRANSACTION (0.0ms)[0m  [1m[36mbegin transaction[0m
  ↳ app/controllers/home_controller.rb:33:in 'block in HomeController#generate'
  [1m[36mSquare Create (0.5ms)[0m  [1m[32mINSERT INTO "squares" ("map_id", "position", "square_type", "square_text", "effect", "value", "created_at", "updated_at") VALUES (?, ?, ?, ?, ?, ?, ?, ?) RETURNING "id"[0m  [["map_id", 2], ["position", 20], ["square_type", "event"], ["square_text", "新潟のコシヒカリおにぎりを食べる。体が軽くなって3マス進む！"], ["effect", "move"], ["value", 3], ["created_at", "2026-06-02 14:24:37.618391"], ["updated_at", "2026-06-02 14:24:37.618391"]]
  ↳ app/controllers/home_controller.rb:33:in 'block in HomeController#generate'
  [1m[36mTRANSACTION (0.0ms)[0m  [1m[36mcommit transaction[0m
  ↳ app/controllers/home_controller.rb:33:in 'block in HomeController#generate'
  [1m[36mTRANSACTION (0.0ms)[0m  [1m[36mbegin transaction[0m
  ↳ app/controllers/home_controller.rb:33:in 'block in HomeController#generate'
  [1m[36mSquare Create (0.3ms)[0m  [1m[32mINSERT INTO "squares" ("map_id", "position", "square_type", "square_text", "effect", "value", "created_at", "updated_at") VALUES (?, ?, ?, ?, ?, ?, ?, ?) RETURNING "id"[0m  [["map_id", 2], ["position", 21], ["square_type", "event"], ["square_text", "信濃川沿いを歩く。雄大な景色が広がる。"], ["effect", "none"], ["value", 0], ["created_at", "2026-06-02 14:24:37.619667"], ["updated_at", "2026-06-02 14:24:37.619667"]]
  ↳ app/controllers/home_controller.rb:33:in 'block in HomeController#generate'
  [1m[36mTRANSACTION (0.0ms)[0m  [1m[36mcommit transaction[0m
  ↳ app/controllers/home_controller.rb:33:in 'block in HomeController#generate'
  [1m[36mTRANSACTION (0.0ms)[0m  [1m[36mbegin transaction[0m
  ↳ app/controllers/home_controller.rb:33:in 'block in HomeController#generate'
  [1m[36mSquare Create (0.3ms)[0m  [1m[32mINSERT INTO "squares" ("map_id", "position", "square_type", "square_text", "effect", "value", "created_at", "updated_at") VALUES (?, ?, ?, ?, ?, ?, ?, ?) RETURNING "id"[0m  [["map_id", 2], ["position", 22], ["square_type", "goal"], ["square_text", "新潟駅に到着！青森から歩ききった！感動のゴール！"], ["effect", "finish"], ["value", 0], ["created_at", "2026-06-02 14:24:37.620664"], ["updated_at", "2026-06-02 14:24:37.620664"]]
  ↳ app/controllers/home_controller.rb:33:in 'block in HomeController#generate'
  [1m[36mTRANSACTION (0.0ms)[0m  [1m[36mcommit transaction[0m
  ↳ app/controllers/home_controller.rb:33:in 'block in HomeController#generate'
AI生成成功
{"title" => "青森から新潟へ！日本海縦断すごろく旅", "squares" => [{"type" => "start", "text" => "青森駅を出発！新潟を目指して歩き始めよう！", "effect" => "none", "value" => 0}, {"type" => "event", "text" => "弘前城の桜は圧巻！美しい景色に見とれてもう一度サイコロを振る！", "effect" => "roll_again", "value" => 0}, {"type" => "event", "text" => "五所川原立佞武多の館を訪れる。迫力に感動し、1マス進む！", "effect" => "move", "value" => 1}, {"type" => "event", "text" => "白神山地のふもとを歩く。神秘的な空気に癒される。", "effect" => "none", "value" => 0}, {"type" => "event", "text" => "秋田県に突入！きりたんぽ鍋で腹ごしらえ。元気が出て2マス進む！", "effect" => "move", "value" => 2}, {"type" => "event", "text" => "男鹿半島でなまはげに遭遇！驚いて1マス戻る！", "effect" => "move", "value" => -1}, {"type" => "event", "text" => "田沢湖の神秘的な青さに感動。しばらく眺めてしまう。", "effect" => "none", "value" => 0}, {"type" => "event", "text" => "横手のかまくらを見学。雪国情緒に浸る。", "effect" => "none", "value" => 0}, {"type" => "event", "text" => "道の駅で地元の美味しいリンゴを発見！パワーチャージしてもう一度サイコロを振る！", "effect" => "roll_again", "value" => 0}, {"type" => "event", "text" => "鳥海山の絶景を眺める。気分爽快！", "effect" => "none", "value" => 0}, {"type" => "event", "text" => "山形県に突入！最上川の舟下りを楽しむ。風情があって2マス進む！", "effect" => "move", "value" => 2}, {"type" => "event", "text" => "庄内平野の田園風景に心癒される。のんびり歩く。", "effect" => "none", "value" => 0}, {"type" => "event", "text" => "出羽三山神社を参拝。神聖な空気に心が洗われる。", "effect" => "none", "value" => 0}, {"type" => "event", "text" => "日本海の夕日が美しい。思わず足を止めて見入ってしまう。", "effect" => "none", "value" => 0}, {"type" => "event", "text" => "温泉街で足湯に浸かる。旅の疲れが癒されて1マス進む！", "effect" => "move", "value" => 1}, {"type" => "event", "text" => "地元の美味しい日本酒に出会う。つい飲みすぎて1回休み！", "effect" => "skip", "value" => 1}, {"type" => "event", "text" => "新潟県に突入！ゴールまであと少し！", "effect" => "none", "value" => 0}, {"type" => "event", "text" => "笹川流れの奇岩群に感動！美しい景色に元気をもらう！", "effect" => "none", "value" => 0}, {"type" => "event", "text" => "村上大祭に遭遇！活気あるお祭りに参加してもう一度サイコロを振る！", "effect" => "roll_again", "value" => 0}, {"type" => "event", "text" => "新潟のコシヒカリおにぎりを食べる。体が軽くなって3マス進む！", "effect" => "move", "value" => 3}, {"type" => "event", "text" => "信濃川沿いを歩く。雄大な景色が広がる。", "effect" => "none", "value" => 0}, {"type" => "goal", "text" => "新潟駅に到着！青森から歩ききった！感動のゴール！", "effect" => "finish", "value" => 0}]}
AI生成エラー
undefined method 'result' for an instance of HomeController
  Rendering layout layouts/application.html.erb
  Rendering home/generate.html.erb within layouts/application
  Rendered home/generate.html.erb within layouts/application (Duration: 0.2ms | Allocations: 124)
  Rendered layout layouts/application.html.erb (Duration: 1.0ms | Allocations: 1162)
Completed 200 OK in 11826ms (Views: 1.6ms | ActiveRecord: 12.6ms | Allocations: 73745)


Started GET "/home" for ::1 at 2026-06-02 23:25:07 +0900
  [1m[36mActiveRecord::SchemaMigration Load (0.1ms)[0m  [1m[34mSELECT "schema_migrations"."version" FROM "schema_migrations" ORDER BY "schema_migrations"."version" ASC[0m
Processing by HomeController#top as HTML
  Rendering layout layouts/application.html.erb
  Rendering home/top.html.erb within layouts/application
  Rendered home/top.html.erb within layouts/application (Duration: 2.3ms | Allocations: 1777)
  Rendered layout layouts/application.html.erb (Duration: 21.9ms | Allocations: 32995)
Completed 200 OK in 33ms (Views: 30.5ms | ActiveRecord: 0.0ms | Allocations: 36943)


Started POST "/home/generate" for ::1 at 2026-06-02 23:25:20 +0900
Processing by HomeController#generate as HTML
  Parameters: {"authenticity_token" => "[FILTERED]", "prompt" => "青森から新潟まで歩いて行こう"}
  [1m[36mTRANSACTION (0.0ms)[0m  [1m[36mbegin transaction[0m
  ↳ app/controllers/home_controller.rb:27:in 'HomeController#generate'
  [1m[36mMap Create (0.7ms)[0m  [1m[32mINSERT INTO "maps" ("map_name", "num_of_squares", "created_at", "updated_at") VALUES (?, ?, ?, ?) RETURNING "id"[0m  [["map_name", "日本海縦断の旅！青森から新潟すごろく"], ["num_of_squares", 20], ["created_at", "2026-06-02 14:25:31.809965"], ["updated_at", "2026-06-02 14:25:31.809965"]]
  ↳ app/controllers/home_controller.rb:27:in 'HomeController#generate'
  [1m[36mTRANSACTION (0.2ms)[0m  [1m[36mcommit transaction[0m
  ↳ app/controllers/home_controller.rb:27:in 'HomeController#generate'
  [1m[36mTRANSACTION (0.0ms)[0m  [1m[36mbegin transaction[0m
  ↳ app/controllers/home_controller.rb:33:in 'block in HomeController#generate'
  [1m[36mSquare Create (0.5ms)[0m  [1m[32mINSERT INTO "squares" ("map_id", "position", "square_type", "square_text", "effect", "value", "created_at", "updated_at") VALUES (?, ?, ?, ?, ?, ?, ?, ?) RETURNING "id"[0m  [["map_id", 3], ["position", 1], ["square_type", "start"], ["square_text", "青森市を出発！目指せ新潟！"], ["effect", "none"], ["value", 0], ["created_at", "2026-06-02 14:25:31.822836"], ["updated_at", "2026-06-02 14:25:31.822836"]]
  ↳ app/controllers/home_controller.rb:33:in 'block in HomeController#generate'
  [1m[36mTRANSACTION (0.1ms)[0m  [1m[36mcommit transaction[0m
  ↳ app/controllers/home_controller.rb:33:in 'block in HomeController#generate'
  [1m[36mTRANSACTION (0.0ms)[0m  [1m[36mbegin transaction[0m
  ↳ app/controllers/home_controller.rb:33:in 'block in HomeController#generate'
  [1m[36mSquare Create (0.4ms)[0m  [1m[32mINSERT INTO "squares" ("map_id", "position", "square_type", "square_text", "effect", "value", "created_at", "updated_at") VALUES (?, ?, ?, ?, ?, ?, ?, ?) RETURNING "id"[0m  [["map_id", 3], ["position", 2], ["square_type", "event"], ["square_text", "ねぶた祭りの熱気に触れる！もう一度サイコロを振ろう！"], ["effect", "roll_again"], ["value", 0], ["created_at", "2026-06-02 14:25:31.824405"], ["updated_at", "2026-06-02 14:25:31.824405"]]
  ↳ app/controllers/home_controller.rb:33:in 'block in HomeController#generate'
  [1m[36mTRANSACTION (0.0ms)[0m  [1m[36mcommit transaction[0m
  ↳ app/controllers/home_controller.rb:33:in 'block in HomeController#generate'
  [1m[36mTRANSACTION (0.0ms)[0m  [1m[36mbegin transaction[0m
  ↳ app/controllers/home_controller.rb:33:in 'block in HomeController#generate'
  [1m[36mSquare Create (0.4ms)[0m  [1m[32mINSERT INTO "squares" ("map_id", "position", "square_type", "square_text", "effect", "value", "created_at", "updated_at") VALUES (?, ?, ?, ?, ?, ?, ?, ?) RETURNING "id"[0m  [["map_id", 3], ["position", 3], ["square_type", "event"], ["square_text", "弘前城に到着！休憩だ。"], ["effect", "none"], ["value", 0], ["created_at", "2026-06-02 14:25:31.825529"], ["updated_at", "2026-06-02 14:25:31.825529"]]
  ↳ app/controllers/home_controller.rb:33:in 'block in HomeController#generate'
  [1m[36mTRANSACTION (0.0ms)[0m  [1m[36mcommit transaction[0m
  ↳ app/controllers/home_controller.rb:33:in 'block in HomeController#generate'
  [1m[36mTRANSACTION (0.0ms)[0m  [1m[36mbegin transaction[0m
  ↳ app/controllers/home_controller.rb:33:in 'block in HomeController#generate'
  [1m[36mSquare Create (0.4ms)[0m  [1m[32mINSERT INTO "squares" ("map_id", "position", "square_type", "square_text", "effect", "value", "created_at", "updated_at") VALUES (?, ?, ?, ?, ?, ?, ?, ?) RETURNING "id"[0m  [["map_id", 3], ["position", 4], ["square_type", "event"], ["square_text", "りんごの食べすぎでお腹いっぱい。1マス進む。"], ["effect", "move"], ["value", 1], ["created_at", "2026-06-02 14:25:31.826615"], ["updated_at", "2026-06-02 14:25:31.826615"]]
  ↳ app/controllers/home_controller.rb:33:in 'block in HomeController#generate'
  [1m[36mTRANSACTION (0.0ms)[0m  [1m[36mcommit transaction[0m
  ↳ app/controllers/home_controller.rb:33:in 'block in HomeController#generate'
  [1m[36mTRANSACTION (0.0ms)[0m  [1m[36mbegin transaction[0m
  ↳ app/controllers/home_controller.rb:33:in 'block in HomeController#generate'
  [1m[36mSquare Create (0.6ms)[0m  [1m[32mINSERT INTO "squares" ("map_id", "position", "square_type", "square_text", "effect", "value", "created_at", "updated_at") VALUES (?, ?, ?, ?, ?, ?, ?, ?) RETURNING "id"[0m  [["map_id", 3], ["position", 5], ["square_type", "event"], ["square_text", "十和田湖畔を散策。美しい景色に癒される。"], ["effect", "none"], ["value", 0], ["created_at", "2026-06-02 14:25:31.827668"], ["updated_at", "2026-06-02 14:25:31.827668"]]
  ↳ app/controllers/home_controller.rb:33:in 'block in HomeController#generate'
  [1m[36mTRANSACTION (0.0ms)[0m  [1m[36mcommit transaction[0m
  ↳ app/controllers/home_controller.rb:33:in 'block in HomeController#generate'
  [1m[36mTRANSACTION (0.0ms)[0m  [1m[36mbegin transaction[0m
  ↳ app/controllers/home_controller.rb:33:in 'block in HomeController#generate'
  [1m[36mSquare Create (0.3ms)[0m  [1m[32mINSERT INTO "squares" ("map_id", "position", "square_type", "square_text", "effect", "value", "created_at", "updated_at") VALUES (?, ?, ?, ?, ?, ?, ?, ?) RETURNING "id"[0m  [["map_id", 3], ["position", 6], ["square_type", "event"], ["square_text", "白神山地で迷子に！1回休み。"], ["effect", "skip"], ["value", 1], ["created_at", "2026-06-02 14:25:31.829081"], ["updated_at", "2026-06-02 14:25:31.829081"]]
  ↳ app/controllers/home_controller.rb:33:in 'block in HomeController#generate'
  [1m[36mTRANSACTION (0.0ms)[0m  [1m[36mcommit transaction[0m
  ↳ app/controllers/home_controller.rb:33:in 'block in HomeController#generate'
  [1m[36mTRANSACTION (0.0ms)[0m  [1m[36mbegin transaction[0m
  ↳ app/controllers/home_controller.rb:33:in 'block in HomeController#generate'
  [1m[36mSquare Create (0.3ms)[0m  [1m[32mINSERT INTO "squares" ("map_id", "position", "square_type", "square_text", "effect", "value", "created_at", "updated_at") VALUES (?, ?, ?, ?, ?, ?, ?, ?) RETURNING "id"[0m  [["map_id", 3], ["position", 7], ["square_type", "event"], ["square_text", "秋田県大館市に到着！比内地鶏を堪能。"], ["effect", "none"], ["value", 0], ["created_at", "2026-06-02 14:25:31.830168"], ["updated_at", "2026-06-02 14:25:31.830168"]]
  ↳ app/controllers/home_controller.rb:33:in 'block in HomeController#generate'
  [1m[36mTRANSACTION (0.0ms)[0m  [1m[36mcommit transaction[0m
  ↳ app/controllers/home_controller.rb:33:in 'block in HomeController#generate'
  [1m[36mTRANSACTION (0.0ms)[0m  [1m[36mbegin transaction[0m
  ↳ app/controllers/home_controller.rb:33:in 'block in HomeController#generate'
  [1m[36mSquare Create (0.3ms)[0m  [1m[32mINSERT INTO "squares" ("map_id", "position", "square_type", "square_text", "effect", "value", "created_at", "updated_at") VALUES (?, ?, ?, ?, ?, ?, ?, ?) RETURNING "id"[0m  [["map_id", 3], ["position", 8], ["square_type", "event"], ["square_text", "きりたんぽ鍋をごちそうになり元気回復！もう一度サイコロを振ろう！"], ["effect", "roll_again"], ["value", 0], ["created_at", "2026-06-02 14:25:31.831126"], ["updated_at", "2026-06-02 14:25:31.831126"]]
  ↳ app/controllers/home_controller.rb:33:in 'block in HomeController#generate'
  [1m[36mTRANSACTION (0.0ms)[0m  [1m[36mcommit transaction[0m
  ↳ app/controllers/home_controller.rb:33:in 'block in HomeController#generate'
  [1m[36mTRANSACTION (0.0ms)[0m  [1m[36mbegin transaction[0m
  ↳ app/controllers/home_controller.rb:33:in 'block in HomeController#generate'
  [1m[36mSquare Create (0.3ms)[0m  [1m[32mINSERT INTO "squares" ("map_id", "position", "square_type", "square_text", "effect", "value", "created_at", "updated_at") VALUES (?, ?, ?, ?, ?, ?, ?, ?) RETURNING "id"[0m  [["map_id", 3], ["position", 9], ["square_type", "event"], ["square_text", "能代市のバスケミュージアムを見学。"], ["effect", "none"], ["value", 0], ["created_at", "2026-06-02 14:25:31.832078"], ["updated_at", "2026-06-02 14:25:31.832078"]]
  ↳ app/controllers/home_controller.rb:33:in 'block in HomeController#generate'
  [1m[36mTRANSACTION (0.0ms)[0m  [1m[36mcommit transaction[0m
  ↳ app/controllers/home_controller.rb:33:in 'block in HomeController#generate'
  [1m[36mTRANSACTION (0.0ms)[0m  [1m[36mbegin transaction[0m
  ↳ app/controllers/home_controller.rb:33:in 'block in HomeController#generate'
  [1m[36mSquare Create (0.3ms)[0m  [1m[32mINSERT INTO "squares" ("map_id", "position", "square_type", "square_text", "effect", "value", "created_at", "updated_at") VALUES (?, ?, ?, ?, ?, ?, ?, ?) RETURNING "id"[0m  [["map_id", 3], ["position", 10], ["square_type", "event"], ["square_text", "日本海からの強風で足止め。1回休み。"], ["effect", "skip"], ["value", 1], ["created_at", "2026-06-02 14:25:31.833263"], ["updated_at", "2026-06-02 14:25:31.833263"]]
  ↳ app/controllers/home_controller.rb:33:in 'block in HomeController#generate'
  [1m[36mTRANSACTION (0.1ms)[0m  [1m[36mcommit transaction[0m
  ↳ app/controllers/home_controller.rb:33:in 'block in HomeController#generate'
  [1m[36mTRANSACTION (0.0ms)[0m  [1m[36mbegin transaction[0m
  ↳ app/controllers/home_controller.rb:33:in 'block in HomeController#generate'
  [1m[36mSquare Create (0.3ms)[0m  [1m[32mINSERT INTO "squares" ("map_id", "position", "square_type", "square_text", "effect", "value", "created_at", "updated_at") VALUES (?, ?, ?, ?, ?, ?, ?, ?) RETURNING "id"[0m  [["map_id", 3], ["position", 11], ["square_type", "event"], ["square_text", "秋田市に到着！竿燈まつりの準備を眺める。"], ["effect", "none"], ["value", 0], ["created_at", "2026-06-02 14:25:31.834341"], ["updated_at", "2026-06-02 14:25:31.834341"]]
  ↳ app/controllers/home_controller.rb:33:in 'block in HomeController#generate'
  [1m[36mTRANSACTION (0.0ms)[0m  [1m[36mcommit transaction[0m
  ↳ app/controllers/home_controller.rb:33:in 'block in HomeController#generate'
  [1m[36mTRANSACTION (0.0ms)[0m  [1m[36mbegin transaction[0m
  ↳ app/controllers/home_controller.rb:33:in 'block in HomeController#generate'
  [1m[36mSquare Create (0.3ms)[0m  [1m[32mINSERT INTO "squares" ("map_id", "position", "square_type", "square_text", "effect", "value", "created_at", "updated_at") VALUES (?, ?, ?, ?, ?, ?, ?, ?) RETURNING "id"[0m  [["map_id", 3], ["position", 12], ["square_type", "event"], ["square_text", "なまはげに追いかけられた！恐怖で2マス戻る。"], ["effect", "move"], ["value", -2], ["created_at", "2026-06-02 14:25:31.835412"], ["updated_at", "2026-06-02 14:25:31.835412"]]
  ↳ app/controllers/home_controller.rb:33:in 'block in HomeController#generate'
  [1m[36mTRANSACTION (0.0ms)[0m  [1m[36mcommit transaction[0m
  ↳ app/controllers/home_controller.rb:33:in 'block in HomeController#generate'
  [1m[36mTRANSACTION (0.0ms)[0m  [1m[36mbegin transaction[0m
  ↳ app/controllers/home_controller.rb:33:in 'block in HomeController#generate'
  [1m[36mSquare Create (0.4ms)[0m  [1m[32mINSERT INTO "squares" ("map_id", "position", "square_type", "square_text", "effect", "value", "created_at", "updated_at") VALUES (?, ?, ?, ?, ?, ?, ?, ?) RETURNING "id"[0m  [["map_id", 3], ["position", 13], ["square_type", "event"], ["square_text", "由利本荘市を通過。鳥海山が美しい。"], ["effect", "none"], ["value", 0], ["created_at", "2026-06-02 14:25:31.836403"], ["updated_at", "2026-06-02 14:25:31.836403"]]
  ↳ app/controllers/home_controller.rb:33:in 'block in HomeController#generate'
  [1m[36mTRANSACTION (0.0ms)[0m  [1m[36mcommit transaction[0m
  ↳ app/controllers/home_controller.rb:33:in 'block in HomeController#generate'
  [1m[36mTRANSACTION (0.0ms)[0m  [1m[36mbegin transaction[0m
  ↳ app/controllers/home_controller.rb:33:in 'block in HomeController#generate'
  [1m[36mSquare Create (0.7ms)[0m  [1m[32mINSERT INTO "squares" ("map_id", "position", "square_type", "square_text", "effect", "value", "created_at", "updated_at") VALUES (?, ?, ?, ?, ?, ?, ?, ?) RETURNING "id"[0m  [["map_id", 3], ["position", 14], ["square_type", "event"], ["square_text", "山形県酒田市に到着！港町の雰囲気を味わう。"], ["effect", "none"], ["value", 0], ["created_at", "2026-06-02 14:25:31.837415"], ["updated_at", "2026-06-02 14:25:31.837415"]]
  ↳ app/controllers/home_controller.rb:33:in 'block in HomeController#generate'
  [1m[36mTRANSACTION (0.1ms)[0m  [1m[36mcommit transaction[0m
  ↳ app/controllers/home_controller.rb:33:in 'block in HomeController#generate'
  [1m[36mTRANSACTION (0.0ms)[0m  [1m[36mbegin transaction[0m
  ↳ app/controllers/home_controller.rb:33:in 'block in HomeController#generate'
  [1m[36mSquare Create (0.4ms)[0m  [1m[32mINSERT INTO "squares" ("map_id", "position", "square_type", "square_text", "effect", "value", "created_at", "updated_at") VALUES (?, ?, ?, ?, ?, ?, ?, ?) RETURNING "id"[0m  [["map_id", 3], ["position", 15], ["square_type", "event"], ["square_text", "庄内平野の田園風景に感動！2マス進む。"], ["effect", "move"], ["value", 2], ["created_at", "2026-06-02 14:25:31.839200"], ["updated_at", "2026-06-02 14:25:31.839200"]]
  ↳ app/controllers/home_controller.rb:33:in 'block in HomeController#generate'
  [1m[36mTRANSACTION (0.0ms)[0m  [1m[36mcommit transaction[0m
  ↳ app/controllers/home_controller.rb:33:in 'block in HomeController#generate'
  [1m[36mTRANSACTION (0.0ms)[0m  [1m[36mbegin transaction[0m
  ↳ app/controllers/home_controller.rb:33:in 'block in HomeController#generate'
  [1m[36mSquare Create (0.3ms)[0m  [1m[32mINSERT INTO "squares" ("map_id", "position", "square_type", "square_text", "effect", "value", "created_at", "updated_at") VALUES (?, ?, ?, ?, ?, ?, ?, ?) RETURNING "id"[0m  [["map_id", 3], ["position", 16], ["square_type", "event"], ["square_text", "鶴岡市加茂水族館のクラゲに癒される。"], ["effect", "none"], ["value", 0], ["created_at", "2026-06-02 14:25:31.840410"], ["updated_at", "2026-06-02 14:25:31.840410"]]
  ↳ app/controllers/home_controller.rb:33:in 'block in HomeController#generate'
  [1m[36mTRANSACTION (0.0ms)[0m  [1m[36mcommit transaction[0m
  ↳ app/controllers/home_controller.rb:33:in 'block in HomeController#generate'
  [1m[36mTRANSACTION (0.0ms)[0m  [1m[36mbegin transaction[0m
  ↳ app/controllers/home_controller.rb:33:in 'block in HomeController#generate'
  [1m[36mSquare Create (0.3ms)[0m  [1m[32mINSERT INTO "squares" ("map_id", "position", "square_type", "square_text", "effect", "value", "created_at", "updated_at") VALUES (?, ?, ?, ?, ?, ?, ?, ?) RETURNING "id"[0m  [["map_id", 3], ["position", 17], ["square_type", "event"], ["square_text", "日本海の夕日が目に染みる。"], ["effect", "none"], ["value", 0], ["created_at", "2026-06-02 14:25:31.841361"], ["updated_at", "2026-06-02 14:25:31.841361"]]
  ↳ app/controllers/home_controller.rb:33:in 'block in HomeController#generate'
  [1m[36mTRANSACTION (0.0ms)[0m  [1m[36mcommit transaction[0m
  ↳ app/controllers/home_controller.rb:33:in 'block in HomeController#generate'
  [1m[36mTRANSACTION (0.0ms)[0m  [1m[36mbegin transaction[0m
  ↳ app/controllers/home_controller.rb:33:in 'block in HomeController#generate'
  [1m[36mSquare Create (0.3ms)[0m  [1m[32mINSERT INTO "squares" ("map_id", "position", "square_type", "square_text", "effect", "value", "created_at", "updated_at") VALUES (?, ?, ?, ?, ?, ?, ?, ?) RETURNING "id"[0m  [["map_id", 3], ["position", 18], ["square_type", "event"], ["square_text", "新潟県村上市に到着！鮭の遡上を見学。"], ["effect", "none"], ["value", 0], ["created_at", "2026-06-02 14:25:31.842265"], ["updated_at", "2026-06-02 14:25:31.842265"]]
  ↳ app/controllers/home_controller.rb:33:in 'block in HomeController#generate'
  [1m[36mTRANSACTION (0.0ms)[0m  [1m[36mcommit transaction[0m
  ↳ app/controllers/home_controller.rb:33:in 'block in HomeController#generate'
  [1m[36mTRANSACTION (0.0ms)[0m  [1m[36mbegin transaction[0m
  ↳ app/controllers/home_controller.rb:33:in 'block in HomeController#generate'
  [1m[36mSquare Create (0.3ms)[0m  [1m[32mINSERT INTO "squares" ("map_id", "position", "square_type", "square_text", "effect", "value", "created_at", "updated_at") VALUES (?, ?, ?, ?, ?, ?, ?, ?) RETURNING "id"[0m  [["map_id", 3], ["position", 19], ["square_type", "event"], ["square_text", "村上牛を堪能し、パワーアップ！もう一度サイコロを振ろう！"], ["effect", "roll_again"], ["value", 0], ["created_at", "2026-06-02 14:25:31.843154"], ["updated_at", "2026-06-02 14:25:31.843154"]]
  ↳ app/controllers/home_controller.rb:33:in 'block in HomeController#generate'
  [1m[36mTRANSACTION (0.0ms)[0m  [1m[36mcommit transaction[0m
  ↳ app/controllers/home_controller.rb:33:in 'block in HomeController#generate'
  [1m[36mTRANSACTION (0.0ms)[0m  [1m[36mbegin transaction[0m
  ↳ app/controllers/home_controller.rb:33:in 'block in HomeController#generate'
  [1m[36mSquare Create (0.3ms)[0m  [1m[32mINSERT INTO "squares" ("map_id", "position", "square_type", "square_text", "effect", "value", "created_at", "updated_at") VALUES (?, ?, ?, ?, ?, ?, ?, ?) RETURNING "id"[0m  [["map_id", 3], ["position", 20], ["square_type", "goal"], ["square_text", "新潟市に到着！長旅お疲れ様でした！"], ["effect", "finish"], ["value", 0], ["created_at", "2026-06-02 14:25:31.844025"], ["updated_at", "2026-06-02 14:25:31.844025"]]
  ↳ app/controllers/home_controller.rb:33:in 'block in HomeController#generate'
  [1m[36mTRANSACTION (0.0ms)[0m  [1m[36mcommit transaction[0m
  ↳ app/controllers/home_controller.rb:33:in 'block in HomeController#generate'
AI生成成功
{"title" => "日本海縦断の旅！青森から新潟すごろく", "squares" => [{"type" => "start", "text" => "青森市を出発！目指せ新潟！", "effect" => "none", "value" => 0}, {"type" => "event", "text" => "ねぶた祭りの熱気に触れる！もう一度サイコロを振ろう！", "effect" => "roll_again", "value" => 0}, {"type" => "event", "text" => "弘前城に到着！休憩だ。", "effect" => "none", "value" => 0}, {"type" => "event", "text" => "りんごの食べすぎでお腹いっぱい。1マス進む。", "effect" => "move", "value" => 1}, {"type" => "event", "text" => "十和田湖畔を散策。美しい景色に癒される。", "effect" => "none", "value" => 0}, {"type" => "event", "text" => "白神山地で迷子に！1回休み。", "effect" => "skip", "value" => 1}, {"type" => "event", "text" => "秋田県大館市に到着！比内地鶏を堪能。", "effect" => "none", "value" => 0}, {"type" => "event", "text" => "きりたんぽ鍋をごちそうになり元気回復！もう一度サイコロを振ろう！", "effect" => "roll_again", "value" => 0}, {"type" => "event", "text" => "能代市のバスケミュージアムを見学。", "effect" => "none", "value" => 0}, {"type" => "event", "text" => "日本海からの強風で足止め。1回休み。", "effect" => "skip", "value" => 1}, {"type" => "event", "text" => "秋田市に到着！竿燈まつりの準備を眺める。", "effect" => "none", "value" => 0}, {"type" => "event", "text" => "なまはげに追いかけられた！恐怖で2マス戻る。", "effect" => "move", "value" => -2}, {"type" => "event", "text" => "由利本荘市を通過。鳥海山が美しい。", "effect" => "none", "value" => 0}, {"type" => "event", "text" => "山形県酒田市に到着！港町の雰囲気を味わう。", "effect" => "none", "value" => 0}, {"type" => "event", "text" => "庄内平野の田園風景に感動！2マス進む。", "effect" => "move", "value" => 2}, {"type" => "event", "text" => "鶴岡市加茂水族館のクラゲに癒される。", "effect" => "none", "value" => 0}, {"type" => "event", "text" => "日本海の夕日が目に染みる。", "effect" => "none", "value" => 0}, {"type" => "event", "text" => "新潟県村上市に到着！鮭の遡上を見学。", "effect" => "none", "value" => 0}, {"type" => "event", "text" => "村上牛を堪能し、パワーアップ！もう一度サイコロを振ろう！", "effect" => "roll_again", "value" => 0}, {"type" => "goal", "text" => "新潟市に到着！長旅お疲れ様でした！", "effect" => "finish", "value" => 0}]}
  Rendering layout layouts/application.html.erb
  Rendering home/generate.html.erb within layouts/application
  Rendered home/generate.html.erb within layouts/application (Duration: 0.2ms | Allocations: 124)
  Rendered layout layouts/application.html.erb (Duration: 1.3ms | Allocations: 1162)
Completed 200 OK in 11277ms (Views: 1.8ms | ActiveRecord: 11.2ms | Allocations: 78564)


Started GET "/home" for ::1 at 2026-06-02 23:26:30 +0900
  [1m[36mActiveRecord::SchemaMigration Load (0.1ms)[0m  [1m[34mSELECT "schema_migrations"."version" FROM "schema_migrations" ORDER BY "schema_migrations"."version" ASC[0m
Processing by HomeController#top as HTML
  Rendering layout layouts/application.html.erb
  Rendering home/top.html.erb within layouts/application
  Rendered home/top.html.erb within layouts/application (Duration: 9.4ms | Allocations: 1780)
  Rendered layout layouts/application.html.erb (Duration: 29.1ms | Allocations: 33005)
Completed 200 OK in 33ms (Views: 30.4ms | ActiveRecord: 0.0ms | Allocations: 36953)


Started POST "/home/generate" for ::1 at 2026-06-02 23:26:52 +0900
Processing by HomeController#generate as HTML
  Parameters: {"authenticity_token" => "[FILTERED]", "prompt" => "青森から新潟まで歩いて行こう"}
  [1m[36mTRANSACTION (0.0ms)[0m  [1m[36mbegin transaction[0m
  ↳ app/controllers/home_controller.rb:27:in 'HomeController#generate'
  [1m[36mMap Create (0.7ms)[0m  [1m[32mINSERT INTO "maps" ("map_name", "num_of_squares", "created_at", "updated_at") VALUES (?, ?, ?, ?) RETURNING "id"[0m  [["map_name", "青森から新潟へ！日本海縦断 徒歩の旅スゴロク"], ["num_of_squares", 18], ["created_at", "2026-06-02 14:27:05.012164"], ["updated_at", "2026-06-02 14:27:05.012164"]]
  ↳ app/controllers/home_controller.rb:27:in 'HomeController#generate'
  [1m[36mTRANSACTION (0.2ms)[0m  [1m[36mcommit transaction[0m
  ↳ app/controllers/home_controller.rb:27:in 'HomeController#generate'
  [1m[36mTRANSACTION (0.0ms)[0m  [1m[36mbegin transaction[0m
  ↳ app/controllers/home_controller.rb:33:in 'block in HomeController#generate'
  [1m[36mSquare Create (0.6ms)[0m  [1m[32mINSERT INTO "squares" ("map_id", "position", "square_type", "square_text", "effect", "value", "created_at", "updated_at") VALUES (?, ?, ?, ?, ?, ?, ?, ?) RETURNING "id"[0m  [["map_id", 4], ["position", 1], ["square_type", "start"], ["square_text", "スタート！青森を出発！さあ、旅のはじまりだ！"], ["effect", "none"], ["value", 0], ["created_at", "2026-06-02 14:27:05.024824"], ["updated_at", "2026-06-02 14:27:05.024824"]]
  ↳ app/controllers/home_controller.rb:33:in 'block in HomeController#generate'
  [1m[36mTRANSACTION (0.1ms)[0m  [1m[36mcommit transaction[0m
  ↳ app/controllers/home_controller.rb:33:in 'block in HomeController#generate'
  [1m[36mTRANSACTION (0.0ms)[0m  [1m[36mbegin transaction[0m
  ↳ app/controllers/home_controller.rb:33:in 'block in HomeController#generate'
  [1m[36mSquare Create (0.4ms)[0m  [1m[32mINSERT INTO "squares" ("map_id", "position", "square_type", "square_text", "effect", "value", "created_at", "updated_at") VALUES (?, ?, ?, ?, ?, ?, ?, ?) RETURNING "id"[0m  [["map_id", 4], ["position", 2], ["square_type", "event"], ["square_text", "津軽平野を横断。りんご畑が広がる道を進む。"], ["effect", "none"], ["value", 0], ["created_at", "2026-06-02 14:27:05.026468"], ["updated_at", "2026-06-02 14:27:05.026468"]]
  ↳ app/controllers/home_controller.rb:33:in 'block in HomeController#generate'
  [1m[36mTRANSACTION (0.0ms)[0m  [1m[36mcommit transaction[0m
  ↳ app/controllers/home_controller.rb:33:in 'block in HomeController#generate'
  [1m[36mTRANSACTION (0.0ms)[0m  [1m[36mbegin transaction[0m
  ↳ app/controllers/home_controller.rb:33:in 'block in HomeController#generate'
  [1m[36mSquare Create (0.3ms)[0m  [1m[32mINSERT INTO "squares" ("map_id", "position", "square_type", "square_text", "effect", "value", "created_at", "updated_at") VALUES (?, ?, ?, ?, ?, ?, ?, ?) RETURNING "id"[0m  [["map_id", 4], ["position", 3], ["square_type", "event"], ["square_text", "白神山地へ寄り道。神秘の森に感動！景色に見とれて1マス進む！"], ["effect", "move"], ["value", 1], ["created_at", "2026-06-02 14:27:05.027682"], ["updated_at", "2026-06-02 14:27:05.027682"]]
  ↳ app/controllers/home_controller.rb:33:in 'block in HomeController#generate'
  [1m[36mTRANSACTION (0.0ms)[0m  [1m[36mcommit transaction[0m
  ↳ app/controllers/home_controller.rb:33:in 'block in HomeController#generate'
  [1m[36mTRANSACTION (0.0ms)[0m  [1m[36mbegin transaction[0m
  ↳ app/controllers/home_controller.rb:33:in 'block in HomeController#generate'
  [1m[36mSquare Create (0.3ms)[0m  [1m[32mINSERT INTO "squares" ("map_id", "position", "square_type", "square_text", "effect", "value", "created_at", "updated_at") VALUES (?, ?, ?, ?, ?, ?, ?, ?) RETURNING "id"[0m  [["map_id", 4], ["position", 4], ["square_type", "event"], ["square_text", "日本海沿いを進む。潮風が心地いい！"], ["effect", "none"], ["value", 0], ["created_at", "2026-06-02 14:27:05.028772"], ["updated_at", "2026-06-02 14:27:05.028772"]]
  ↳ app/controllers/home_controller.rb:33:in 'block in HomeController#generate'
  [1m[36mTRANSACTION (0.0ms)[0m  [1m[36mcommit transaction[0m
  ↳ app/controllers/home_controller.rb:33:in 'block in HomeController#generate'
  [1m[36mTRANSACTION (0.0ms)[0m  [1m[36mbegin transaction[0m
  ↳ app/controllers/home_controller.rb:33:in 'block in HomeController#generate'
  [1m[36mSquare Create (0.5ms)[0m  [1m[32mINSERT INTO "squares" ("map_id", "position", "square_type", "square_text", "effect", "value", "created_at", "updated_at") VALUES (?, ?, ?, ?, ?, ?, ?, ?) RETURNING "id"[0m  [["map_id", 4], ["position", 5], ["square_type", "event"], ["square_text", "秋田県に突入！きりたんぽ鍋で腹ごしらえ。もう一度サイコロを振れる！"], ["effect", "roll_again"], ["value", 0], ["created_at", "2026-06-02 14:27:05.029844"], ["updated_at", "2026-06-02 14:27:05.029844"]]
  ↳ app/controllers/home_controller.rb:33:in 'block in HomeController#generate'
  [1m[36mTRANSACTION (0.1ms)[0m  [1m[36mcommit transaction[0m
  ↳ app/controllers/home_controller.rb:33:in 'block in HomeController#generate'
  [1m[36mTRANSACTION (0.0ms)[0m  [1m[36mbegin transaction[0m
  ↳ app/controllers/home_controller.rb:33:in 'block in HomeController#generate'
  [1m[36mSquare Create (0.5ms)[0m  [1m[32mINSERT INTO "squares" ("map_id", "position", "square_type", "square_text", "effect", "value", "created_at", "updated_at") VALUES (?, ?, ?, ?, ?, ?, ?, ?) RETURNING "id"[0m  [["map_id", 4], ["position", 6], ["square_type", "event"], ["square_text", "男鹿半島、なまはげに遭遇！びっくりして1回休み！"], ["effect", "skip"], ["value", 1], ["created_at", "2026-06-02 14:27:05.031185"], ["updated_at", "2026-06-02 14:27:05.031185"]]
  ↳ app/controllers/home_controller.rb:33:in 'block in HomeController#generate'
  [1m[36mTRANSACTION (0.0ms)[0m  [1m[36mcommit transaction[0m
  ↳ app/controllers/home_controller.rb:33:in 'block in HomeController#generate'
  [1m[36mTRANSACTION (0.0ms)[0m  [1m[36mbegin transaction[0m
  ↳ app/controllers/home_controller.rb:33:in 'block in HomeController#generate'
  [1m[36mSquare Create (0.5ms)[0m  [1m[32mINSERT INTO "squares" ("map_id", "position", "square_type", "square_text", "effect", "value", "created_at", "updated_at") VALUES (?, ?, ?, ?, ?, ?, ?, ?) RETURNING "id"[0m  [["map_id", 4], ["position", 7], ["square_type", "event"], ["square_text", "田沢湖の美しさに癒される。体が軽くなり2マス進む！"], ["effect", "move"], ["value", 2], ["created_at", "2026-06-02 14:27:05.032662"], ["updated_at", "2026-06-02 14:27:05.032662"]]
  ↳ app/controllers/home_controller.rb:33:in 'block in HomeController#generate'
  [1m[36mTRANSACTION (0.0ms)[0m  [1m[36mcommit transaction[0m
  ↳ app/controllers/home_controller.rb:33:in 'block in HomeController#generate'
  [1m[36mTRANSACTION (0.0ms)[0m  [1m[36mbegin transaction[0m
  ↳ app/controllers/home_controller.rb:33:in 'block in HomeController#generate'
  [1m[36mSquare Create (0.4ms)[0m  [1m[32mINSERT INTO "squares" ("map_id", "position", "square_type", "square_text", "effect", "value", "created_at", "updated_at") VALUES (?, ?, ?, ?, ?, ?, ?, ?) RETURNING "id"[0m  [["map_id", 4], ["position", 8], ["square_type", "event"], ["square_text", "秋田新幹線こまちと並走！旅の疲れが吹き飛ぶ。"], ["effect", "none"], ["value", 0], ["created_at", "2026-06-02 14:27:05.034083"], ["updated_at", "2026-06-02 14:27:05.034083"]]
  ↳ app/controllers/home_controller.rb:33:in 'block in HomeController#generate'
  [1m[36mTRANSACTION (0.0ms)[0m  [1m[36mcommit transaction[0m
  ↳ app/controllers/home_controller.rb:33:in 'block in HomeController#generate'
  [1m[36mTRANSACTION (0.0ms)[0m  [1m[36mbegin transaction[0m
  ↳ app/controllers/home_controller.rb:33:in 'block in HomeController#generate'
  [1m[36mSquare Create (0.3ms)[0m  [1m[32mINSERT INTO "squares" ("map_id", "position", "square_type", "square_text", "effect", "value", "created_at", "updated_at") VALUES (?, ?, ?, ?, ?, ?, ?, ?) RETURNING "id"[0m  [["map_id", 4], ["position", 9], ["square_type", "event"], ["square_text", "横手焼きそばの香りに誘われて寄り道。食べすぎで1マス戻る。"], ["effect", "move"], ["value", -1], ["created_at", "2026-06-02 14:27:05.035204"], ["updated_at", "2026-06-02 14:27:05.035204"]]
  ↳ app/controllers/home_controller.rb:33:in 'block in HomeController#generate'
  [1m[36mTRANSACTION (0.0ms)[0m  [1m[36mcommit transaction[0m
  ↳ app/controllers/home_controller.rb:33:in 'block in HomeController#generate'
  [1m[36mTRANSACTION (0.0ms)[0m  [1m[36mbegin transaction[0m
  ↳ app/controllers/home_controller.rb:33:in 'block in HomeController#generate'
  [1m[36mSquare Create (0.4ms)[0m  [1m[32mINSERT INTO "squares" ("map_id", "position", "square_type", "square_text", "effect", "value", "created_at", "updated_at") VALUES (?, ?, ?, ?, ?, ?, ?, ?) RETURNING "id"[0m  [["map_id", 4], ["position", 10], ["square_type", "event"], ["square_text", "鳥海山を眺めながら進む。雄大な自然に心洗われる。"], ["effect", "none"], ["value", 0], ["created_at", "2026-06-02 14:27:05.036235"], ["updated_at", "2026-06-02 14:27:05.036235"]]
  ↳ app/controllers/home_controller.rb:33:in 'block in HomeController#generate'
  [1m[36mTRANSACTION (0.0ms)[0m  [1m[36mcommit transaction[0m
  ↳ app/controllers/home_controller.rb:33:in 'block in HomeController#generate'
  [1m[36mTRANSACTION (0.0ms)[0m  [1m[36mbegin transaction[0m
  ↳ app/controllers/home_controller.rb:33:in 'block in HomeController#generate'
  [1m[36mSquare Create (0.3ms)[0m  [1m[32mINSERT INTO "squares" ("map_id", "position", "square_type", "square_text", "effect", "value", "created_at", "updated_at") VALUES (?, ?, ?, ?, ?, ?, ?, ?) RETURNING "id"[0m  [["map_id", 4], ["position", 11], ["square_type", "event"], ["square_text", "山形県に突入！芋煮会に参加。温かいおもてなしに感動！"], ["effect", "none"], ["value", 0], ["created_at", "2026-06-02 14:27:05.037251"], ["updated_at", "2026-06-02 14:27:05.037251"]]
  ↳ app/controllers/home_controller.rb:33:in 'block in HomeController#generate'
  [1m[36mTRANSACTION (0.0ms)[0m  [1m[36mcommit transaction[0m
  ↳ app/controllers/home_controller.rb:33:in 'block in HomeController#generate'
  [1m[36mTRANSACTION (0.0ms)[0m  [1m[36mbegin transaction[0m
  ↳ app/controllers/home_controller.rb:33:in 'block in HomeController#generate'
  [1m[36mSquare Create (0.3ms)[0m  [1m[32mINSERT INTO "squares" ("map_id", "position", "square_type", "square_text", "effect", "value", "created_at", "updated_at") VALUES (?, ?, ?, ?, ?, ?, ?, ?) RETURNING "id"[0m  [["map_id", 4], ["position", 12], ["square_type", "event"], ["square_text", "温泉街の足湯で休憩。疲労回復！"], ["effect", "none"], ["value", 0], ["created_at", "2026-06-02 14:27:05.038222"], ["updated_at", "2026-06-02 14:27:05.038222"]]
  ↳ app/controllers/home_controller.rb:33:in 'block in HomeController#generate'
  [1m[36mTRANSACTION (0.0ms)[0m  [1m[36mcommit transaction[0m
  ↳ app/controllers/home_controller.rb:33:in 'block in HomeController#generate'
  [1m[36mTRANSACTION (0.0ms)[0m  [1m[36mbegin transaction[0m
  ↳ app/controllers/home_controller.rb:33:in 'block in HomeController#generate'
  [1m[36mSquare Create (0.3ms)[0m  [1m[32mINSERT INTO "squares" ("map_id", "position", "square_type", "square_text", "effect", "value", "created_at", "updated_at") VALUES (?, ?, ?, ?, ?, ?, ?, ?) RETURNING "id"[0m  [["map_id", 4], ["position", 13], ["square_type", "event"], ["square_text", "さくらんぼ狩り体験。旬の味覚を堪能！"], ["effect", "none"], ["value", 0], ["created_at", "2026-06-02 14:27:05.039234"], ["updated_at", "2026-06-02 14:27:05.039234"]]
  ↳ app/controllers/home_controller.rb:33:in 'block in HomeController#generate'
  [1m[36mTRANSACTION (0.0ms)[0m  [1m[36mcommit transaction[0m
  ↳ app/controllers/home_controller.rb:33:in 'block in HomeController#generate'
  [1m[36mTRANSACTION (0.0ms)[0m  [1m[36mbegin transaction[0m
  ↳ app/controllers/home_controller.rb:33:in 'block in HomeController#generate'
  [1m[36mSquare Create (0.3ms)[0m  [1m[32mINSERT INTO "squares" ("map_id", "position", "square_type", "square_text", "effect", "value", "created_at", "updated_at") VALUES (?, ?, ?, ?, ?, ?, ?, ?) RETURNING "id"[0m  [["map_id", 4], ["position", 14], ["square_type", "event"], ["square_text", "日本海沿いの強風！なかなか前に進めない。"], ["effect", "none"], ["value", 0], ["created_at", "2026-06-02 14:27:05.040229"], ["updated_at", "2026-06-02 14:27:05.040229"]]
  ↳ app/controllers/home_controller.rb:33:in 'block in HomeController#generate'
  [1m[36mTRANSACTION (0.0ms)[0m  [1m[36mcommit transaction[0m
  ↳ app/controllers/home_controller.rb:33:in 'block in HomeController#generate'
  [1m[36mTRANSACTION (0.0ms)[0m  [1m[36mbegin transaction[0m
  ↳ app/controllers/home_controller.rb:33:in 'block in HomeController#generate'
  [1m[36mSquare Create (0.5ms)[0m  [1m[32mINSERT INTO "squares" ("map_id", "position", "square_type", "square_text", "effect", "value", "created_at", "updated_at") VALUES (?, ?, ?, ?, ?, ?, ?, ?) RETURNING "id"[0m  [["map_id", 4], ["position", 15], ["square_type", "event"], ["square_text", "鼠ヶ関を通過。新潟県がすぐそこ！"], ["effect", "none"], ["value", 0], ["created_at", "2026-06-02 14:27:05.041367"], ["updated_at", "2026-06-02 14:27:05.041367"]]
  ↳ app/controllers/home_controller.rb:33:in 'block in HomeController#generate'
  [1m[36mTRANSACTION (0.0ms)[0m  [1m[36mcommit transaction[0m
  ↳ app/controllers/home_controller.rb:33:in 'block in HomeController#generate'
  [1m[36mTRANSACTION (0.0ms)[0m  [1m[36mbegin transaction[0m
  ↳ app/controllers/home_controller.rb:33:in 'block in HomeController#generate'
  [1m[36mSquare Create (0.3ms)[0m  [1m[32mINSERT INTO "squares" ("map_id", "position", "square_type", "square_text", "effect", "value", "created_at", "updated_at") VALUES (?, ?, ?, ?, ?, ?, ?, ?) RETURNING "id"[0m  [["map_id", 4], ["position", 16], ["square_type", "event"], ["square_text", "笹川流れの絶景に見とれて時間を忘れる。"], ["effect", "none"], ["value", 0], ["created_at", "2026-06-02 14:27:05.042892"], ["updated_at", "2026-06-02 14:27:05.042892"]]
  ↳ app/controllers/home_controller.rb:33:in 'block in HomeController#generate'
  [1m[36mTRANSACTION (0.0ms)[0m  [1m[36mcommit transaction[0m
  ↳ app/controllers/home_controller.rb:33:in 'block in HomeController#generate'
  [1m[36mTRANSACTION (0.0ms)[0m  [1m[36mbegin transaction[0m
  ↳ app/controllers/home_controller.rb:33:in 'block in HomeController#generate'
  [1m[36mSquare Create (0.3ms)[0m  [1m[32mINSERT INTO "squares" ("map_id", "position", "square_type", "square_text", "effect", "value", "created_at", "updated_at") VALUES (?, ?, ?, ?, ?, ?, ?, ?) RETURNING "id"[0m  [["map_id", 4], ["position", 17], ["square_type", "event"], ["square_text", "新潟市街が見えてきた！ゴールはもう目の前だ！"], ["effect", "none"], ["value", 0], ["created_at", "2026-06-02 14:27:05.043967"], ["updated_at", "2026-06-02 14:27:05.043967"]]
  ↳ app/controllers/home_controller.rb:33:in 'block in HomeController#generate'
  [1m[36mTRANSACTION (0.0ms)[0m  [1m[36mcommit transaction[0m
  ↳ app/controllers/home_controller.rb:33:in 'block in HomeController#generate'
  [1m[36mTRANSACTION (0.0ms)[0m  [1m[36mbegin transaction[0m
  ↳ app/controllers/home_controller.rb:33:in 'block in HomeController#generate'
  [1m[36mSquare Create (0.4ms)[0m  [1m[32mINSERT INTO "squares" ("map_id", "position", "square_type", "square_text", "effect", "value", "created_at", "updated_at") VALUES (?, ?, ?, ?, ?, ?, ?, ?) RETURNING "id"[0m  [["map_id", 4], ["position", 18], ["square_type", "goal"], ["square_text", "新潟到着！コシヒカリと日本酒で乾杯！長旅お疲れ様！"], ["effect", "finish"], ["value", 0], ["created_at", "2026-06-02 14:27:05.044936"], ["updated_at", "2026-06-02 14:27:05.044936"]]
  ↳ app/controllers/home_controller.rb:33:in 'block in HomeController#generate'
  [1m[36mTRANSACTION (0.0ms)[0m  [1m[36mcommit transaction[0m
  ↳ app/controllers/home_controller.rb:33:in 'block in HomeController#generate'
AI生成成功
{"title" => "青森から新潟へ！日本海縦断 徒歩の旅スゴロク", "squares" => [{"type" => "start", "text" => "スタート！青森を出発！さあ、旅のはじまりだ！", "effect" => "none", "value" => 0}, {"type" => "event", "text" => "津軽平野を横断。りんご畑が広がる道を進む。", "effect" => "none", "value" => 0}, {"type" => "event", "text" => "白神山地へ寄り道。神秘の森に感動！景色に見とれて1マス進む！", "effect" => "move", "value" => 1}, {"type" => "event", "text" => "日本海沿いを進む。潮風が心地いい！", "effect" => "none", "value" => 0}, {"type" => "event", "text" => "秋田県に突入！きりたんぽ鍋で腹ごしらえ。もう一度サイコロを振れる！", "effect" => "roll_again", "value" => 0}, {"type" => "event", "text" => "男鹿半島、なまはげに遭遇！びっくりして1回休み！", "effect" => "skip", "value" => 1}, {"type" => "event", "text" => "田沢湖の美しさに癒される。体が軽くなり2マス進む！", "effect" => "move", "value" => 2}, {"type" => "event", "text" => "秋田新幹線こまちと並走！旅の疲れが吹き飛ぶ。", "effect" => "none", "value" => 0}, {"type" => "event", "text" => "横手焼きそばの香りに誘われて寄り道。食べすぎで1マス戻る。", "effect" => "move", "value" => -1}, {"type" => "event", "text" => "鳥海山を眺めながら進む。雄大な自然に心洗われる。", "effect" => "none", "value" => 0}, {"type" => "event", "text" => "山形県に突入！芋煮会に参加。温かいおもてなしに感動！", "effect" => "none", "value" => 0}, {"type" => "event", "text" => "温泉街の足湯で休憩。疲労回復！", "effect" => "none", "value" => 0}, {"type" => "event", "text" => "さくらんぼ狩り体験。旬の味覚を堪能！", "effect" => "none", "value" => 0}, {"type" => "event", "text" => "日本海沿いの強風！なかなか前に進めない。", "effect" => "none", "value" => 0}, {"type" => "event", "text" => "鼠ヶ関を通過。新潟県がすぐそこ！", "effect" => "none", "value" => 0}, {"type" => "event", "text" => "笹川流れの絶景に見とれて時間を忘れる。", "effect" => "none", "value" => 0}, {"type" => "event", "text" => "新潟市街が見えてきた！ゴールはもう目の前だ！", "effect" => "none", "value" => 0}, {"type" => "goal", "text" => "新潟到着！コシヒカリと日本酒で乾杯！長旅お疲れ様！", "effect" => "finish", "value" => 0}]}
  Rendering layout layouts/application.html.erb
  Rendering home/generate.html.erb within layouts/application
  Rendered home/generate.html.erb within layouts/application (Duration: 0.2ms | Allocations: 124)
  Rendered layout layouts/application.html.erb (Duration: 1.0ms | Allocations: 1162)
Completed 200 OK in 12405ms (Views: 1.5ms | ActiveRecord: 10.7ms | Allocations: 75161)


Started GET "/play" for ::1 at 2026-06-02 23:28:00 +0900
Processing by PlayController#top as HTML
  Rendering layout layouts/application.html.erb
  Rendering play/top.html.erb within layouts/application
  Rendered play/top.html.erb within layouts/application (Duration: 0.4ms | Allocations: 113)
  Rendered layout layouts/application.html.erb (Duration: 2.8ms | Allocations: 1297)
Completed 200 OK in 5ms (Views: 3.5ms | ActiveRecord: 0.0ms | Allocations: 1713)


  [1m[36mMap Count (0.3ms)[0m  [1m[34mSELECT COUNT(*) FROM "maps"[0m
  [1m[36mMap Load (0.1ms)[0m  [1m[34mSELECT "maps".* FROM "maps" ORDER BY "maps"."id" DESC LIMIT ?[0m  [["LIMIT", 1]]
  [1m[36mMap Load (0.4ms)[0m  [1m[34mSELECT "maps".* FROM "maps" ORDER BY "maps"."id" DESC LIMIT ?[0m  [["LIMIT", 1]]
  [1m[36mSquare Count (0.1ms)[0m  [1m[34mSELECT COUNT(*) FROM "squares" WHERE "squares"."map_id" = ?[0m  [["map_id", 4]]
Started GET "/home" for ::1 at 2026-06-02 23:36:55 +0900
  [1m[36mActiveRecord::SchemaMigration Load (0.1ms)[0m  [1m[34mSELECT "schema_migrations"."version" FROM "schema_migrations" ORDER BY "schema_migrations"."version" ASC[0m
Processing by HomeController#top as HTML
  Rendering layout layouts/application.html.erb
  Rendering home/top.html.erb within layouts/application
  Rendered home/top.html.erb within layouts/application (Duration: 3.4ms | Allocations: 1779)
  Rendered layout layouts/application.html.erb (Duration: 21.4ms | Allocations: 32998)
Completed 200 OK in 34ms (Views: 30.6ms | ActiveRecord: 0.0ms | Allocations: 36945)


Started POST "/home/generate" for ::1 at 2026-06-02 23:37:37 +0900
Processing by HomeController#generate as HTML
  Parameters: {"authenticity_token" => "[FILTERED]", "prompt" => "青森から新潟まで歩いて行こう"}
  [1m[36mTRANSACTION (0.0ms)[0m  [1m[36mbegin transaction[0m
  ↳ app/controllers/home_controller.rb:27:in 'HomeController#generate'
  [1m[36mMap Create (1.2ms)[0m  [1m[32mINSERT INTO "maps" ("map_name", "num_of_squares", "created_at", "updated_at") VALUES (?, ?, ?, ?) RETURNING "id"[0m  [["map_name", "青森から新潟へ！日本海沿岸徒歩旅すごろく"], ["num_of_squares", 15], ["created_at", "2026-06-02 14:37:48.760676"], ["updated_at", "2026-06-02 14:37:48.760676"]]
  ↳ app/controllers/home_controller.rb:27:in 'HomeController#generate'
  [1m[36mTRANSACTION (0.2ms)[0m  [1m[36mcommit transaction[0m
  ↳ app/controllers/home_controller.rb:27:in 'HomeController#generate'
  [1m[36mTRANSACTION (0.0ms)[0m  [1m[36mbegin transaction[0m
  ↳ app/controllers/home_controller.rb:33:in 'block in HomeController#generate'
  [1m[36mSquare Create (0.6ms)[0m  [1m[32mINSERT INTO "squares" ("map_id", "position", "square_type", "square_text", "effect", "value", "created_at", "updated_at") VALUES (?, ?, ?, ?, ?, ?, ?, ?) RETURNING "id"[0m  [["map_id", 5], ["position", 1], ["square_type", "start"], ["square_text", "青森駅前を出発！日本海を目指して歩き出そう！"], ["effect", "none"], ["value", 0], ["created_at", "2026-06-02 14:37:48.774811"], ["updated_at", "2026-06-02 14:37:48.774811"]]
  ↳ app/controllers/home_controller.rb:33:in 'block in HomeController#generate'
  [1m[36mTRANSACTION (0.1ms)[0m  [1m[36mcommit transaction[0m
  ↳ app/controllers/home_controller.rb:33:in 'block in HomeController#generate'
  [1m[36mTRANSACTION (0.0ms)[0m  [1m[36mbegin transaction[0m
  ↳ app/controllers/home_controller.rb:33:in 'block in HomeController#generate'
  [1m[36mSquare Create (0.4ms)[0m  [1m[32mINSERT INTO "squares" ("map_id", "position", "square_type", "square_text", "effect", "value", "created_at", "updated_at") VALUES (?, ?, ?, ?, ?, ?, ?, ?) RETURNING "id"[0m  [["map_id", 5], ["position", 2], ["square_type", "event"], ["square_text", "津軽海峡冬景色。雪と風に負けず1マス進む！"], ["effect", "move"], ["value", 1], ["created_at", "2026-06-02 14:37:48.776461"], ["updated_at", "2026-06-02 14:37:48.776461"]]
  ↳ app/controllers/home_controller.rb:33:in 'block in HomeController#generate'
  [1m[36mTRANSACTION (0.0ms)[0m  [1m[36mcommit transaction[0m
  ↳ app/controllers/home_controller.rb:33:in 'block in HomeController#generate'
  [1m[36mTRANSACTION (0.0ms)[0m  [1m[36mbegin transaction[0m
  ↳ app/controllers/home_controller.rb:33:in 'block in HomeController#generate'
  [1m[36mSquare Create (0.3ms)[0m  [1m[32mINSERT INTO "squares" ("map_id", "position", "square_type", "square_text", "effect", "value", "created_at", "updated_at") VALUES (?, ?, ?, ?, ?, ?, ?, ?) RETURNING "id"[0m  [["map_id", 5], ["position", 3], ["square_type", "event"], ["square_text", "道の駅でりんごジュース休憩。リフレッシュ！"], ["effect", "none"], ["value", 0], ["created_at", "2026-06-02 14:37:48.777599"], ["updated_at", "2026-06-02 14:37:48.777599"]]
  ↳ app/controllers/home_controller.rb:33:in 'block in HomeController#generate'
  [1m[36mTRANSACTION (0.0ms)[0m  [1m[36mcommit transaction[0m
  ↳ app/controllers/home_controller.rb:33:in 'block in HomeController#generate'
  [1m[36mTRANSACTION (0.0ms)[0m  [1m[36mbegin transaction[0m
  ↳ app/controllers/home_controller.rb:33:in 'block in HomeController#generate'
  [1m[36mSquare Create (0.6ms)[0m  [1m[32mINSERT INTO "squares" ("map_id", "position", "square_type", "square_text", "effect", "value", "created_at", "updated_at") VALUES (?, ?, ?, ?, ?, ?, ?, ?) RETURNING "id"[0m  [["map_id", 5], ["position", 4], ["square_type", "event"], ["square_text", "白神山地を遠望。自然の雄大さに感動し、もう一度サイコロを振る！"], ["effect", "roll_again"], ["value", 0], ["created_at", "2026-06-02 14:37:48.778670"], ["updated_at", "2026-06-02 14:37:48.778670"]]
  ↳ app/controllers/home_controller.rb:33:in 'block in HomeController#generate'
  [1m[36mTRANSACTION (0.0ms)[0m  [1m[36mcommit transaction[0m
  ↳ app/controllers/home_controller.rb:33:in 'block in HomeController#generate'
  [1m[36mTRANSACTION (0.0ms)[0m  [1m[36mbegin transaction[0m
  ↳ app/controllers/home_controller.rb:33:in 'block in HomeController#generate'
  [1m[36mSquare Create (0.7ms)[0m  [1m[32mINSERT INTO "squares" ("map_id", "position", "square_type", "square_text", "effect", "value", "created_at", "updated_at") VALUES (?, ?, ?, ?, ?, ?, ?, ?) RETURNING "id"[0m  [["map_id", 5], ["position", 5], ["square_type", "event"], ["square_text", "秋田県に突入！きりたんぽ鍋の誘惑に負け、1回休み。"], ["effect", "skip"], ["value", 1], ["created_at", "2026-06-02 14:37:48.779936"], ["updated_at", "2026-06-02 14:37:48.779936"]]
  ↳ app/controllers/home_controller.rb:33:in 'block in HomeController#generate'
  [1m[36mTRANSACTION (0.0ms)[0m  [1m[36mcommit transaction[0m
  ↳ app/controllers/home_controller.rb:33:in 'block in HomeController#generate'
  [1m[36mTRANSACTION (0.0ms)[0m  [1m[36mbegin transaction[0m
  ↳ app/controllers/home_controller.rb:33:in 'block in HomeController#generate'
  [1m[36mSquare Create (0.4ms)[0m  [1m[32mINSERT INTO "squares" ("map_id", "position", "square_type", "square_text", "effect", "value", "created_at", "updated_at") VALUES (?, ?, ?, ?, ?, ?, ?, ?) RETURNING "id"[0m  [["map_id", 5], ["position", 6], ["square_type", "event"], ["square_text", "男鹿半島のなまはげに遭遇！驚いて2マス戻る！"], ["effect", "move"], ["value", -2], ["created_at", "2026-06-02 14:37:48.781519"], ["updated_at", "2026-06-02 14:37:48.781519"]]
  ↳ app/controllers/home_controller.rb:33:in 'block in HomeController#generate'
  [1m[36mTRANSACTION (0.0ms)[0m  [1m[36mcommit transaction[0m
  ↳ app/controllers/home_controller.rb:33:in 'block in HomeController#generate'
  [1m[36mTRANSACTION (0.0ms)[0m  [1m[36mbegin transaction[0m
  ↳ app/controllers/home_controller.rb:33:in 'block in HomeController#generate'
  [1m[36mSquare Create (0.3ms)[0m  [1m[32mINSERT INTO "squares" ("map_id", "position", "square_type", "square_text", "effect", "value", "created_at", "updated_at") VALUES (?, ?, ?, ?, ?, ?, ?, ?) RETURNING "id"[0m  [["map_id", 5], ["position", 7], ["square_type", "event"], ["square_text", "秋田新幹線こまちと並走！スピードアップして1マス進む！"], ["effect", "move"], ["value", 1], ["created_at", "2026-06-02 14:37:48.782673"], ["updated_at", "2026-06-02 14:37:48.782673"]]
  ↳ app/controllers/home_controller.rb:33:in 'block in HomeController#generate'
  [1m[36mTRANSACTION (0.0ms)[0m  [1m[36mcommit transaction[0m
  ↳ app/controllers/home_controller.rb:33:in 'block in HomeController#generate'
  [1m[36mTRANSACTION (0.0ms)[0m  [1m[36mbegin transaction[0m
  ↳ app/controllers/home_controller.rb:33:in 'block in HomeController#generate'
  [1m[36mSquare Create (0.3ms)[0m  [1m[32mINSERT INTO "squares" ("map_id", "position", "square_type", "square_text", "effect", "value", "created_at", "updated_at") VALUES (?, ?, ?, ?, ?, ?, ?, ?) RETURNING "id"[0m  [["map_id", 5], ["position", 8], ["square_type", "event"], ["square_text", "鳥海山が見えてきた！山形県入りだ！"], ["effect", "none"], ["value", 0], ["created_at", "2026-06-02 14:37:48.783652"], ["updated_at", "2026-06-02 14:37:48.783652"]]
  ↳ app/controllers/home_controller.rb:33:in 'block in HomeController#generate'
  [1m[36mTRANSACTION (0.0ms)[0m  [1m[36mcommit transaction[0m
  ↳ app/controllers/home_controller.rb:33:in 'block in HomeController#generate'
  [1m[36mTRANSACTION (0.0ms)[0m  [1m[36mbegin transaction[0m
  ↳ app/controllers/home_controller.rb:33:in 'block in HomeController#generate'
  [1m[36mSquare Create (0.3ms)[0m  [1m[32mINSERT INTO "squares" ("map_id", "position", "square_type", "square_text", "effect", "value", "created_at", "updated_at") VALUES (?, ?, ?, ?, ?, ?, ?, ?) RETURNING "id"[0m  [["map_id", 5], ["position", 9], ["square_type", "event"], ["square_text", "さくらんぼ狩りの観光客で賑わう。足止めを食らい1回休み。"], ["effect", "skip"], ["value", 1], ["created_at", "2026-06-02 14:37:48.784653"], ["updated_at", "2026-06-02 14:37:48.784653"]]
  ↳ app/controllers/home_controller.rb:33:in 'block in HomeController#generate'
  [1m[36mTRANSACTION (0.0ms)[0m  [1m[36mcommit transaction[0m
  ↳ app/controllers/home_controller.rb:33:in 'block in HomeController#generate'
  [1m[36mTRANSACTION (0.0ms)[0m  [1m[36mbegin transaction[0m
  ↳ app/controllers/home_controller.rb:33:in 'block in HomeController#generate'
  [1m[36mSquare Create (0.4ms)[0m  [1m[32mINSERT INTO "squares" ("map_id", "position", "square_type", "square_text", "effect", "value", "created_at", "updated_at") VALUES (?, ?, ?, ?, ?, ?, ?, ?) RETURNING "id"[0m  [["map_id", 5], ["position", 10], ["square_type", "event"], ["square_text", "最上川の舟下り。景色に見とれてもう一度サイコロを振る！"], ["effect", "roll_again"], ["value", 0], ["created_at", "2026-06-02 14:37:48.785752"], ["updated_at", "2026-06-02 14:37:48.785752"]]
  ↳ app/controllers/home_controller.rb:33:in 'block in HomeController#generate'
  [1m[36mTRANSACTION (0.0ms)[0m  [1m[36mcommit transaction[0m
  ↳ app/controllers/home_controller.rb:33:in 'block in HomeController#generate'
  [1m[36mTRANSACTION (0.0ms)[0m  [1m[36mbegin transaction[0m
  ↳ app/controllers/home_controller.rb:33:in 'block in HomeController#generate'
  [1m[36mSquare Create (0.3ms)[0m  [1m[32mINSERT INTO "squares" ("map_id", "position", "square_type", "square_text", "effect", "value", "created_at", "updated_at") VALUES (?, ?, ?, ?, ?, ?, ?, ?) RETURNING "id"[0m  [["map_id", 5], ["position", 11], ["square_type", "event"], ["square_text", "笹川流れの絶景に感動！歩みを早めて2マス進む！"], ["effect", "move"], ["value", 2], ["created_at", "2026-06-02 14:37:48.786824"], ["updated_at", "2026-06-02 14:37:48.786824"]]
  ↳ app/controllers/home_controller.rb:33:in 'block in HomeController#generate'
  [1m[36mTRANSACTION (0.0ms)[0m  [1m[36mcommit transaction[0m
  ↳ app/controllers/home_controller.rb:33:in 'block in HomeController#generate'
  [1m[36mTRANSACTION (0.0ms)[0m  [1m[36mbegin transaction[0m
  ↳ app/controllers/home_controller.rb:33:in 'block in HomeController#generate'
  [1m[36mSquare Create (0.3ms)[0m  [1m[32mINSERT INTO "squares" ("map_id", "position", "square_type", "square_text", "effect", "value", "created_at", "updated_at") VALUES (?, ?, ?, ?, ?, ?, ?, ?) RETURNING "id"[0m  [["map_id", 5], ["position", 12], ["square_type", "event"], ["square_text", "ついに新潟県！ゴールはもうすぐだ！"], ["effect", "none"], ["value", 0], ["created_at", "2026-06-02 14:37:48.787855"], ["updated_at", "2026-06-02 14:37:48.787855"]]
  ↳ app/controllers/home_controller.rb:33:in 'block in HomeController#generate'
  [1m[36mTRANSACTION (0.0ms)[0m  [1m[36mcommit transaction[0m
  ↳ app/controllers/home_controller.rb:33:in 'block in HomeController#generate'
  [1m[36mTRANSACTION (0.0ms)[0m  [1m[36mbegin transaction[0m
  ↳ app/controllers/home_controller.rb:33:in 'block in HomeController#generate'
  [1m[36mSquare Create (0.6ms)[0m  [1m[32mINSERT INTO "squares" ("map_id", "position", "square_type", "square_text", "effect", "value", "created_at", "updated_at") VALUES (?, ?, ?, ?, ?, ?, ?, ?) RETURNING "id"[0m  [["map_id", 5], ["position", 13], ["square_type", "event"], ["square_text", "日本海に沈む夕日が美しい…あまりの感動に1回休み。"], ["effect", "skip"], ["value", 1], ["created_at", "2026-06-02 14:37:48.788851"], ["updated_at", "2026-06-02 14:37:48.788851"]]
  ↳ app/controllers/home_controller.rb:33:in 'block in HomeController#generate'
  [1m[36mTRANSACTION (0.0ms)[0m  [1m[36mcommit transaction[0m
  ↳ app/controllers/home_controller.rb:33:in 'block in HomeController#generate'
  [1m[36mTRANSACTION (0.0ms)[0m  [1m[36mbegin transaction[0m
  ↳ app/controllers/home_controller.rb:33:in 'block in HomeController#generate'
  [1m[36mSquare Create (0.4ms)[0m  [1m[32mINSERT INTO "squares" ("map_id", "position", "square_type", "square_text", "effect", "value", "created_at", "updated_at") VALUES (?, ?, ?, ?, ?, ?, ?, ?) RETURNING "id"[0m  [["map_id", 5], ["position", 14], ["square_type", "event"], ["square_text", "コシヒカリの田園風景が広がる。食欲がわいてきて1マス進む！"], ["effect", "move"], ["value", 1], ["created_at", "2026-06-02 14:37:48.790225"], ["updated_at", "2026-06-02 14:37:48.790225"]]
  ↳ app/controllers/home_controller.rb:33:in 'block in HomeController#generate'
  [1m[36mTRANSACTION (0.0ms)[0m  [1m[36mcommit transaction[0m
  ↳ app/controllers/home_controller.rb:33:in 'block in HomeController#generate'
  [1m[36mTRANSACTION (0.0ms)[0m  [1m[36mbegin transaction[0m
  ↳ app/controllers/home_controller.rb:33:in 'block in HomeController#generate'
  [1m[36mSquare Create (0.3ms)[0m  [1m[32mINSERT INTO "squares" ("map_id", "position", "square_type", "square_text", "effect", "value", "created_at", "updated_at") VALUES (?, ?, ?, ?, ?, ?, ?, ?) RETURNING "id"[0m  [["map_id", 5], ["position", 15], ["square_type", "goal"], ["square_text", "新潟駅に到着！長旅お疲れ様でした！"], ["effect", "finish"], ["value", 0], ["created_at", "2026-06-02 14:37:48.791339"], ["updated_at", "2026-06-02 14:37:48.791339"]]
  ↳ app/controllers/home_controller.rb:33:in 'block in HomeController#generate'
  [1m[36mTRANSACTION (0.0ms)[0m  [1m[36mcommit transaction[0m
  ↳ app/controllers/home_controller.rb:33:in 'block in HomeController#generate'
AI生成成功
{"title" => "青森から新潟へ！日本海沿岸徒歩旅すごろく", "squares" => [{"type" => "start", "text" => "青森駅前を出発！日本海を目指して歩き出そう！", "effect" => "none", "value" => 0}, {"type" => "event", "text" => "津軽海峡冬景色。雪と風に負けず1マス進む！", "effect" => "move", "value" => 1}, {"type" => "event", "text" => "道の駅でりんごジュース休憩。リフレッシュ！", "effect" => "none", "value" => 0}, {"type" => "event", "text" => "白神山地を遠望。自然の雄大さに感動し、もう一度サイコロを振る！", "effect" => "roll_again", "value" => 0}, {"type" => "event", "text" => "秋田県に突入！きりたんぽ鍋の誘惑に負け、1回休み。", "effect" => "skip", "value" => 1}, {"type" => "event", "text" => "男鹿半島のなまはげに遭遇！驚いて2マス戻る！", "effect" => "move", "value" => -2}, {"type" => "event", "text" => "秋田新幹線こまちと並走！スピードアップして1マス進む！", "effect" => "move", "value" => 1}, {"type" => "event", "text" => "鳥海山が見えてきた！山形県入りだ！", "effect" => "none", "value" => 0}, {"type" => "event", "text" => "さくらんぼ狩りの観光客で賑わう。足止めを食らい1回休み。", "effect" => "skip", "value" => 1}, {"type" => "event", "text" => "最上川の舟下り。景色に見とれてもう一度サイコロを振る！", "effect" => "roll_again", "value" => 0}, {"type" => "event", "text" => "笹川流れの絶景に感動！歩みを早めて2マス進む！", "effect" => "move", "value" => 2}, {"type" => "event", "text" => "ついに新潟県！ゴールはもうすぐだ！", "effect" => "none", "value" => 0}, {"type" => "event", "text" => "日本海に沈む夕日が美しい…あまりの感動に1回休み。", "effect" => "skip", "value" => 1}, {"type" => "event", "text" => "コシヒカリの田園風景が広がる。食欲がわいてきて1マス進む！", "effect" => "move", "value" => 1}, {"type" => "goal", "text" => "新潟駅に到着！長旅お疲れ様でした！", "effect" => "finish", "value" => 0}]}
  Rendering layout layouts/application.html.erb
  Rendering home/generate.html.erb within layouts/application
  Rendered home/generate.html.erb within layouts/application (Duration: 0.2ms | Allocations: 124)
  Rendered layout layouts/application.html.erb (Duration: 1.0ms | Allocations: 1162)
Completed 200 OK in 11547ms (Views: 1.5ms | ActiveRecord: 10.7ms | Allocations: 60585)


Started GET "/play" for ::1 at 2026-06-02 23:37:50 +0900
Processing by PlayController#top as HTML
  Rendering layout layouts/application.html.erb
  Rendering play/top.html.erb within layouts/application
  Rendered play/top.html.erb within layouts/application (Duration: 0.3ms | Allocations: 113)
  Rendered layout layouts/application.html.erb (Duration: 3.3ms | Allocations: 1300)
Completed 200 OK in 6ms (Views: 4.4ms | ActiveRecord: 0.0ms | Allocations: 1716)


Started GET "/home" for ::1 at 2026-06-03 00:19:37 +0900
  [1m[36mActiveRecord::SchemaMigration Load (0.1ms)[0m  [1m[34mSELECT "schema_migrations"."version" FROM "schema_migrations" ORDER BY "schema_migrations"."version" ASC[0m
Processing by HomeController#top as HTML
  Rendering layout layouts/application.html.erb
  Rendering home/top.html.erb within layouts/application
  Rendered home/top.html.erb within layouts/application (Duration: 3.5ms | Allocations: 1779)
  Rendered layout layouts/application.html.erb (Duration: 22.4ms | Allocations: 32984)
Completed 200 OK in 35ms (Views: 24.0ms | ActiveRecord: 0.0ms | Allocations: 36932)


Started POST "/home/generate" for ::1 at 2026-06-03 00:19:51 +0900
Processing by HomeController#generate as HTML
  Parameters: {"authenticity_token" => "[FILTERED]", "prompt" => "青森から新潟まで歩いて行こう"}
  [1m[36mTRANSACTION (0.0ms)[0m  [1m[36mbegin transaction[0m
  ↳ app/controllers/home_controller.rb:27:in 'HomeController#generate'
  [1m[36mMap Create (0.8ms)[0m  [1m[32mINSERT INTO "maps" ("map_name", "num_of_squares", "created_at", "updated_at") VALUES (?, ?, ?, ?) RETURNING "id"[0m  [["map_name", "東北横断！青森から新潟へ徒歩の旅すごろく"], ["num_of_squares", 18], ["created_at", "2026-06-02 15:20:07.047218"], ["updated_at", "2026-06-02 15:20:07.047218"]]
  ↳ app/controllers/home_controller.rb:27:in 'HomeController#generate'
  [1m[36mTRANSACTION (0.2ms)[0m  [1m[36mcommit transaction[0m
  ↳ app/controllers/home_controller.rb:27:in 'HomeController#generate'
  [1m[36mTRANSACTION (0.0ms)[0m  [1m[36mbegin transaction[0m
  ↳ app/controllers/home_controller.rb:35:in 'block in HomeController#generate'
  [1m[36mSquare Create (0.5ms)[0m  [1m[32mINSERT INTO "squares" ("map_id", "position", "square_type", "square_text", "effect", "value", "created_at", "updated_at") VALUES (?, ?, ?, ?, ?, ?, ?, ?) RETURNING "id"[0m  [["map_id", 6], ["position", 1], ["square_type", "start"], ["square_text", "青森駅を出発！新潟への長旅が始まる！"], ["effect", "none"], ["value", 0], ["created_at", "2026-06-02 15:20:07.060736"], ["updated_at", "2026-06-02 15:20:07.060736"]]
  ↳ app/controllers/home_controller.rb:35:in 'block in HomeController#generate'
  [1m[36mTRANSACTION (0.0ms)[0m  [1m[36mcommit transaction[0m
  ↳ app/controllers/home_controller.rb:35:in 'block in HomeController#generate'
  [1m[36mTRANSACTION (0.0ms)[0m  [1m[36mbegin transaction[0m
  ↳ app/controllers/home_controller.rb:35:in 'block in HomeController#generate'
  [1m[36mSquare Create (0.4ms)[0m  [1m[32mINSERT INTO "squares" ("map_id", "position", "square_type", "square_text", "effect", "value", "created_at", "updated_at") VALUES (?, ?, ?, ?, ?, ?, ?, ?) RETURNING "id"[0m  [["map_id", 6], ["position", 2], ["square_type", "event"], ["square_text", "青森りんご畑で休憩。採れたてりんごを食べてパワーアップ！"], ["effect", "move"], ["value", 1], ["created_at", "2026-06-02 15:20:07.062271"], ["updated_at", "2026-06-02 15:20:07.062271"]]
  ↳ app/controllers/home_controller.rb:35:in 'block in HomeController#generate'
  [1m[36mTRANSACTION (0.0ms)[0m  [1m[36mcommit transaction[0m
  ↳ app/controllers/home_controller.rb:35:in 'block in HomeController#generate'
  [1m[36mTRANSACTION (0.0ms)[0m  [1m[36mbegin transaction[0m
  ↳ app/controllers/home_controller.rb:35:in 'block in HomeController#generate'
  [1m[36mSquare Create (0.4ms)[0m  [1m[32mINSERT INTO "squares" ("map_id", "position", "square_type", "square_text", "effect", "value", "created_at", "updated_at") VALUES (?, ?, ?, ?, ?, ?, ?, ?) RETURNING "id"[0m  [["map_id", 6], ["position", 3], ["square_type", "event"], ["square_text", "弘前城の桜並木を散策。美しい景色に心が和む。"], ["effect", "none"], ["value", 0], ["created_at", "2026-06-02 15:20:07.063368"], ["updated_at", "2026-06-02 15:20:07.063368"]]
  ↳ app/controllers/home_controller.rb:35:in 'block in HomeController#generate'
  [1m[36mTRANSACTION (0.0ms)[0m  [1m[36mcommit transaction[0m
  ↳ app/controllers/home_controller.rb:35:in 'block in HomeController#generate'
  [1m[36mTRANSACTION (0.0ms)[0m  [1m[36mbegin transaction[0m
  ↳ app/controllers/home_controller.rb:35:in 'block in HomeController#generate'
  [1m[36mSquare Create (0.4ms)[0m  [1m[32mINSERT INTO "squares" ("map_id", "position", "square_type", "square_text", "effect", "value", "created_at", "updated_at") VALUES (?, ?, ?, ?, ?, ?, ?, ?) RETURNING "id"[0m  [["map_id", 6], ["position", 4], ["square_type", "event"], ["square_text", "世界遺産・白神山地をトレッキング。神秘的なブナ林に感動！"], ["effect", "move"], ["value", 1], ["created_at", "2026-06-02 15:20:07.064618"], ["updated_at", "2026-06-02 15:20:07.064618"]]
  ↳ app/controllers/home_controller.rb:35:in 'block in HomeController#generate'
  [1m[36mTRANSACTION (0.0ms)[0m  [1m[36mcommit transaction[0m
  ↳ app/controllers/home_controller.rb:35:in 'block in HomeController#generate'
  [1m[36mTRANSACTION (0.0ms)[0m  [1m[36mbegin transaction[0m
  ↳ app/controllers/home_controller.rb:35:in 'block in HomeController#generate'
  [1m[36mSquare Create (0.3ms)[0m  [1m[32mINSERT INTO "squares" ("map_id", "position", "square_type", "square_text", "effect", "value", "created_at", "updated_at") VALUES (?, ?, ?, ?, ?, ?, ?, ?) RETURNING "id"[0m  [["map_id", 6], ["position", 5], ["square_type", "event"], ["square_text", "津軽海峡の強風に煽られ、思わず立ち止まる。"], ["effect", "skip"], ["value", 1], ["created_at", "2026-06-02 15:20:07.065705"], ["updated_at", "2026-06-02 15:20:07.065705"]]
  ↳ app/controllers/home_controller.rb:35:in 'block in HomeController#generate'
  [1m[36mTRANSACTION (0.1ms)[0m  [1m[36mcommit transaction[0m
  ↳ app/controllers/home_controller.rb:35:in 'block in HomeController#generate'
  [1m[36mTRANSACTION (0.0ms)[0m  [1m[36mbegin transaction[0m
  ↳ app/controllers/home_controller.rb:35:in 'block in HomeController#generate'
  [1m[36mSquare Create (0.4ms)[0m  [1m[32mINSERT INTO "squares" ("map_id", "position", "square_type", "square_text", "effect", "value", "created_at", "updated_at") VALUES (?, ?, ?, ?, ?, ?, ?, ?) RETURNING "id"[0m  [["map_id", 6], ["position", 6], ["square_type", "event"], ["square_text", "秋田県に突入！「なまはげ」に遭遇し、びっくりして後ずさり！"], ["effect", "move"], ["value", -1], ["created_at", "2026-06-02 15:20:07.067027"], ["updated_at", "2026-06-02 15:20:07.067027"]]
  ↳ app/controllers/home_controller.rb:35:in 'block in HomeController#generate'
  [1m[36mTRANSACTION (0.0ms)[0m  [1m[36mcommit transaction[0m
  ↳ app/controllers/home_controller.rb:35:in 'block in HomeController#generate'
  [1m[36mTRANSACTION (0.0ms)[0m  [1m[36mbegin transaction[0m
  ↳ app/controllers/home_controller.rb:35:in 'block in HomeController#generate'
  [1m[36mSquare Create (0.3ms)[0m  [1m[32mINSERT INTO "squares" ("map_id", "position", "square_type", "square_text", "effect", "value", "created_at", "updated_at") VALUES (?, ?, ?, ?, ?, ?, ?, ?) RETURNING "id"[0m  [["map_id", 6], ["position", 7], ["square_type", "event"], ["square_text", "男鹿半島の入道崎灯台から日本海を眺める。絶景に心奪われる！"], ["effect", "none"], ["value", 0], ["created_at", "2026-06-02 15:20:07.068180"], ["updated_at", "2026-06-02 15:20:07.068180"]]
  ↳ app/controllers/home_controller.rb:35:in 'block in HomeController#generate'
  [1m[36mTRANSACTION (0.0ms)[0m  [1m[36mcommit transaction[0m
  ↳ app/controllers/home_controller.rb:35:in 'block in HomeController#generate'
  [1m[36mTRANSACTION (0.0ms)[0m  [1m[36mbegin transaction[0m
  ↳ app/controllers/home_controller.rb:35:in 'block in HomeController#generate'
  [1m[36mSquare Create (0.3ms)[0m  [1m[32mINSERT INTO "squares" ("map_id", "position", "square_type", "square_text", "effect", "value", "created_at", "updated_at") VALUES (?, ?, ?, ?, ?, ?, ?, ?) RETURNING "id"[0m  [["map_id", 6], ["position", 8], ["square_type", "event"], ["square_text", "秋田犬と出会う！かわいさに癒されて旅の疲れが吹き飛ぶ！"], ["effect", "move"], ["value", 1], ["created_at", "2026-06-02 15:20:07.069154"], ["updated_at", "2026-06-02 15:20:07.069154"]]
  ↳ app/controllers/home_controller.rb:35:in 'block in HomeController#generate'
  [1m[36mTRANSACTION (0.0ms)[0m  [1m[36mcommit transaction[0m
  ↳ app/controllers/home_controller.rb:35:in 'block in HomeController#generate'
  [1m[36mTRANSACTION (0.0ms)[0m  [1m[36mbegin transaction[0m
  ↳ app/controllers/home_controller.rb:35:in 'block in HomeController#generate'
  [1m[36mSquare Create (0.4ms)[0m  [1m[32mINSERT INTO "squares" ("map_id", "position", "square_type", "square_text", "effect", "value", "created_at", "updated_at") VALUES (?, ?, ?, ?, ?, ?, ?, ?) RETURNING "id"[0m  [["map_id", 6], ["position", 9], ["square_type", "event"], ["square_text", "きりたんぽ鍋を堪能。美味しすぎてお腹がいっぱい、歩みが遅れる。"], ["effect", "skip"], ["value", 1], ["created_at", "2026-06-02 15:20:07.070133"], ["updated_at", "2026-06-02 15:20:07.070133"]]
  ↳ app/controllers/home_controller.rb:35:in 'block in HomeController#generate'
  [1m[36mTRANSACTION (0.0ms)[0m  [1m[36mcommit transaction[0m
  ↳ app/controllers/home_controller.rb:35:in 'block in HomeController#generate'
  [1m[36mTRANSACTION (0.0ms)[0m  [1m[36mbegin transaction[0m
  ↳ app/controllers/home_controller.rb:35:in 'block in HomeController#generate'
  [1m[36mSquare Create (0.3ms)[0m  [1m[32mINSERT INTO "squares" ("map_id", "position", "square_type", "square_text", "effect", "value", "created_at", "updated_at") VALUES (?, ?, ?, ?, ?, ?, ?, ?) RETURNING "id"[0m  [["map_id", 6], ["position", 10], ["square_type", "event"], ["square_text", "田沢湖の金色に輝く辰子像に感動。湖の美しさに足が軽くなる！"], ["effect", "roll_again"], ["value", 0], ["created_at", "2026-06-02 15:20:07.071320"], ["updated_at", "2026-06-02 15:20:07.071320"]]
  ↳ app/controllers/home_controller.rb:35:in 'block in HomeController#generate'
  [1m[36mTRANSACTION (0.1ms)[0m  [1m[36mcommit transaction[0m
  ↳ app/controllers/home_controller.rb:35:in 'block in HomeController#generate'
  [1m[36mTRANSACTION (0.0ms)[0m  [1m[36mbegin transaction[0m
  ↳ app/controllers/home_controller.rb:35:in 'block in HomeController#generate'
  [1m[36mSquare Create (0.4ms)[0m  [1m[32mINSERT INTO "squares" ("map_id", "position", "square_type", "square_text", "effect", "value", "created_at", "updated_at") VALUES (?, ?, ?, ?, ?, ?, ?, ?) RETURNING "id"[0m  [["map_id", 6], ["position", 11], ["square_type", "event"], ["square_text", "角館の武家屋敷通りを散策。歴史ある街並みにうっとり。"], ["effect", "none"], ["value", 0], ["created_at", "2026-06-02 15:20:07.072511"], ["updated_at", "2026-06-02 15:20:07.072511"]]
  ↳ app/controllers/home_controller.rb:35:in 'block in HomeController#generate'
  [1m[36mTRANSACTION (0.0ms)[0m  [1m[36mcommit transaction[0m
  ↳ app/controllers/home_controller.rb:35:in 'block in HomeController#generate'
  [1m[36mTRANSACTION (0.0ms)[0m  [1m[36mbegin transaction[0m
  ↳ app/controllers/home_controller.rb:35:in 'block in HomeController#generate'
  [1m[36mSquare Create (0.3ms)[0m  [1m[32mINSERT INTO "squares" ("map_id", "position", "square_type", "square_text", "effect", "value", "created_at", "updated_at") VALUES (?, ?, ?, ?, ?, ?, ?, ?) RETURNING "id"[0m  [["map_id", 6], ["position", 12], ["square_type", "event"], ["square_text", "山形県へ！鳥海山の雄大な景色を望む。"], ["effect", "none"], ["value", 0], ["created_at", "2026-06-02 15:20:07.073552"], ["updated_at", "2026-06-02 15:20:07.073552"]]
  ↳ app/controllers/home_controller.rb:35:in 'block in HomeController#generate'
  [1m[36mTRANSACTION (0.0ms)[0m  [1m[36mcommit transaction[0m
  ↳ app/controllers/home_controller.rb:35:in 'block in HomeController#generate'
  [1m[36mTRANSACTION (0.0ms)[0m  [1m[36mbegin transaction[0m
  ↳ app/controllers/home_controller.rb:35:in 'block in HomeController#generate'
  [1m[36mSquare Create (0.3ms)[0m  [1m[32mINSERT INTO "squares" ("map_id", "position", "square_type", "square_text", "effect", "value", "created_at", "updated_at") VALUES (?, ?, ?, ?, ?, ?, ?, ?) RETURNING "id"[0m  [["map_id", 6], ["position", 13], ["square_type", "event"], ["square_text", "庄内平野の豊かな田園風景が広がる。深呼吸して気分転換！"], ["effect", "none"], ["value", 0], ["created_at", "2026-06-02 15:20:07.074480"], ["updated_at", "2026-06-02 15:20:07.074480"]]
  ↳ app/controllers/home_controller.rb:35:in 'block in HomeController#generate'
  [1m[36mTRANSACTION (0.0ms)[0m  [1m[36mcommit transaction[0m
  ↳ app/controllers/home_controller.rb:35:in 'block in HomeController#generate'
  [1m[36mTRANSACTION (0.0ms)[0m  [1m[36mbegin transaction[0m
  ↳ app/controllers/home_controller.rb:35:in 'block in HomeController#generate'
  [1m[36mSquare Create (0.3ms)[0m  [1m[32mINSERT INTO "squares" ("map_id", "position", "square_type", "square_text", "effect", "value", "created_at", "updated_at") VALUES (?, ?, ?, ?, ?, ?, ?, ?) RETURNING "id"[0m  [["map_id", 6], ["position", 14], ["square_type", "event"], ["square_text", "笹川流れの絶景海岸線に到着！海風が心地よく、さらに進める！"], ["effect", "move"], ["value", 2], ["created_at", "2026-06-02 15:20:07.075433"], ["updated_at", "2026-06-02 15:20:07.075433"]]
  ↳ app/controllers/home_controller.rb:35:in 'block in HomeController#generate'
  [1m[36mTRANSACTION (0.0ms)[0m  [1m[36mcommit transaction[0m
  ↳ app/controllers/home_controller.rb:35:in 'block in HomeController#generate'
  [1m[36mTRANSACTION (0.0ms)[0m  [1m[36mbegin transaction[0m
  ↳ app/controllers/home_controller.rb:35:in 'block in HomeController#generate'
  [1m[36mSquare Create (0.3ms)[0m  [1m[32mINSERT INTO "squares" ("map_id", "position", "square_type", "square_text", "effect", "value", "created_at", "updated_at") VALUES (?, ?, ?, ?, ?, ?, ?, ?) RETURNING "id"[0m  [["map_id", 6], ["position", 15], ["square_type", "event"], ["square_text", "新潟県村上の鮭文化に触れる。珍しい鮭料理に舌鼓を打つ。"], ["effect", "none"], ["value", 0], ["created_at", "2026-06-02 15:20:07.076361"], ["updated_at", "2026-06-02 15:20:07.076361"]]
  ↳ app/controllers/home_controller.rb:35:in 'block in HomeController#generate'
  [1m[36mTRANSACTION (0.0ms)[0m  [1m[36mcommit transaction[0m
  ↳ app/controllers/home_controller.rb:35:in 'block in HomeController#generate'
  [1m[36mTRANSACTION (0.0ms)[0m  [1m[36mbegin transaction[0m
  ↳ app/controllers/home_controller.rb:35:in 'block in HomeController#generate'
  [1m[36mSquare Create (0.3ms)[0m  [1m[32mINSERT INTO "squares" ("map_id", "position", "square_type", "square_text", "effect", "value", "created_at", "updated_at") VALUES (?, ?, ?, ?, ?, ?, ?, ?) RETURNING "id"[0m  [["map_id", 6], ["position", 16], ["square_type", "event"], ["square_text", "疲労がピークに達し、温泉で一休み。体が回復するまで動けない。"], ["effect", "skip"], ["value", 1], ["created_at", "2026-06-02 15:20:07.077338"], ["updated_at", "2026-06-02 15:20:07.077338"]]
  ↳ app/controllers/home_controller.rb:35:in 'block in HomeController#generate'
  [1m[36mTRANSACTION (0.0ms)[0m  [1m[36mcommit transaction[0m
  ↳ app/controllers/home_controller.rb:35:in 'block in HomeController#generate'
  [1m[36mTRANSACTION (0.0ms)[0m  [1m[36mbegin transaction[0m
  ↳ app/controllers/home_controller.rb:35:in 'block in HomeController#generate'
  [1m[36mSquare Create (0.3ms)[0m  [1m[32mINSERT INTO "squares" ("map_id", "position", "square_type", "square_text", "effect", "value", "created_at", "updated_at") VALUES (?, ?, ?, ?, ?, ?, ?, ?) RETURNING "id"[0m  [["map_id", 6], ["position", 17], ["square_type", "event"], ["square_text", "ゴールはもうすぐ！旅の成功を確信し、最後の力を振り絞る！"], ["effect", "move"], ["value", 1], ["created_at", "2026-06-02 15:20:07.078267"], ["updated_at", "2026-06-02 15:20:07.078267"]]
  ↳ app/controllers/home_controller.rb:35:in 'block in HomeController#generate'
  [1m[36mTRANSACTION (0.0ms)[0m  [1m[36mcommit transaction[0m
  ↳ app/controllers/home_controller.rb:35:in 'block in HomeController#generate'
  [1m[36mTRANSACTION (0.0ms)[0m  [1m[36mbegin transaction[0m
  ↳ app/controllers/home_controller.rb:35:in 'block in HomeController#generate'
  [1m[36mSquare Create (0.3ms)[0m  [1m[32mINSERT INTO "squares" ("map_id", "position", "square_type", "square_text", "effect", "value", "created_at", "updated_at") VALUES (?, ?, ?, ?, ?, ?, ?, ?) RETURNING "id"[0m  [["map_id", 6], ["position", 18], ["square_type", "goal"], ["square_text", "新潟駅に到着！青森から新潟まで、無事に歩き切った！長旅お疲れ様でした！"], ["effect", "finish"], ["value", 0], ["created_at", "2026-06-02 15:20:07.079160"], ["updated_at", "2026-06-02 15:20:07.079160"]]
  ↳ app/controllers/home_controller.rb:35:in 'block in HomeController#generate'
  [1m[36mTRANSACTION (0.0ms)[0m  [1m[36mcommit transaction[0m
  ↳ app/controllers/home_controller.rb:35:in 'block in HomeController#generate'
AI生成成功
{"title" => "東北横断！青森から新潟へ徒歩の旅すごろく", "squares" => [{"type" => "start", "text" => "青森駅を出発！新潟への長旅が始まる！", "effect" => "none", "value" => 0}, {"type" => "event", "text" => "青森りんご畑で休憩。採れたてりんごを食べてパワーアップ！", "effect" => "move", "value" => 1}, {"type" => "event", "text" => "弘前城の桜並木を散策。美しい景色に心が和む。", "effect" => "none", "value" => 0}, {"type" => "event", "text" => "世界遺産・白神山地をトレッキング。神秘的なブナ林に感動！", "effect" => "move", "value" => 1}, {"type" => "event", "text" => "津軽海峡の強風に煽られ、思わず立ち止まる。", "effect" => "skip", "value" => 1}, {"type" => "event", "text" => "秋田県に突入！「なまはげ」に遭遇し、びっくりして後ずさり！", "effect" => "move", "value" => -1}, {"type" => "event", "text" => "男鹿半島の入道崎灯台から日本海を眺める。絶景に心奪われる！", "effect" => "none", "value" => 0}, {"type" => "event", "text" => "秋田犬と出会う！かわいさに癒されて旅の疲れが吹き飛ぶ！", "effect" => "move", "value" => 1}, {"type" => "event", "text" => "きりたんぽ鍋を堪能。美味しすぎてお腹がいっぱい、歩みが遅れる。", "effect" => "skip", "value" => 1}, {"type" => "event", "text" => "田沢湖の金色に輝く辰子像に感動。湖の美しさに足が軽くなる！", "effect" => "roll_again", "value" => 0}, {"type" => "event", "text" => "角館の武家屋敷通りを散策。歴史ある街並みにうっとり。", "effect" => "none", "value" => 0}, {"type" => "event", "text" => "山形県へ！鳥海山の雄大な景色を望む。", "effect" => "none", "value" => 0}, {"type" => "event", "text" => "庄内平野の豊かな田園風景が広がる。深呼吸して気分転換！", "effect" => "none", "value" => 0}, {"type" => "event", "text" => "笹川流れの絶景海岸線に到着！海風が心地よく、さらに進める！", "effect" => "move", "value" => 2}, {"type" => "event", "text" => "新潟県村上の鮭文化に触れる。珍しい鮭料理に舌鼓を打つ。", "effect" => "none", "value" => 0}, {"type" => "event", "text" => "疲労がピークに達し、温泉で一休み。体が回復するまで動けない。", "effect" => "skip", "value" => 1}, {"type" => "event", "text" => "ゴールはもうすぐ！旅の成功を確信し、最後の力を振り絞る！", "effect" => "move", "value" => 1}, {"type" => "goal", "text" => "新潟駅に到着！青森から新潟まで、無事に歩き切った！長旅お疲れ様でした！", "effect" => "finish", "value" => 0}]}
  Rendering layout layouts/application.html.erb
  Rendering home/generate.html.erb within layouts/application
  Rendered home/generate.html.erb within layouts/application (Duration: 0.2ms | Allocations: 124)
  Rendered layout layouts/application.html.erb (Duration: 1.1ms | Allocations: 1162)
Completed 200 OK in 15658ms (Views: 1.8ms | ActiveRecord: 10.1ms | Allocations: 75007)


Started GET "/play" for ::1 at 2026-06-03 00:20:11 +0900
Processing by PlayController#top as HTML
  [1m[36mMap Load (0.3ms)[0m  [1m[34mSELECT "maps".* FROM "maps" WHERE "maps"."id" = ? LIMIT ?[0m  [["id", 6], ["LIMIT", 1]]
  ↳ app/controllers/play_controller.rb:4:in 'PlayController#top'
  Rendering layout layouts/application.html.erb
  Rendering play/top.html.erb within layouts/application
  [1m[36mSquare Load (0.2ms)[0m  [1m[34mSELECT "squares".* FROM "squares" WHERE "squares"."map_id" = ? ORDER BY "squares"."position" ASC[0m  [["map_id", 6]]
  ↳ app/views/play/top.html.erb:41:in '_app_views_play_top_html_erb___117991810120071529_9456'
  Rendered play/top.html.erb within layouts/application (Duration: 1.9ms | Allocations: 1262)
  Rendered layout layouts/application.html.erb (Duration: 3.7ms | Allocations: 2312)
Completed 200 OK in 9ms (Views: 4.3ms | ActiveRecord: 0.5ms | Allocations: 5013)


Started GET "/home" for ::1 at 2026-06-03 12:47:04 +0900
  [1m[36mActiveRecord::SchemaMigration Load (0.1ms)[0m  [1m[34mSELECT "schema_migrations"."version" FROM "schema_migrations" ORDER BY "schema_migrations"."version" ASC[0m
Processing by HomeController#top as HTML
  Rendering layout layouts/application.html.erb
  Rendering home/top.html.erb within layouts/application
  Rendered home/top.html.erb within layouts/application (Duration: 11.4ms | Allocations: 1788)
  Rendered layout layouts/application.html.erb (Duration: 32.3ms | Allocations: 33009)
Completed 200 OK in 37ms (Views: 33.7ms | ActiveRecord: 0.0ms | Allocations: 36957)


Started POST "/home/generate" for ::1 at 2026-06-03 12:47:30 +0900
Processing by HomeController#generate as HTML
  Parameters: {"authenticity_token" => "[FILTERED]", "prompt" => "東京から京都まで歩いて行こう"}
  [1m[36mTRANSACTION (0.0ms)[0m  [1m[36mbegin transaction[0m
  ↳ app/controllers/home_controller.rb:27:in 'HomeController#generate'
  [1m[36mMap Create (1.3ms)[0m  [1m[32mINSERT INTO "maps" ("map_name", "num_of_squares", "created_at", "updated_at") VALUES (?, ?, ?, ?) RETURNING "id"[0m  [["map_name", "東京→京都 東海道五十三次てくてくすごろく"], ["num_of_squares", 15], ["created_at", "2026-06-03 03:47:41.392636"], ["updated_at", "2026-06-03 03:47:41.392636"]]
  ↳ app/controllers/home_controller.rb:27:in 'HomeController#generate'
  [1m[36mTRANSACTION (0.2ms)[0m  [1m[36mcommit transaction[0m
  ↳ app/controllers/home_controller.rb:27:in 'HomeController#generate'
  [1m[36mTRANSACTION (0.0ms)[0m  [1m[36mbegin transaction[0m
  ↳ app/controllers/home_controller.rb:35:in 'block in HomeController#generate'
  [1m[36mSquare Create (1.1ms)[0m  [1m[32mINSERT INTO "squares" ("map_id", "position", "square_type", "square_text", "effect", "value", "created_at", "updated_at") VALUES (?, ?, ?, ?, ?, ?, ?, ?) RETURNING "id"[0m  [["map_id", 7], ["position", 1], ["square_type", "start"], ["square_text", "スタート: 東京・日本橋を出発！いざ、古都京都へ！"], ["effect", "none"], ["value", 0], ["created_at", "2026-06-03 03:47:41.407243"], ["updated_at", "2026-06-03 03:47:41.407243"]]
  ↳ app/controllers/home_controller.rb:35:in 'block in HomeController#generate'
  [1m[36mTRANSACTION (0.1ms)[0m  [1m[36mcommit transaction[0m
  ↳ app/controllers/home_controller.rb:35:in 'block in HomeController#generate'
  [1m[36mTRANSACTION (0.0ms)[0m  [1m[36mbegin transaction[0m
  ↳ app/controllers/home_controller.rb:35:in 'block in HomeController#generate'
  [1m[36mSquare Create (0.3ms)[0m  [1m[32mINSERT INTO "squares" ("map_id", "position", "square_type", "square_text", "effect", "value", "created_at", "updated_at") VALUES (?, ?, ?, ?, ?, ?, ?, ?) RETURNING "id"[0m  [["map_id", 7], ["position", 2], ["square_type", "event"], ["square_text", "品川宿に到着！旅の始まりに胸が高鳴る！"], ["effect", "none"], ["value", 0], ["created_at", "2026-06-03 03:47:41.409511"], ["updated_at", "2026-06-03 03:47:41.409511"]]
  ↳ app/controllers/home_controller.rb:35:in 'block in HomeController#generate'
  [1m[36mTRANSACTION (0.0ms)[0m  [1m[36mcommit transaction[0m
  ↳ app/controllers/home_controller.rb:35:in 'block in HomeController#generate'
  [1m[36mTRANSACTION (0.0ms)[0m  [1m[36mbegin transaction[0m
  ↳ app/controllers/home_controller.rb:35:in 'block in HomeController#generate'
  [1m[36mSquare Create (0.4ms)[0m  [1m[32mINSERT INTO "squares" ("map_id", "position", "square_type", "square_text", "effect", "value", "created_at", "updated_at") VALUES (?, ?, ?, ?, ?, ?, ?, ?) RETURNING "id"[0m  [["map_id", 7], ["position", 3], ["square_type", "event"], ["square_text", "多摩川を越える！順調な滑り出し、さらに1マス進む！"], ["effect", "move"], ["value", 1], ["created_at", "2026-06-03 03:47:41.410596"], ["updated_at", "2026-06-03 03:47:41.410596"]]
  ↳ app/controllers/home_controller.rb:35:in 'block in HomeController#generate'
  [1m[36mTRANSACTION (0.0ms)[0m  [1m[36mcommit transaction[0m
  ↳ app/controllers/home_controller.rb:35:in 'block in HomeController#generate'
  [1m[36mTRANSACTION (0.0ms)[0m  [1m[36mbegin transaction[0m
  ↳ app/controllers/home_controller.rb:35:in 'block in HomeController#generate'
  [1m[36mSquare Create (0.3ms)[0m  [1m[32mINSERT INTO "squares" ("map_id", "position", "square_type", "square_text", "effect", "value", "created_at", "updated_at") VALUES (?, ?, ?, ?, ?, ?, ?, ?) RETURNING "id"[0m  [["map_id", 7], ["position", 4], ["square_type", "event"], ["square_text", "小田原提灯がお出迎え。名物でお腹も心も満たされ、サイコロをもう一度！"], ["effect", "roll_again"], ["value", 0], ["created_at", "2026-06-03 03:47:41.411607"], ["updated_at", "2026-06-03 03:47:41.411607"]]
  ↳ app/controllers/home_controller.rb:35:in 'block in HomeController#generate'
  [1m[36mTRANSACTION (0.1ms)[0m  [1m[36mcommit transaction[0m
  ↳ app/controllers/home_controller.rb:35:in 'block in HomeController#generate'
  [1m[36mTRANSACTION (0.0ms)[0m  [1m[36mbegin transaction[0m
  ↳ app/controllers/home_controller.rb:35:in 'block in HomeController#generate'
  [1m[36mSquare Create (0.4ms)[0m  [1m[32mINSERT INTO "squares" ("map_id", "position", "square_type", "square_text", "effect", "value", "created_at", "updated_at") VALUES (?, ?, ?, ?, ?, ?, ?, ?) RETURNING "id"[0m  [["map_id", 7], ["position", 5], ["square_type", "event"], ["square_text", "箱根の山道は険しい…疲労困憊で1マス戻る。"], ["effect", "move"], ["value", -1], ["created_at", "2026-06-03 03:47:41.412890"], ["updated_at", "2026-06-03 03:47:41.412890"]]
  ↳ app/controllers/home_controller.rb:35:in 'block in HomeController#generate'
  [1m[36mTRANSACTION (0.0ms)[0m  [1m[36mcommit transaction[0m
  ↳ app/controllers/home_controller.rb:35:in 'block in HomeController#generate'
  [1m[36mTRANSACTION (0.0ms)[0m  [1m[36mbegin transaction[0m
  ↳ app/controllers/home_controller.rb:35:in 'block in HomeController#generate'
  [1m[36mSquare Create (0.4ms)[0m  [1m[32mINSERT INTO "squares" ("map_id", "position", "square_type", "square_text", "effect", "value", "created_at", "updated_at") VALUES (?, ?, ?, ?, ?, ?, ?, ?) RETURNING "id"[0m  [["map_id", 7], ["position", 6], ["square_type", "event"], ["square_text", "富士山を望む！絶景に勇気をもらい、2マス進む！"], ["effect", "move"], ["value", 2], ["created_at", "2026-06-03 03:47:41.414056"], ["updated_at", "2026-06-03 03:47:41.414056"]]
  ↳ app/controllers/home_controller.rb:35:in 'block in HomeController#generate'
  [1m[36mTRANSACTION (0.0ms)[0m  [1m[36mcommit transaction[0m
  ↳ app/controllers/home_controller.rb:35:in 'block in HomeController#generate'
  [1m[36mTRANSACTION (0.0ms)[0m  [1m[36mbegin transaction[0m
  ↳ app/controllers/home_controller.rb:35:in 'block in HomeController#generate'
  [1m[36mSquare Create (0.3ms)[0m  [1m[32mINSERT INTO "squares" ("map_id", "position", "square_type", "square_text", "effect", "value", "created_at", "updated_at") VALUES (?, ?, ?, ?, ?, ?, ?, ?) RETURNING "id"[0m  [["map_id", 7], ["position", 7], ["square_type", "event"], ["square_text", "静岡茶畑で休憩。のんびりしすぎて1回休み。"], ["effect", "skip"], ["value", 1], ["created_at", "2026-06-03 03:47:41.415120"], ["updated_at", "2026-06-03 03:47:41.415120"]]
  ↳ app/controllers/home_controller.rb:35:in 'block in HomeController#generate'
  [1m[36mTRANSACTION (0.0ms)[0m  [1m[36mcommit transaction[0m
  ↳ app/controllers/home_controller.rb:35:in 'block in HomeController#generate'
  [1m[36mTRANSACTION (0.0ms)[0m  [1m[36mbegin transaction[0m
  ↳ app/controllers/home_controller.rb:35:in 'block in HomeController#generate'
  [1m[36mSquare Create (0.3ms)[0m  [1m[32mINSERT INTO "squares" ("map_id", "position", "square_type", "square_text", "effect", "value", "created_at", "updated_at") VALUES (?, ?, ?, ?, ?, ?, ?, ?) RETURNING "id"[0m  [["map_id", 7], ["position", 8], ["square_type", "event"], ["square_text", "浜名湖に到着！風光明媚な景色に癒され、1マス進む。"], ["effect", "move"], ["value", 1], ["created_at", "2026-06-03 03:47:41.416075"], ["updated_at", "2026-06-03 03:47:41.416075"]]
  ↳ app/controllers/home_controller.rb:35:in 'block in HomeController#generate'
  [1m[36mTRANSACTION (0.0ms)[0m  [1m[36mcommit transaction[0m
  ↳ app/controllers/home_controller.rb:35:in 'block in HomeController#generate'
  [1m[36mTRANSACTION (0.0ms)[0m  [1m[36mbegin transaction[0m
  ↳ app/controllers/home_controller.rb:35:in 'block in HomeController#generate'
  [1m[36mSquare Create (0.3ms)[0m  [1m[32mINSERT INTO "squares" ("map_id", "position", "square_type", "square_text", "effect", "value", "created_at", "updated_at") VALUES (?, ?, ?, ?, ?, ?, ?, ?) RETURNING "id"[0m  [["map_id", 7], ["position", 9], ["square_type", "event"], ["square_text", "名古屋で味噌カツを食す！エネルギー満タン、サイコロをもう一度！"], ["effect", "roll_again"], ["value", 0], ["created_at", "2026-06-03 03:47:41.417047"], ["updated_at", "2026-06-03 03:47:41.417047"]]
  ↳ app/controllers/home_controller.rb:35:in 'block in HomeController#generate'
  [1m[36mTRANSACTION (0.0ms)[0m  [1m[36mcommit transaction[0m
  ↳ app/controllers/home_controller.rb:35:in 'block in HomeController#generate'
  [1m[36mTRANSACTION (0.0ms)[0m  [1m[36mbegin transaction[0m
  ↳ app/controllers/home_controller.rb:35:in 'block in HomeController#generate'
  [1m[36mSquare Create (0.3ms)[0m  [1m[32mINSERT INTO "squares" ("map_id", "position", "square_type", "square_text", "effect", "value", "created_at", "updated_at") VALUES (?, ?, ?, ?, ?, ?, ?, ?) RETURNING "id"[0m  [["map_id", 7], ["position", 10], ["square_type", "event"], ["square_text", "東海道ど真ん中、関ヶ原！歴史に思いを馳せ、1回休み。"], ["effect", "skip"], ["value", 1], ["created_at", "2026-06-03 03:47:41.417980"], ["updated_at", "2026-06-03 03:47:41.417980"]]
  ↳ app/controllers/home_controller.rb:35:in 'block in HomeController#generate'
  [1m[36mTRANSACTION (0.0ms)[0m  [1m[36mcommit transaction[0m
  ↳ app/controllers/home_controller.rb:35:in 'block in HomeController#generate'
  [1m[36mTRANSACTION (0.0ms)[0m  [1m[36mbegin transaction[0m
  ↳ app/controllers/home_controller.rb:35:in 'block in HomeController#generate'
  [1m[36mSquare Create (0.3ms)[0m  [1m[32mINSERT INTO "squares" ("map_id", "position", "square_type", "square_text", "effect", "value", "created_at", "updated_at") VALUES (?, ?, ?, ?, ?, ?, ?, ?) RETURNING "id"[0m  [["map_id", 7], ["position", 11], ["square_type", "event"], ["square_text", "琵琶湖が見えてきた！ゴールの京都はもうすぐだ、2マス進む！"], ["effect", "move"], ["value", 2], ["created_at", "2026-06-03 03:47:41.418874"], ["updated_at", "2026-06-03 03:47:41.418874"]]
  ↳ app/controllers/home_controller.rb:35:in 'block in HomeController#generate'
  [1m[36mTRANSACTION (0.0ms)[0m  [1m[36mcommit transaction[0m
  ↳ app/controllers/home_controller.rb:35:in 'block in HomeController#generate'
  [1m[36mTRANSACTION (0.0ms)[0m  [1m[36mbegin transaction[0m
  ↳ app/controllers/home_controller.rb:35:in 'block in HomeController#generate'
  [1m[36mSquare Create (0.3ms)[0m  [1m[32mINSERT INTO "squares" ("map_id", "position", "square_type", "square_text", "effect", "value", "created_at", "updated_at") VALUES (?, ?, ?, ?, ?, ?, ?, ?) RETURNING "id"[0m  [["map_id", 7], ["position", 12], ["square_type", "event"], ["square_text", "道中のトラブル発生！急な雨で足元が悪く、1マス戻る。"], ["effect", "move"], ["value", -1], ["created_at", "2026-06-03 03:47:41.419761"], ["updated_at", "2026-06-03 03:47:41.419761"]]
  ↳ app/controllers/home_controller.rb:35:in 'block in HomeController#generate'
  [1m[36mTRANSACTION (0.0ms)[0m  [1m[36mcommit transaction[0m
  ↳ app/controllers/home_controller.rb:35:in 'block in HomeController#generate'
  [1m[36mTRANSACTION (0.0ms)[0m  [1m[36mbegin transaction[0m
  ↳ app/controllers/home_controller.rb:35:in 'block in HomeController#generate'
  [1m[36mSquare Create (0.3ms)[0m  [1m[32mINSERT INTO "squares" ("map_id", "position", "square_type", "square_text", "effect", "value", "created_at", "updated_at") VALUES (?, ?, ?, ?, ?, ?, ?, ?) RETURNING "id"[0m  [["map_id", 7], ["position", 13], ["square_type", "event"], ["square_text", "親切な地元の方と出会う。美味しいお土産をもらい、サイコロをもう一度！"], ["effect", "roll_again"], ["value", 0], ["created_at", "2026-06-03 03:47:41.420677"], ["updated_at", "2026-06-03 03:47:41.420677"]]
  ↳ app/controllers/home_controller.rb:35:in 'block in HomeController#generate'
  [1m[36mTRANSACTION (0.0ms)[0m  [1m[36mcommit transaction[0m
  ↳ app/controllers/home_controller.rb:35:in 'block in HomeController#generate'
  [1m[36mTRANSACTION (0.0ms)[0m  [1m[36mbegin transaction[0m
  ↳ app/controllers/home_controller.rb:35:in 'block in HomeController#generate'
  [1m[36mSquare Create (0.3ms)[0m  [1m[32mINSERT INTO "squares" ("map_id", "position", "square_type", "square_text", "effect", "value", "created_at", "updated_at") VALUES (?, ?, ?, ?, ?, ?, ?, ?) RETURNING "id"[0m  [["map_id", 7], ["position", 14], ["square_type", "event"], ["square_text", "最後の上り坂！あと少しだ、頑張ろう！"], ["effect", "none"], ["value", 0], ["created_at", "2026-06-03 03:47:41.421593"], ["updated_at", "2026-06-03 03:47:41.421593"]]
  ↳ app/controllers/home_controller.rb:35:in 'block in HomeController#generate'
  [1m[36mTRANSACTION (0.0ms)[0m  [1m[36mcommit transaction[0m
  ↳ app/controllers/home_controller.rb:35:in 'block in HomeController#generate'
  [1m[36mTRANSACTION (0.0ms)[0m  [1m[36mbegin transaction[0m
  ↳ app/controllers/home_controller.rb:35:in 'block in HomeController#generate'
  [1m[36mSquare Create (0.6ms)[0m  [1m[32mINSERT INTO "squares" ("map_id", "position", "square_type", "square_text", "effect", "value", "created_at", "updated_at") VALUES (?, ?, ?, ?, ?, ?, ?, ?) RETURNING "id"[0m  [["map_id", 7], ["position", 15], ["square_type", "goal"], ["square_text", "ゴール: 京都・三条大橋に到着！長旅お疲れ様でした！"], ["effect", "finish"], ["value", 0], ["created_at", "2026-06-03 03:47:41.422519"], ["updated_at", "2026-06-03 03:47:41.422519"]]
  ↳ app/controllers/home_controller.rb:35:in 'block in HomeController#generate'
  [1m[36mTRANSACTION (0.1ms)[0m  [1m[36mcommit transaction[0m
  ↳ app/controllers/home_controller.rb:35:in 'block in HomeController#generate'
AI生成成功
{"title" => "東京→京都 東海道五十三次てくてくすごろく", "squares" => [{"type" => "start", "text" => "スタート: 東京・日本橋を出発！いざ、古都京都へ！", "effect" => "none", "value" => 0}, {"type" => "event", "text" => "品川宿に到着！旅の始まりに胸が高鳴る！", "effect" => "none", "value" => 0}, {"type" => "event", "text" => "多摩川を越える！順調な滑り出し、さらに1マス進む！", "effect" => "move", "value" => 1}, {"type" => "event", "text" => "小田原提灯がお出迎え。名物でお腹も心も満たされ、サイコロをもう一度！", "effect" => "roll_again", "value" => 0}, {"type" => "event", "text" => "箱根の山道は険しい…疲労困憊で1マス戻る。", "effect" => "move", "value" => -1}, {"type" => "event", "text" => "富士山を望む！絶景に勇気をもらい、2マス進む！", "effect" => "move", "value" => 2}, {"type" => "event", "text" => "静岡茶畑で休憩。のんびりしすぎて1回休み。", "effect" => "skip", "value" => 1}, {"type" => "event", "text" => "浜名湖に到着！風光明媚な景色に癒され、1マス進む。", "effect" => "move", "value" => 1}, {"type" => "event", "text" => "名古屋で味噌カツを食す！エネルギー満タン、サイコロをもう一度！", "effect" => "roll_again", "value" => 0}, {"type" => "event", "text" => "東海道ど真ん中、関ヶ原！歴史に思いを馳せ、1回休み。", "effect" => "skip", "value" => 1}, {"type" => "event", "text" => "琵琶湖が見えてきた！ゴールの京都はもうすぐだ、2マス進む！", "effect" => "move", "value" => 2}, {"type" => "event", "text" => "道中のトラブル発生！急な雨で足元が悪く、1マス戻る。", "effect" => "move", "value" => -1}, {"type" => "event", "text" => "親切な地元の方と出会う。美味しいお土産をもらい、サイコロをもう一度！", "effect" => "roll_again", "value" => 0}, {"type" => "event", "text" => "最後の上り坂！あと少しだ、頑張ろう！", "effect" => "none", "value" => 0}, {"type" => "goal", "text" => "ゴール: 京都・三条大橋に到着！長旅お疲れ様でした！", "effect" => "finish", "value" => 0}]}
  Rendering layout layouts/application.html.erb
  Rendering home/generate.html.erb within layouts/application
  Rendered home/generate.html.erb within layouts/application (Duration: 0.2ms | Allocations: 124)
  Rendered layout layouts/application.html.erb (Duration: 1.1ms | Allocations: 1162)
Completed 200 OK in 11153ms (Views: 1.8ms | ActiveRecord: 10.2ms | Allocations: 69641)


Started GET "/play" for ::1 at 2026-06-03 12:48:00 +0900
Processing by PlayController#top as HTML
  [1m[36mMap Load (0.2ms)[0m  [1m[34mSELECT "maps".* FROM "maps" WHERE "maps"."id" = ? LIMIT ?[0m  [["id", 7], ["LIMIT", 1]]
  ↳ app/controllers/play_controller.rb:4:in 'PlayController#top'
  Rendering layout layouts/application.html.erb
  Rendering play/top.html.erb within layouts/application
  [1m[36mSquare Load (0.2ms)[0m  [1m[34mSELECT "squares".* FROM "squares" WHERE "squares"."map_id" = ? ORDER BY "squares"."position" ASC[0m  [["map_id", 7]]
  ↳ app/views/play/top.html.erb:41:in '_app_views_play_top_html_erb___1353661019907096416_9440'
  Rendered play/top.html.erb within layouts/application (Duration: 1.9ms | Allocations: 1182)
  Rendered layout layouts/application.html.erb (Duration: 3.6ms | Allocations: 2232)
Completed 200 OK in 9ms (Views: 4.3ms | ActiveRecord: 0.4ms | Allocations: 4931)


Started GET "/home" for ::1 at 2026-06-03 14:33:45 +0900
  [1m[36mActiveRecord::SchemaMigration Load (0.1ms)[0m  [1m[34mSELECT "schema_migrations"."version" FROM "schema_migrations" ORDER BY "schema_migrations"."version" ASC[0m
Processing by HomeController#top as HTML
  Rendering layout layouts/application.html.erb
  Rendering home/top.html.erb within layouts/application
  Rendered home/top.html.erb within layouts/application (Duration: 3.6ms | Allocations: 1779)
  Rendered layout layouts/application.html.erb (Duration: 22.2ms | Allocations: 32997)
Completed 200 OK in 35ms (Views: 24.3ms | ActiveRecord: 0.0ms | Allocations: 36946)


Started GET "/home" for ::1 at 2026-06-03 14:33:50 +0900
Processing by HomeController#top as HTML
  Rendering layout layouts/application.html.erb
  Rendering home/top.html.erb within layouts/application
  Rendered home/top.html.erb within layouts/application (Duration: 0.4ms | Allocations: 245)
  Rendered layout layouts/application.html.erb (Duration: 1.4ms | Allocations: 1280)
Completed 200 OK in 2ms (Views: 1.6ms | ActiveRecord: 0.0ms | Allocations: 1493)


Started GET "/home" for ::1 at 2026-06-03 14:34:04 +0900
Processing by HomeController#top as HTML
  Rendering layout layouts/application.html.erb
  Rendering home/top.html.erb within layouts/application
  Rendered home/top.html.erb within layouts/application (Duration: 0.4ms | Allocations: 251)
  Rendered layout layouts/application.html.erb (Duration: 1.5ms | Allocations: 1286)
Completed 200 OK in 3ms (Views: 1.7ms | ActiveRecord: 0.0ms | Allocations: 1498)


Started POST "/home/generate" for ::1 at 2026-06-03 14:35:06 +0900
Processing by HomeController#generate as HTML
  Parameters: {"authenticity_token" => "[FILTERED]", "prompt" => "東京から京都まで歩いて行こう"}
  [1m[36mTRANSACTION (0.0ms)[0m  [1m[36mbegin transaction[0m
  ↳ app/controllers/home_controller.rb:27:in 'HomeController#generate'
  [1m[36mMap Create (1.1ms)[0m  [1m[32mINSERT INTO "maps" ("map_name", "num_of_squares", "created_at", "updated_at") VALUES (?, ?, ?, ?) RETURNING "id"[0m  [["map_name", "東海道徒歩の旅！東京→京都すごろく"], ["num_of_squares", 15], ["created_at", "2026-06-03 05:35:15.659192"], ["updated_at", "2026-06-03 05:35:15.659192"]]
  ↳ app/controllers/home_controller.rb:27:in 'HomeController#generate'
  [1m[36mTRANSACTION (0.2ms)[0m  [1m[36mcommit transaction[0m
  ↳ app/controllers/home_controller.rb:27:in 'HomeController#generate'
  [1m[36mTRANSACTION (0.0ms)[0m  [1m[36mbegin transaction[0m
  ↳ app/controllers/home_controller.rb:35:in 'block in HomeController#generate'
  [1m[36mSquare Create (0.6ms)[0m  [1m[32mINSERT INTO "squares" ("map_id", "position", "square_type", "square_text", "effect", "value", "created_at", "updated_at") VALUES (?, ?, ?, ?, ?, ?, ?, ?) RETURNING "id"[0m  [["map_id", 8], ["position", 1], ["square_type", "start"], ["square_text", "東京駅を出発！さあ、京都を目指そう！"], ["effect", "none"], ["value", 0], ["created_at", "2026-06-03 05:35:15.674381"], ["updated_at", "2026-06-03 05:35:15.674381"]]
  ↳ app/controllers/home_controller.rb:35:in 'block in HomeController#generate'
  [1m[36mTRANSACTION (0.1ms)[0m  [1m[36mcommit transaction[0m
  ↳ app/controllers/home_controller.rb:35:in 'block in HomeController#generate'
  [1m[36mTRANSACTION (0.0ms)[0m  [1m[36mbegin transaction[0m
  ↳ app/controllers/home_controller.rb:35:in 'block in HomeController#generate'
  [1m[36mSquare Create (0.4ms)[0m  [1m[32mINSERT INTO "squares" ("map_id", "position", "square_type", "square_text", "effect", "value", "created_at", "updated_at") VALUES (?, ?, ?, ?, ?, ?, ?, ?) RETURNING "id"[0m  [["map_id", 8], ["position", 2], ["square_type", "event"], ["square_text", "品川宿に到着！旅の始まりにワクワク！"], ["effect", "none"], ["value", 0], ["created_at", "2026-06-03 05:35:15.676093"], ["updated_at", "2026-06-03 05:35:15.676093"]]
  ↳ app/controllers/home_controller.rb:35:in 'block in HomeController#generate'
  [1m[36mTRANSACTION (0.0ms)[0m  [1m[36mcommit transaction[0m
  ↳ app/controllers/home_controller.rb:35:in 'block in HomeController#generate'
  [1m[36mTRANSACTION (0.0ms)[0m  [1m[36mbegin transaction[0m
  ↳ app/controllers/home_controller.rb:35:in 'block in HomeController#generate'
  [1m[36mSquare Create (0.3ms)[0m  [1m[32mINSERT INTO "squares" ("map_id", "position", "square_type", "square_text", "effect", "value", "created_at", "updated_at") VALUES (?, ?, ?, ?, ?, ?, ?, ?) RETURNING "id"[0m  [["map_id", 8], ["position", 3], ["square_type", "event"], ["square_text", "東海道線で快適移動！2マス進む"], ["effect", "move"], ["value", 2], ["created_at", "2026-06-03 05:35:15.677201"], ["updated_at", "2026-06-03 05:35:15.677201"]]
  ↳ app/controllers/home_controller.rb:35:in 'block in HomeController#generate'
  [1m[36mTRANSACTION (0.0ms)[0m  [1m[36mcommit transaction[0m
  ↳ app/controllers/home_controller.rb:35:in 'block in HomeController#generate'
  [1m[36mTRANSACTION (0.0ms)[0m  [1m[36mbegin transaction[0m
  ↳ app/controllers/home_controller.rb:35:in 'block in HomeController#generate'
  [1m[36mSquare Create (0.3ms)[0m  [1m[32mINSERT INTO "squares" ("map_id", "position", "square_type", "square_text", "effect", "value", "created_at", "updated_at") VALUES (?, ?, ?, ?, ?, ?, ?, ?) RETURNING "id"[0m  [["map_id", 8], ["position", 4], ["square_type", "event"], ["square_text", "箱根の山越えは大変！1回休み"], ["effect", "skip"], ["value", 1], ["created_at", "2026-06-03 05:35:15.678274"], ["updated_at", "2026-06-03 05:35:15.678274"]]
  ↳ app/controllers/home_controller.rb:35:in 'block in HomeController#generate'
  [1m[36mTRANSACTION (0.0ms)[0m  [1m[36mcommit transaction[0m
  ↳ app/controllers/home_controller.rb:35:in 'block in HomeController#generate'
  [1m[36mTRANSACTION (0.0ms)[0m  [1m[36mbegin transaction[0m
  ↳ app/controllers/home_controller.rb:35:in 'block in HomeController#generate'
  [1m[36mSquare Create (0.3ms)[0m  [1m[32mINSERT INTO "squares" ("map_id", "position", "square_type", "square_text", "effect", "value", "created_at", "updated_at") VALUES (?, ?, ?, ?, ?, ?, ?, ?) RETURNING "id"[0m  [["map_id", 8], ["position", 5], ["square_type", "event"], ["square_text", "富士山が綺麗！感動してもう一度サイコロを振る"], ["effect", "roll_again"], ["value", 0], ["created_at", "2026-06-03 05:35:15.679419"], ["updated_at", "2026-06-03 05:35:15.679419"]]
  ↳ app/controllers/home_controller.rb:35:in 'block in HomeController#generate'
  [1m[36mTRANSACTION (0.0ms)[0m  [1m[36mcommit transaction[0m
  ↳ app/controllers/home_controller.rb:35:in 'block in HomeController#generate'
  [1m[36mTRANSACTION (0.0ms)[0m  [1m[36mbegin transaction[0m
  ↳ app/controllers/home_controller.rb:35:in 'block in HomeController#generate'
  [1m[36mSquare Create (0.4ms)[0m  [1m[32mINSERT INTO "squares" ("map_id", "position", "square_type", "square_text", "effect", "value", "created_at", "updated_at") VALUES (?, ?, ?, ?, ?, ?, ?, ?) RETURNING "id"[0m  [["map_id", 8], ["position", 6], ["square_type", "event"], ["square_text", "静岡でお茶を満喫！リフレッシュして1マス進む"], ["effect", "move"], ["value", 1], ["created_at", "2026-06-03 05:35:15.680655"], ["updated_at", "2026-06-03 05:35:15.680655"]]
  ↳ app/controllers/home_controller.rb:35:in 'block in HomeController#generate'
  [1m[36mTRANSACTION (0.0ms)[0m  [1m[36mcommit transaction[0m
  ↳ app/controllers/home_controller.rb:35:in 'block in HomeController#generate'
  [1m[36mTRANSACTION (0.0ms)[0m  [1m[36mbegin transaction[0m
  ↳ app/controllers/home_controller.rb:35:in 'block in HomeController#generate'
  [1m[36mSquare Create (0.4ms)[0m  [1m[32mINSERT INTO "squares" ("map_id", "position", "square_type", "square_text", "effect", "value", "created_at", "updated_at") VALUES (?, ?, ?, ?, ?, ?, ?, ?) RETURNING "id"[0m  [["map_id", 8], ["position", 7], ["square_type", "event"], ["square_text", "道に迷ってしまった…1マス戻る"], ["effect", "move"], ["value", -1], ["created_at", "2026-06-03 05:35:15.681815"], ["updated_at", "2026-06-03 05:35:15.681815"]]
  ↳ app/controllers/home_controller.rb:35:in 'block in HomeController#generate'
  [1m[36mTRANSACTION (0.0ms)[0m  [1m[36mcommit transaction[0m
  ↳ app/controllers/home_controller.rb:35:in 'block in HomeController#generate'
  [1m[36mTRANSACTION (0.0ms)[0m  [1m[36mbegin transaction[0m
  ↳ app/controllers/home_controller.rb:35:in 'block in HomeController#generate'
  [1m[36mSquare Create (0.3ms)[0m  [1m[32mINSERT INTO "squares" ("map_id", "position", "square_type", "square_text", "effect", "value", "created_at", "updated_at") VALUES (?, ?, ?, ?, ?, ?, ?, ?) RETURNING "id"[0m  [["map_id", 8], ["position", 8], ["square_type", "event"], ["square_text", "名古屋でひつまぶしを堪能！元気いっぱいで2マス進む"], ["effect", "move"], ["value", 2], ["created_at", "2026-06-03 05:35:15.682908"], ["updated_at", "2026-06-03 05:35:15.682908"]]
  ↳ app/controllers/home_controller.rb:35:in 'block in HomeController#generate'
  [1m[36mTRANSACTION (0.0ms)[0m  [1m[36mcommit transaction[0m
  ↳ app/controllers/home_controller.rb:35:in 'block in HomeController#generate'
  [1m[36mTRANSACTION (0.0ms)[0m  [1m[36mbegin transaction[0m
  ↳ app/controllers/home_controller.rb:35:in 'block in HomeController#generate'
  [1m[36mSquare Create (0.6ms)[0m  [1m[32mINSERT INTO "squares" ("map_id", "position", "square_type", "square_text", "effect", "value", "created_at", "updated_at") VALUES (?, ?, ?, ?, ?, ?, ?, ?) RETURNING "id"[0m  [["map_id", 8], ["position", 9], ["square_type", "event"], ["square_text", "伊勢湾フェリーに乗ってショートカット！3マス進む"], ["effect", "move"], ["value", 3], ["created_at", "2026-06-03 05:35:15.683959"], ["updated_at", "2026-06-03 05:35:15.683959"]]
  ↳ app/controllers/home_controller.rb:35:in 'block in HomeController#generate'
  [1m[36mTRANSACTION (0.0ms)[0m  [1m[36mcommit transaction[0m
  ↳ app/controllers/home_controller.rb:35:in 'block in HomeController#generate'
  [1m[36mTRANSACTION (0.0ms)[0m  [1m[36mbegin transaction[0m
  ↳ app/controllers/home_controller.rb:35:in 'block in HomeController#generate'
  [1m[36mSquare Create (0.4ms)[0m  [1m[32mINSERT INTO "squares" ("map_id", "position", "square_type", "square_text", "effect", "value", "created_at", "updated_at") VALUES (?, ?, ?, ?, ?, ?, ?, ?) RETURNING "id"[0m  [["map_id", 8], ["position", 10], ["square_type", "event"], ["square_text", "近江八幡の水郷巡り！風流な景色に癒される"], ["effect", "none"], ["value", 0], ["created_at", "2026-06-03 05:35:15.685294"], ["updated_at", "2026-06-03 05:35:15.685294"]]
  ↳ app/controllers/home_controller.rb:35:in 'block in HomeController#generate'
  [1m[36mTRANSACTION (0.0ms)[0m  [1m[36mcommit transaction[0m
  ↳ app/controllers/home_controller.rb:35:in 'block in HomeController#generate'
  [1m[36mTRANSACTION (0.0ms)[0m  [1m[36mbegin transaction[0m
  ↳ app/controllers/home_controller.rb:35:in 'block in HomeController#generate'
  [1m[36mSquare Create (0.4ms)[0m  [1m[32mINSERT INTO "squares" ("map_id", "position", "square_type", "square_text", "effect", "value", "created_at", "updated_at") VALUES (?, ?, ?, ?, ?, ?, ?, ?) RETURNING "id"[0m  [["map_id", 8], ["position", 11], ["square_type", "event"], ["square_text", "琵琶湖を眺めて一息。癒されてもう一度サイコロを振る"], ["effect", "roll_again"], ["value", 0], ["created_at", "2026-06-03 05:35:15.686391"], ["updated_at", "2026-06-03 05:35:15.686391"]]
  ↳ app/controllers/home_controller.rb:35:in 'block in HomeController#generate'
  [1m[36mTRANSACTION (0.0ms)[0m  [1m[36mcommit transaction[0m
  ↳ app/controllers/home_controller.rb:35:in 'block in HomeController#generate'
  [1m[36mTRANSACTION (0.0ms)[0m  [1m[36mbegin transaction[0m
  ↳ app/controllers/home_controller.rb:35:in 'block in HomeController#generate'
  [1m[36mSquare Create (0.3ms)[0m  [1m[32mINSERT INTO "squares" ("map_id", "position", "square_type", "square_text", "effect", "value", "created_at", "updated_at") VALUES (?, ?, ?, ?, ?, ?, ?, ?) RETURNING "id"[0m  [["map_id", 8], ["position", 12], ["square_type", "event"], ["square_text", "急な雨で足止め。1回休み"], ["effect", "skip"], ["value", 1], ["created_at", "2026-06-03 05:35:15.687440"], ["updated_at", "2026-06-03 05:35:15.687440"]]
  ↳ app/controllers/home_controller.rb:35:in 'block in HomeController#generate'
  [1m[36mTRANSACTION (0.0ms)[0m  [1m[36mcommit transaction[0m
  ↳ app/controllers/home_controller.rb:35:in 'block in HomeController#generate'
  [1m[36mTRANSACTION (0.0ms)[0m  [1m[36mbegin transaction[0m
  ↳ app/controllers/home_controller.rb:35:in 'block in HomeController#generate'
  [1m[36mSquare Create (0.5ms)[0m  [1m[32mINSERT INTO "squares" ("map_id", "position", "square_type", "square_text", "effect", "value", "created_at", "updated_at") VALUES (?, ?, ?, ?, ?, ?, ?, ?) RETURNING "id"[0m  [["map_id", 8], ["position", 13], ["square_type", "event"], ["square_text", "親切な人に助けられ、2マス進む"], ["effect", "move"], ["value", 2], ["created_at", "2026-06-03 05:35:15.688422"], ["updated_at", "2026-06-03 05:35:15.688422"]]
  ↳ app/controllers/home_controller.rb:35:in 'block in HomeController#generate'
  [1m[36mTRANSACTION (0.0ms)[0m  [1m[36mcommit transaction[0m
  ↳ app/controllers/home_controller.rb:35:in 'block in HomeController#generate'
  [1m[36mTRANSACTION (0.0ms)[0m  [1m[36mbegin transaction[0m
  ↳ app/controllers/home_controller.rb:35:in 'block in HomeController#generate'
  [1m[36mSquare Create (0.4ms)[0m  [1m[32mINSERT INTO "squares" ("map_id", "position", "square_type", "square_text", "effect", "value", "created_at", "updated_at") VALUES (?, ?, ?, ?, ?, ?, ?, ?) RETURNING "id"[0m  [["map_id", 8], ["position", 14], ["square_type", "event"], ["square_text", "京都タワーが見えてきた！期待で1マス進む"], ["effect", "move"], ["value", 1], ["created_at", "2026-06-03 05:35:15.689817"], ["updated_at", "2026-06-03 05:35:15.689817"]]
  ↳ app/controllers/home_controller.rb:35:in 'block in HomeController#generate'
  [1m[36mTRANSACTION (0.0ms)[0m  [1m[36mcommit transaction[0m
  ↳ app/controllers/home_controller.rb:35:in 'block in HomeController#generate'
  [1m[36mTRANSACTION (0.0ms)[0m  [1m[36mbegin transaction[0m
  ↳ app/controllers/home_controller.rb:35:in 'block in HomeController#generate'
  [1m[36mSquare Create (0.3ms)[0m  [1m[32mINSERT INTO "squares" ("map_id", "position", "square_type", "square_text", "effect", "value", "created_at", "updated_at") VALUES (?, ?, ?, ?, ?, ?, ?, ?) RETURNING "id"[0m  [["map_id", 8], ["position", 15], ["square_type", "goal"], ["square_text", "古都・京都に到着！長い旅、お疲れ様でした！"], ["effect", "finish"], ["value", 0], ["created_at", "2026-06-03 05:35:15.690970"], ["updated_at", "2026-06-03 05:35:15.690970"]]
  ↳ app/controllers/home_controller.rb:35:in 'block in HomeController#generate'
  [1m[36mTRANSACTION (0.0ms)[0m  [1m[36mcommit transaction[0m
  ↳ app/controllers/home_controller.rb:35:in 'block in HomeController#generate'
AI生成成功
{"title" => "東海道徒歩の旅！東京→京都すごろく", "squares" => [{"type" => "start", "text" => "東京駅を出発！さあ、京都を目指そう！", "effect" => "none", "value" => 0}, {"type" => "event", "text" => "品川宿に到着！旅の始まりにワクワク！", "effect" => "none", "value" => 0}, {"type" => "event", "text" => "東海道線で快適移動！2マス進む", "effect" => "move", "value" => 2}, {"type" => "event", "text" => "箱根の山越えは大変！1回休み", "effect" => "skip", "value" => 1}, {"type" => "event", "text" => "富士山が綺麗！感動してもう一度サイコロを振る", "effect" => "roll_again", "value" => 0}, {"type" => "event", "text" => "静岡でお茶を満喫！リフレッシュして1マス進む", "effect" => "move", "value" => 1}, {"type" => "event", "text" => "道に迷ってしまった…1マス戻る", "effect" => "move", "value" => -1}, {"type" => "event", "text" => "名古屋でひつまぶしを堪能！元気いっぱいで2マス進む", "effect" => "move", "value" => 2}, {"type" => "event", "text" => "伊勢湾フェリーに乗ってショートカット！3マス進む", "effect" => "move", "value" => 3}, {"type" => "event", "text" => "近江八幡の水郷巡り！風流な景色に癒される", "effect" => "none", "value" => 0}, {"type" => "event", "text" => "琵琶湖を眺めて一息。癒されてもう一度サイコロを振る", "effect" => "roll_again", "value" => 0}, {"type" => "event", "text" => "急な雨で足止め。1回休み", "effect" => "skip", "value" => 1}, {"type" => "event", "text" => "親切な人に助けられ、2マス進む", "effect" => "move", "value" => 2}, {"type" => "event", "text" => "京都タワーが見えてきた！期待で1マス進む", "effect" => "move", "value" => 1}, {"type" => "goal", "text" => "古都・京都に到着！長い旅、お疲れ様でした！", "effect" => "finish", "value" => 0}]}
  Rendering layout layouts/application.html.erb
  Rendering home/generate.html.erb within layouts/application
  Rendered home/generate.html.erb within layouts/application (Duration: 0.2ms | Allocations: 124)
  Rendered layout layouts/application.html.erb (Duration: 1.0ms | Allocations: 1162)
Completed 200 OK in 9126ms (Views: 1.6ms | ActiveRecord: 10.2ms | Allocations: 60657)


Started GET "/play" for ::1 at 2026-06-03 14:35:19 +0900
Processing by PlayController#top as HTML
  [1m[36mMap Load (0.2ms)[0m  [1m[34mSELECT "maps".* FROM "maps" WHERE "maps"."id" = ? LIMIT ?[0m  [["id", 8], ["LIMIT", 1]]
  ↳ app/controllers/play_controller.rb:4:in 'PlayController#top'
  Rendering layout layouts/application.html.erb
  Rendering play/top.html.erb within layouts/application
  [1m[36mSquare Load (0.2ms)[0m  [1m[34mSELECT "squares".* FROM "squares" WHERE "squares"."map_id" = ? ORDER BY "squares"."position" ASC[0m  [["map_id", 8]]
  ↳ app/views/play/top.html.erb:41:in '_app_views_play_top_html_erb___2228816476887581532_9456'
  Rendered play/top.html.erb within layouts/application (Duration: 2.5ms | Allocations: 1181)
  Rendered layout layouts/application.html.erb (Duration: 4.0ms | Allocations: 2231)
Completed 200 OK in 9ms (Views: 4.6ms | ActiveRecord: 0.4ms | Allocations: 4925)


Started GET "/home" for ::1 at 2026-06-03 14:35:27 +0900
Processing by HomeController#top as HTML
  Rendering layout layouts/application.html.erb
  Rendering home/top.html.erb within layouts/application
  Rendered home/top.html.erb within layouts/application (Duration: 0.4ms | Allocations: 246)
  Rendered layout layouts/application.html.erb (Duration: 1.1ms | Allocations: 1281)
Completed 200 OK in 2ms (Views: 1.3ms | ActiveRecord: 0.0ms | Allocations: 1489)


Started POST "/home/generate" for ::1 at 2026-06-03 14:35:39 +0900
Processing by HomeController#generate as HTML
  Parameters: {"authenticity_token" => "[FILTERED]", "prompt" => "ホラー"}
  [1m[36mTRANSACTION (0.1ms)[0m  [1m[36mbegin transaction[0m
  ↳ app/controllers/home_controller.rb:27:in 'HomeController#generate'
  [1m[36mMap Create (1.9ms)[0m  [1m[32mINSERT INTO "maps" ("map_name", "num_of_squares", "created_at", "updated_at") VALUES (?, ?, ?, ?) RETURNING "id"[0m  [["map_name", "呪われた館からの脱出"], ["num_of_squares", 12], ["created_at", "2026-06-03 05:35:49.312611"], ["updated_at", "2026-06-03 05:35:49.312611"]]
  ↳ app/controllers/home_controller.rb:27:in 'HomeController#generate'
  [1m[36mTRANSACTION (0.4ms)[0m  [1m[36mcommit transaction[0m
  ↳ app/controllers/home_controller.rb:27:in 'HomeController#generate'
  [1m[36mTRANSACTION (0.1ms)[0m  [1m[36mbegin transaction[0m
  ↳ app/controllers/home_controller.rb:35:in 'block in HomeController#generate'
  [1m[36mSquare Create (1.5ms)[0m  [1m[32mINSERT INTO "squares" ("map_id", "position", "square_type", "square_text", "effect", "value", "created_at", "updated_at") VALUES (?, ?, ?, ?, ?, ?, ?, ?) RETURNING "id"[0m  [["map_id", 9], ["position", 1], ["square_type", "start"], ["square_text", "悪夢の始まり"], ["effect", "none"], ["value", 0], ["created_at", "2026-06-03 05:35:49.319679"], ["updated_at", "2026-06-03 05:35:49.319679"]]
  ↳ app/controllers/home_controller.rb:35:in 'block in HomeController#generate'
  [1m[36mTRANSACTION (0.1ms)[0m  [1m[36mcommit transaction[0m
  ↳ app/controllers/home_controller.rb:35:in 'block in HomeController#generate'
  [1m[36mTRANSACTION (0.0ms)[0m  [1m[36mbegin transaction[0m
  ↳ app/controllers/home_controller.rb:35:in 'block in HomeController#generate'
  [1m[36mSquare Create (1.1ms)[0m  [1m[32mINSERT INTO "squares" ("map_id", "position", "square_type", "square_text", "effect", "value", "created_at", "updated_at") VALUES (?, ?, ?, ?, ?, ?, ?, ?) RETURNING "id"[0m  [["map_id", 9], ["position", 2], ["square_type", "event"], ["square_text", "不気味な物音に誘われ、奥へ2マス進む。"], ["effect", "move"], ["value", 2], ["created_at", "2026-06-03 05:35:49.323242"], ["updated_at", "2026-06-03 05:35:49.323242"]]
  ↳ app/controllers/home_controller.rb:35:in 'block in HomeController#generate'
  [1m[36mTRANSACTION (0.1ms)[0m  [1m[36mcommit transaction[0m
  ↳ app/controllers/home_controller.rb:35:in 'block in HomeController#generate'
  [1m[36mTRANSACTION (0.0ms)[0m  [1m[36mbegin transaction[0m
  ↳ app/controllers/home_controller.rb:35:in 'block in HomeController#generate'
  [1m[36mSquare Create (0.7ms)[0m  [1m[32mINSERT INTO "squares" ("map_id", "position", "square_type", "square_text", "effect", "value", "created_at", "updated_at") VALUES (?, ?, ?, ?, ?, ?, ?, ?) RETURNING "id"[0m  [["map_id", 9], ["position", 3], ["square_type", "event"], ["square_text", "どこからか聞こえる呻き声に金縛り。1回休み。"], ["effect", "skip"], ["value", 1], ["created_at", "2026-06-03 05:35:49.326173"], ["updated_at", "2026-06-03 05:35:49.326173"]]
  ↳ app/controllers/home_controller.rb:35:in 'block in HomeController#generate'
  [1m[36mTRANSACTION (0.1ms)[0m  [1m[36mcommit transaction[0m
  ↳ app/controllers/home_controller.rb:35:in 'block in HomeController#generate'
  [1m[36mTRANSACTION (0.0ms)[0m  [1m[36mbegin transaction[0m
  ↳ app/controllers/home_controller.rb:35:in 'block in HomeController#generate'
  [1m[36mSquare Create (0.6ms)[0m  [1m[32mINSERT INTO "squares" ("map_id", "position", "square_type", "square_text", "effect", "value", "created_at", "updated_at") VALUES (?, ?, ?, ?, ?, ?, ?, ?) RETURNING "id"[0m  [["map_id", 9], ["position", 4], ["square_type", "event"], ["square_text", "血まみれの手形に触れてしまい、恐怖で1マス戻る。"], ["effect", "move"], ["value", -1], ["created_at", "2026-06-03 05:35:49.328449"], ["updated_at", "2026-06-03 05:35:49.328449"]]
  ↳ app/controllers/home_controller.rb:35:in 'block in HomeController#generate'
  [1m[36mTRANSACTION (0.1ms)[0m  [1m[36mcommit transaction[0m
  ↳ app/controllers/home_controller.rb:35:in 'block in HomeController#generate'
  [1m[36mTRANSACTION (0.0ms)[0m  [1m[36mbegin transaction[0m
  ↳ app/controllers/home_controller.rb:35:in 'block in HomeController#generate'
  [1m[36mSquare Create (0.5ms)[0m  [1m[32mINSERT INTO "squares" ("map_id", "position", "square_type", "square_text", "effect", "value", "created_at", "updated_at") VALUES (?, ?, ?, ?, ?, ?, ?, ?) RETURNING "id"[0m  [["map_id", 9], ["position", 5], ["square_type", "event"], ["square_text", "古いラジオから砂嵐の向こうに囁き声が聞こえる。もう一度サイコロを振る。"], ["effect", "roll_again"], ["value", 0], ["created_at", "2026-06-03 05:35:49.330360"], ["updated_at", "2026-06-03 05:35:49.330360"]]
  ↳ app/controllers/home_controller.rb:35:in 'block in HomeController#generate'
  [1m[36mTRANSACTION (0.1ms)[0m  [1m[36mcommit transaction[0m
  ↳ app/controllers/home_controller.rb:35:in 'block in HomeController#generate'
  [1m[36mTRANSACTION (0.0ms)[0m  [1m[36mbegin transaction[0m
  ↳ app/controllers/home_controller.rb:35:in 'block in HomeController#generate'
  [1m[36mSquare Create (0.5ms)[0m  [1m[32mINSERT INTO "squares" ("map_id", "position", "square_type", "square_text", "effect", "value", "created_at", "updated_at") VALUES (?, ?, ?, ?, ?, ?, ?, ?) RETURNING "id"[0m  [["map_id", 9], ["position", 6], ["square_type", "event"], ["square_text", "静寂に包まれた廊下。何も起こらない。"], ["effect", "none"], ["value", 0], ["created_at", "2026-06-03 05:35:49.331987"], ["updated_at", "2026-06-03 05:35:49.331987"]]
  ↳ app/controllers/home_controller.rb:35:in 'block in HomeController#generate'
  [1m[36mTRANSACTION (0.0ms)[0m  [1m[36mcommit transaction[0m
  ↳ app/controllers/home_controller.rb:35:in 'block in HomeController#generate'
  [1m[36mTRANSACTION (0.0ms)[0m  [1m[36mbegin transaction[0m
  ↳ app/controllers/home_controller.rb:35:in 'block in HomeController#generate'
  [1m[36mSquare Create (0.5ms)[0m  [1m[32mINSERT INTO "squares" ("map_id", "position", "square_type", "square_text", "effect", "value", "created_at", "updated_at") VALUES (?, ?, ?, ?, ?, ?, ?, ?) RETURNING "id"[0m  [["map_id", 9], ["position", 7], ["square_type", "event"], ["square_text", "目の前に亡霊が立ち塞がり、動けない。1回休み。"], ["effect", "skip"], ["value", 1], ["created_at", "2026-06-03 05:35:49.333429"], ["updated_at", "2026-06-03 05:35:49.333429"]]
  ↳ app/controllers/home_controller.rb:35:in 'block in HomeController#generate'
  [1m[36mTRANSACTION (0.0ms)[0m  [1m[36mcommit transaction[0m
  ↳ app/controllers/home_controller.rb:35:in 'block in HomeController#generate'
  [1m[36mTRANSACTION (0.0ms)[0m  [1m[36mbegin transaction[0m
  ↳ app/controllers/home_controller.rb:35:in 'block in HomeController#generate'
  [1m[36mSquare Create (0.5ms)[0m  [1m[32mINSERT INTO "squares" ("map_id", "position", "square_type", "square_text", "effect", "value", "created_at", "updated_at") VALUES (?, ?, ?, ?, ?, ?, ?, ?) RETURNING "id"[0m  [["map_id", 9], ["position", 8], ["square_type", "event"], ["square_text", "朽ちた人形があなたを見つめている。背筋が凍る。"], ["effect", "none"], ["value", 0], ["created_at", "2026-06-03 05:35:49.334964"], ["updated_at", "2026-06-03 05:35:49.334964"]]
  ↳ app/controllers/home_controller.rb:35:in 'block in HomeController#generate'
  [1m[36mTRANSACTION (0.0ms)[0m  [1m[36mcommit transaction[0m
  ↳ app/controllers/home_controller.rb:35:in 'block in HomeController#generate'
  [1m[36mTRANSACTION (0.0ms)[0m  [1m[36mbegin transaction[0m
  ↳ app/controllers/home_controller.rb:35:in 'block in HomeController#generate'
  [1m[36mSquare Create (0.4ms)[0m  [1m[32mINSERT INTO "squares" ("map_id", "position", "square_type", "square_text", "effect", "value", "created_at", "updated_at") VALUES (?, ?, ?, ?, ?, ?, ?, ?) RETURNING "id"[0m  [["map_id", 9], ["position", 9], ["square_type", "event"], ["square_text", "背後から迫る気配に気づき、慌てて3マス進む。"], ["effect", "move"], ["value", 3], ["created_at", "2026-06-03 05:35:49.336345"], ["updated_at", "2026-06-03 05:35:49.336345"]]
  ↳ app/controllers/home_controller.rb:35:in 'block in HomeController#generate'
  [1m[36mTRANSACTION (0.1ms)[0m  [1m[36mcommit transaction[0m
  ↳ app/controllers/home_controller.rb:35:in 'block in HomeController#generate'
  [1m[36mTRANSACTION (0.0ms)[0m  [1m[36mbegin transaction[0m
  ↳ app/controllers/home_controller.rb:35:in 'block in HomeController#generate'
  [1m[36mSquare Create (0.5ms)[0m  [1m[32mINSERT INTO "squares" ("map_id", "position", "square_type", "square_text", "effect", "value", "created_at", "updated_at") VALUES (?, ?, ?, ?, ?, ?, ?, ?) RETURNING "id"[0m  [["map_id", 9], ["position", 10], ["square_type", "event"], ["square_text", "古い日記帳を見つける。過去の惨劇を垣間見て、1マス戻る。"], ["effect", "move"], ["value", -1], ["created_at", "2026-06-03 05:35:49.337991"], ["updated_at", "2026-06-03 05:35:49.337991"]]
  ↳ app/controllers/home_controller.rb:35:in 'block in HomeController#generate'
  [1m[36mTRANSACTION (0.0ms)[0m  [1m[36mcommit transaction[0m
  ↳ app/controllers/home_controller.rb:35:in 'block in HomeController#generate'
  [1m[36mTRANSACTION (0.0ms)[0m  [1m[36mbegin transaction[0m
  ↳ app/controllers/home_controller.rb:35:in 'block in HomeController#generate'
  [1m[36mSquare Create (0.5ms)[0m  [1m[32mINSERT INTO "squares" ("map_id", "position", "square_type", "square_text", "effect", "value", "created_at", "updated_at") VALUES (?, ?, ?, ?, ?, ?, ?, ?) RETURNING "id"[0m  [["map_id", 9], ["position", 11], ["square_type", "event"], ["square_text", "突然の停電。暗闇の中で足元がおぼつかない。もう一度サイコロを振る。"], ["effect", "roll_again"], ["value", 0], ["created_at", "2026-06-03 05:35:49.339588"], ["updated_at", "2026-06-03 05:35:49.339588"]]
  ↳ app/controllers/home_controller.rb:35:in 'block in HomeController#generate'
  [1m[36mTRANSACTION (0.0ms)[0m  [1m[36mcommit transaction[0m
  ↳ app/controllers/home_controller.rb:35:in 'block in HomeController#generate'
  [1m[36mTRANSACTION (0.0ms)[0m  [1m[36mbegin transaction[0m
  ↳ app/controllers/home_controller.rb:35:in 'block in HomeController#generate'
  [1m[36mSquare Create (0.4ms)[0m  [1m[32mINSERT INTO "squares" ("map_id", "position", "square_type", "square_text", "effect", "value", "created_at", "updated_at") VALUES (?, ?, ?, ?, ?, ?, ?, ?) RETURNING "id"[0m  [["map_id", 9], ["position", 12], ["square_type", "goal"], ["square_text", "悪夢からの生還"], ["effect", "finish"], ["value", 0], ["created_at", "2026-06-03 05:35:49.341011"], ["updated_at", "2026-06-03 05:35:49.341011"]]
  ↳ app/controllers/home_controller.rb:35:in 'block in HomeController#generate'
  [1m[36mTRANSACTION (0.0ms)[0m  [1m[36mcommit transaction[0m
  ↳ app/controllers/home_controller.rb:35:in 'block in HomeController#generate'
AI生成成功
{"title" => "呪われた館からの脱出", "squares" => [{"type" => "start", "text" => "悪夢の始まり", "effect" => "none", "value" => 0}, {"type" => "event", "text" => "不気味な物音に誘われ、奥へ2マス進む。", "effect" => "move", "value" => 2}, {"type" => "event", "text" => "どこからか聞こえる呻き声に金縛り。1回休み。", "effect" => "skip", "value" => 1}, {"type" => "event", "text" => "血まみれの手形に触れてしまい、恐怖で1マス戻る。", "effect" => "move", "value" => -1}, {"type" => "event", "text" => "古いラジオから砂嵐の向こうに囁き声が聞こえる。もう一度サイコロを振る。", "effect" => "roll_again", "value" => 0}, {"type" => "event", "text" => "静寂に包まれた廊下。何も起こらない。", "effect" => "none", "value" => 0}, {"type" => "event", "text" => "目の前に亡霊が立ち塞がり、動けない。1回休み。", "effect" => "skip", "value" => 1}, {"type" => "event", "text" => "朽ちた人形があなたを見つめている。背筋が凍る。", "effect" => "none", "value" => 0}, {"type" => "event", "text" => "背後から迫る気配に気づき、慌てて3マス進む。", "effect" => "move", "value" => 3}, {"type" => "event", "text" => "古い日記帳を見つける。過去の惨劇を垣間見て、1マス戻る。", "effect" => "move", "value" => -1}, {"type" => "event", "text" => "突然の停電。暗闇の中で足元がおぼつかない。もう一度サイコロを振る。", "effect" => "roll_again", "value" => 0}, {"type" => "goal", "text" => "悪夢からの生還", "effect" => "finish", "value" => 0}]}
  Rendering layout layouts/application.html.erb
  Rendering home/generate.html.erb within layouts/application
  Rendered home/generate.html.erb within layouts/application (Duration: 0.0ms | Allocations: 9)
  Rendered layout layouts/application.html.erb (Duration: 2.0ms | Allocations: 1039)
Completed 200 OK in 10043ms (Views: 2.3ms | ActiveRecord: 10.9ms | Allocations: 25668)


Started GET "/home" for ::1 at 2026-06-03 14:37:59 +0900
  [1m[36mActiveRecord::SchemaMigration Load (0.1ms)[0m  [1m[34mSELECT "schema_migrations"."version" FROM "schema_migrations" ORDER BY "schema_migrations"."version" ASC[0m
Processing by HomeController#top as HTML
  Rendering layout layouts/application.html.erb
  Rendering home/top.html.erb within layouts/application
  Rendered home/top.html.erb within layouts/application (Duration: 3.2ms | Allocations: 1789)
  Rendered layout layouts/application.html.erb (Duration: 21.9ms | Allocations: 33005)
Completed 200 OK in 34ms (Views: 30.9ms | ActiveRecord: 0.0ms | Allocations: 36959)


Started POST "/home/generate" for ::1 at 2026-06-03 14:38:07 +0900
Processing by HomeController#generate as HTML
  Parameters: {"authenticity_token" => "[FILTERED]", "prompt" => "ホラー"}
  [1m[36mTRANSACTION (0.0ms)[0m  [1m[36mbegin transaction[0m
  ↳ app/controllers/home_controller.rb:27:in 'HomeController#generate'
  [1m[36mMap Create (0.9ms)[0m  [1m[32mINSERT INTO "maps" ("map_name", "num_of_squares", "created_at", "updated_at") VALUES (?, ?, ?, ?) RETURNING "id"[0m  [["map_name", "絶叫のスゴロク：呪われた館からの生還"], ["num_of_squares", 20], ["created_at", "2026-06-03 05:38:23.142574"], ["updated_at", "2026-06-03 05:38:23.142574"]]
  ↳ app/controllers/home_controller.rb:27:in 'HomeController#generate'
  [1m[36mTRANSACTION (0.2ms)[0m  [1m[36mcommit transaction[0m
  ↳ app/controllers/home_controller.rb:27:in 'HomeController#generate'
  [1m[36mTRANSACTION (0.0ms)[0m  [1m[36mbegin transaction[0m
  ↳ app/controllers/home_controller.rb:35:in 'block in HomeController#generate'
  [1m[36mSquare Create (0.6ms)[0m  [1m[32mINSERT INTO "squares" ("map_id", "position", "square_type", "square_text", "effect", "value", "created_at", "updated_at") VALUES (?, ?, ?, ?, ?, ?, ?, ?) RETURNING "id"[0m  [["map_id", 10], ["position", 1], ["square_type", "start"], ["square_text", "恐怖への序章：呪われた屋敷の門"], ["effect", "none"], ["value", 0], ["created_at", "2026-06-03 05:38:23.156736"], ["updated_at", "2026-06-03 05:38:23.156736"]]
  ↳ app/controllers/home_controller.rb:35:in 'block in HomeController#generate'
  [1m[36mTRANSACTION (0.0ms)[0m  [1m[36mcommit transaction[0m
  ↳ app/controllers/home_controller.rb:35:in 'block in HomeController#generate'
  [1m[36mTRANSACTION (0.0ms)[0m  [1m[36mbegin transaction[0m
  ↳ app/controllers/home_controller.rb:35:in 'block in HomeController#generate'
  [1m[36mSquare Create (0.4ms)[0m  [1m[32mINSERT INTO "squares" ("map_id", "position", "square_type", "square_text", "effect", "value", "created_at", "updated_at") VALUES (?, ?, ?, ?, ?, ?, ?, ?) RETURNING "id"[0m  [["map_id", 10], ["position", 2], ["square_type", "event"], ["square_text", "不気味な物音に誘われ、奥へと引きずり込まれる…"], ["effect", "move"], ["value", 2], ["created_at", "2026-06-03 05:38:23.158315"], ["updated_at", "2026-06-03 05:38:23.158315"]]
  ↳ app/controllers/home_controller.rb:35:in 'block in HomeController#generate'
  [1m[36mTRANSACTION (0.0ms)[0m  [1m[36mcommit transaction[0m
  ↳ app/controllers/home_controller.rb:35:in 'block in HomeController#generate'
  [1m[36mTRANSACTION (0.0ms)[0m  [1m[36mbegin transaction[0m
  ↳ app/controllers/home_controller.rb:35:in 'block in HomeController#generate'
  [1m[36mSquare Create (0.5ms)[0m  [1m[32mINSERT INTO "squares" ("map_id", "position", "square_type", "square_text", "effect", "value", "created_at", "updated_at") VALUES (?, ?, ?, ?, ?, ?, ?, ?) RETURNING "id"[0m  [["map_id", 10], ["position", 3], ["square_type", "event"], ["square_text", "朽ちた肖像画の目が追う。背筋が凍りつく…"], ["effect", "none"], ["value", 0], ["created_at", "2026-06-03 05:38:23.159433"], ["updated_at", "2026-06-03 05:38:23.159433"]]
  ↳ app/controllers/home_controller.rb:35:in 'block in HomeController#generate'
  [1m[36mTRANSACTION (0.0ms)[0m  [1m[36mcommit transaction[0m
  ↳ app/controllers/home_controller.rb:35:in 'block in HomeController#generate'
  [1m[36mTRANSACTION (0.0ms)[0m  [1m[36mbegin transaction[0m
  ↳ app/controllers/home_controller.rb:35:in 'block in HomeController#generate'
  [1m[36mSquare Create (0.3ms)[0m  [1m[32mINSERT INTO "squares" ("map_id", "position", "square_type", "square_text", "effect", "value", "created_at", "updated_at") VALUES (?, ?, ?, ?, ?, ?, ?, ?) RETURNING "id"[0m  [["map_id", 10], ["position", 4], ["square_type", "event"], ["square_text", "床板が軋む。何かの気配に驚き、思わず後ずさりしてしまう。"], ["effect", "move"], ["value", -1], ["created_at", "2026-06-03 05:38:23.160727"], ["updated_at", "2026-06-03 05:38:23.160727"]]
  ↳ app/controllers/home_controller.rb:35:in 'block in HomeController#generate'
  [1m[36mTRANSACTION (0.0ms)[0m  [1m[36mcommit transaction[0m
  ↳ app/controllers/home_controller.rb:35:in 'block in HomeController#generate'
  [1m[36mTRANSACTION (0.0ms)[0m  [1m[36mbegin transaction[0m
  ↳ app/controllers/home_controller.rb:35:in 'block in HomeController#generate'
  [1m[36mSquare Create (0.3ms)[0m  [1m[32mINSERT INTO "squares" ("map_id", "position", "square_type", "square_text", "effect", "value", "created_at", "updated_at") VALUES (?, ?, ?, ?, ?, ?, ?, ?) RETURNING "id"[0m  [["map_id", 10], ["position", 5], ["square_type", "event"], ["square_text", "暗闇に光る瞳！恐怖のあまり、金縛りで動けない。"], ["effect", "skip"], ["value", 1], ["created_at", "2026-06-03 05:38:23.161801"], ["updated_at", "2026-06-03 05:38:23.161801"]]
  ↳ app/controllers/home_controller.rb:35:in 'block in HomeController#generate'
  [1m[36mTRANSACTION (0.0ms)[0m  [1m[36mcommit transaction[0m
  ↳ app/controllers/home_controller.rb:35:in 'block in HomeController#generate'
  [1m[36mTRANSACTION (0.0ms)[0m  [1m[36mbegin transaction[0m
  ↳ app/controllers/home_controller.rb:35:in 'block in HomeController#generate'
  [1m[36mSquare Create (0.5ms)[0m  [1m[32mINSERT INTO "squares" ("map_id", "position", "square_type", "square_text", "effect", "value", "created_at", "updated_at") VALUES (?, ?, ?, ?, ?, ?, ?, ?) RETURNING "id"[0m  [["map_id", 10], ["position", 6], ["square_type", "event"], ["square_text", "懐中電灯の光がちらつき、消えかける。探索に手間取る…"], ["effect", "none"], ["value", 0], ["created_at", "2026-06-03 05:38:23.162922"], ["updated_at", "2026-06-03 05:38:23.162922"]]
  ↳ app/controllers/home_controller.rb:35:in 'block in HomeController#generate'
  [1m[36mTRANSACTION (0.0ms)[0m  [1m[36mcommit transaction[0m
  ↳ app/controllers/home_controller.rb:35:in 'block in HomeController#generate'
  [1m[36mTRANSACTION (0.0ms)[0m  [1m[36mbegin transaction[0m
  ↳ app/controllers/home_controller.rb:35:in 'block in HomeController#generate'
  [1m[36mSquare Create (0.3ms)[0m  [1m[32mINSERT INTO "squares" ("map_id", "position", "square_type", "square_text", "effect", "value", "created_at", "updated_at") VALUES (?, ?, ?, ?, ?, ?, ?, ?) RETURNING "id"[0m  [["map_id", 10], ["position", 7], ["square_type", "event"], ["square_text", "腐敗臭に吐き気を催し、思わず駆け出す！"], ["effect", "move"], ["value", 1], ["created_at", "2026-06-03 05:38:23.164121"], ["updated_at", "2026-06-03 05:38:23.164121"]]
  ↳ app/controllers/home_controller.rb:35:in 'block in HomeController#generate'
  [1m[36mTRANSACTION (0.0ms)[0m  [1m[36mcommit transaction[0m
  ↳ app/controllers/home_controller.rb:35:in 'block in HomeController#generate'
  [1m[36mTRANSACTION (0.0ms)[0m  [1m[36mbegin transaction[0m
  ↳ app/controllers/home_controller.rb:35:in 'block in HomeController#generate'
  [1m[36mSquare Create (0.3ms)[0m  [1m[32mINSERT INTO "squares" ("map_id", "position", "square_type", "square_text", "effect", "value", "created_at", "updated_at") VALUES (?, ?, ?, ?, ?, ?, ?, ?) RETURNING "id"[0m  [["map_id", 10], ["position", 8], ["square_type", "event"], ["square_text", "背後から冷たい吐息。パニックに陥り、意味もなく走り回る！"], ["effect", "roll_again"], ["value", 0], ["created_at", "2026-06-03 05:38:23.165153"], ["updated_at", "2026-06-03 05:38:23.165153"]]
  ↳ app/controllers/home_controller.rb:35:in 'block in HomeController#generate'
  [1m[36mTRANSACTION (0.0ms)[0m  [1m[36mcommit transaction[0m
  ↳ app/controllers/home_controller.rb:35:in 'block in HomeController#generate'
  [1m[36mTRANSACTION (0.0ms)[0m  [1m[36mbegin transaction[0m
  ↳ app/controllers/home_controller.rb:35:in 'block in HomeController#generate'
  [1m[36mSquare Create (0.3ms)[0m  [1m[32mINSERT INTO "squares" ("map_id", "position", "square_type", "square_text", "effect", "value", "created_at", "updated_at") VALUES (?, ?, ?, ?, ?, ?, ?, ?) RETURNING "id"[0m  [["map_id", 10], ["position", 9], ["square_type", "event"], ["square_text", "壁の染みが、人の影のように見える。心臓が跳ね上がる。"], ["effect", "none"], ["value", 0], ["created_at", "2026-06-03 05:38:23.166151"], ["updated_at", "2026-06-03 05:38:23.166151"]]
  ↳ app/controllers/home_controller.rb:35:in 'block in HomeController#generate'
  [1m[36mTRANSACTION (0.1ms)[0m  [1m[36mcommit transaction[0m
  ↳ app/controllers/home_controller.rb:35:in 'block in HomeController#generate'
  [1m[36mTRANSACTION (0.0ms)[0m  [1m[36mbegin transaction[0m
  ↳ app/controllers/home_controller.rb:35:in 'block in HomeController#generate'
  [1m[36mSquare Create (0.6ms)[0m  [1m[32mINSERT INTO "squares" ("map_id", "position", "square_type", "square_text", "effect", "value", "created_at", "updated_at") VALUES (?, ?, ?, ?, ?, ?, ?, ?) RETURNING "id"[0m  [["map_id", 10], ["position", 10], ["square_type", "event"], ["square_text", "血痕の付いた古い日記を発見。呪いの言葉が刻まれている…"], ["effect", "none"], ["value", 0], ["created_at", "2026-06-03 05:38:23.167192"], ["updated_at", "2026-06-03 05:38:23.167192"]]
  ↳ app/controllers/home_controller.rb:35:in 'block in HomeController#generate'
  [1m[36mTRANSACTION (0.1ms)[0m  [1m[36mcommit transaction[0m
  ↳ app/controllers/home_controller.rb:35:in 'block in HomeController#generate'
  [1m[36mTRANSACTION (0.0ms)[0m  [1m[36mbegin transaction[0m
  ↳ app/controllers/home_controller.rb:35:in 'block in HomeController#generate'
  [1m[36mSquare Create (0.7ms)[0m  [1m[32mINSERT INTO "squares" ("map_id", "position", "square_type", "square_text", "effect", "value", "created_at", "updated_at") VALUES (?, ?, ?, ?, ?, ?, ?, ?) RETURNING "id"[0m  [["map_id", 10], ["position", 11], ["square_type", "event"], ["square_text", "突然の停電！完全に視界を奪われ、その場に立ち尽くす。"], ["effect", "skip"], ["value", 1], ["created_at", "2026-06-03 05:38:23.168601"], ["updated_at", "2026-06-03 05:38:23.168601"]]
  ↳ app/controllers/home_controller.rb:35:in 'block in HomeController#generate'
  [1m[36mTRANSACTION (0.1ms)[0m  [1m[36mcommit transaction[0m
  ↳ app/controllers/home_controller.rb:35:in 'block in HomeController#generate'
  [1m[36mTRANSACTION (0.0ms)[0m  [1m[36mbegin transaction[0m
  ↳ app/controllers/home_controller.rb:35:in 'block in HomeController#generate'
  [1m[36mSquare Create (0.4ms)[0m  [1m[32mINSERT INTO "squares" ("map_id", "position", "square_type", "square_text", "effect", "value", "created_at", "updated_at") VALUES (?, ?, ?, ?, ?, ?, ?, ?) RETURNING "id"[0m  [["map_id", 10], ["position", 12], ["square_type", "event"], ["square_text", "崩れかけた階段を、恐怖に怯えながらも一気に駆け上がる。"], ["effect", "move"], ["value", 2], ["created_at", "2026-06-03 05:38:23.170260"], ["updated_at", "2026-06-03 05:38:23.170260"]]
  ↳ app/controllers/home_controller.rb:35:in 'block in HomeController#generate'
  [1m[36mTRANSACTION (0.0ms)[0m  [1m[36mcommit transaction[0m
  ↳ app/controllers/home_controller.rb:35:in 'block in HomeController#generate'
  [1m[36mTRANSACTION (0.0ms)[0m  [1m[36mbegin transaction[0m
  ↳ app/controllers/home_controller.rb:35:in 'block in HomeController#generate'
  [1m[36mSquare Create (0.3ms)[0m  [1m[32mINSERT INTO "squares" ("map_id", "position", "square_type", "square_text", "effect", "value", "created_at", "updated_at") VALUES (?, ?, ?, ?, ?, ?, ?, ?) RETURNING "id"[0m  [["map_id", 10], ["position", 13], ["square_type", "event"], ["square_text", "隠された地下室の入口を発見！中から何かの呻きが…"], ["effect", "move"], ["value", 3], ["created_at", "2026-06-03 05:38:23.171355"], ["updated_at", "2026-06-03 05:38:23.171355"]]
  ↳ app/controllers/home_controller.rb:35:in 'block in HomeController#generate'
  [1m[36mTRANSACTION (0.0ms)[0m  [1m[36mcommit transaction[0m
  ↳ app/controllers/home_controller.rb:35:in 'block in HomeController#generate'
  [1m[36mTRANSACTION (0.0ms)[0m  [1m[36mbegin transaction[0m
  ↳ app/controllers/home_controller.rb:35:in 'block in HomeController#generate'
  [1m[36mSquare Create (0.3ms)[0m  [1m[32mINSERT INTO "squares" ("map_id", "position", "square_type", "square_text", "effect", "value", "created_at", "updated_at") VALUES (?, ?, ?, ?, ?, ?, ?, ?) RETURNING "id"[0m  [["map_id", 10], ["position", 14], ["square_type", "event"], ["square_text", "窓の外に蠢く影。あまりの恐怖に、身動きが取れない。"], ["effect", "skip"], ["value", 1], ["created_at", "2026-06-03 05:38:23.172325"], ["updated_at", "2026-06-03 05:38:23.172325"]]
  ↳ app/controllers/home_controller.rb:35:in 'block in HomeController#generate'
  [1m[36mTRANSACTION (0.0ms)[0m  [1m[36mcommit transaction[0m
  ↳ app/controllers/home_controller.rb:35:in 'block in HomeController#generate'
  [1m[36mTRANSACTION (0.0ms)[0m  [1m[36mbegin transaction[0m
  ↳ app/controllers/home_controller.rb:35:in 'block in HomeController#generate'
  [1m[36mSquare Create (0.4ms)[0m  [1m[32mINSERT INTO "squares" ("map_id", "position", "square_type", "square_text", "effect", "value", "created_at", "updated_at") VALUES (?, ?, ?, ?, ?, ?, ?, ?) RETURNING "id"[0m  [["map_id", 10], ["position", 15], ["square_type", "event"], ["square_text", "錆びた拷問器具が並ぶ部屋。精神がすり減る。"], ["effect", "none"], ["value", 0], ["created_at", "2026-06-03 05:38:23.173230"], ["updated_at", "2026-06-03 05:38:23.173230"]]
  ↳ app/controllers/home_controller.rb:35:in 'block in HomeController#generate'
  [1m[36mTRANSACTION (0.0ms)[0m  [1m[36mcommit transaction[0m
  ↳ app/controllers/home_controller.rb:35:in 'block in HomeController#generate'
  [1m[36mTRANSACTION (0.0ms)[0m  [1m[36mbegin transaction[0m
  ↳ app/controllers/home_controller.rb:35:in 'block in HomeController#generate'
  [1m[36mSquare Create (0.3ms)[0m  [1m[32mINSERT INTO "squares" ("map_id", "position", "square_type", "square_text", "effect", "value", "created_at", "updated_at") VALUES (?, ?, ?, ?, ?, ?, ?, ?) RETURNING "id"[0m  [["map_id", 10], ["position", 16], ["square_type", "event"], ["square_text", "どこからか助けを呼ぶ声。罠だと気づき、急いで引き返す！"], ["effect", "move"], ["value", -2], ["created_at", "2026-06-03 05:38:23.174426"], ["updated_at", "2026-06-03 05:38:23.174426"]]
  ↳ app/controllers/home_controller.rb:35:in 'block in HomeController#generate'
  [1m[36mTRANSACTION (0.0ms)[0m  [1m[36mcommit transaction[0m
  ↳ app/controllers/home_controller.rb:35:in 'block in HomeController#generate'
  [1m[36mTRANSACTION (0.0ms)[0m  [1m[36mbegin transaction[0m
  ↳ app/controllers/home_controller.rb:35:in 'block in HomeController#generate'
  [1m[36mSquare Create (0.3ms)[0m  [1m[32mINSERT INTO "squares" ("map_id", "position", "square_type", "square_text", "effect", "value", "created_at", "updated_at") VALUES (?, ?, ?, ?, ?, ?, ?, ?) RETURNING "id"[0m  [["map_id", 10], ["position", 17], ["square_type", "event"], ["square_text", "血生臭い祭壇。ここは人ならざるものの領域だ…"], ["effect", "none"], ["value", 0], ["created_at", "2026-06-03 05:38:23.175424"], ["updated_at", "2026-06-03 05:38:23.175424"]]
  ↳ app/controllers/home_controller.rb:35:in 'block in HomeController#generate'
  [1m[36mTRANSACTION (0.1ms)[0m  [1m[36mcommit transaction[0m
  ↳ app/controllers/home_controller.rb:35:in 'block in HomeController#generate'
  [1m[36mTRANSACTION (0.0ms)[0m  [1m[36mbegin transaction[0m
  ↳ app/controllers/home_controller.rb:35:in 'block in HomeController#generate'
  [1m[36mSquare Create (0.3ms)[0m  [1m[32mINSERT INTO "squares" ("map_id", "position", "square_type", "square_text", "effect", "value", "created_at", "updated_at") VALUES (?, ?, ?, ?, ?, ?, ?, ?) RETURNING "id"[0m  [["map_id", 10], ["position", 18], ["square_type", "event"], ["square_text", "微かに光が差す出口が見えた！希望を胸に急ぐ！"], ["effect", "move"], ["value", 2], ["created_at", "2026-06-03 05:38:23.176640"], ["updated_at", "2026-06-03 05:38:23.176640"]]
  ↳ app/controllers/home_controller.rb:35:in 'block in HomeController#generate'
  [1m[36mTRANSACTION (0.0ms)[0m  [1m[36mcommit transaction[0m
  ↳ app/controllers/home_controller.rb:35:in 'block in HomeController#generate'
  [1m[36mTRANSACTION (0.0ms)[0m  [1m[36mbegin transaction[0m
  ↳ app/controllers/home_controller.rb:35:in 'block in HomeController#generate'
  [1m[36mSquare Create (0.3ms)[0m  [1m[32mINSERT INTO "squares" ("map_id", "position", "square_type", "square_text", "effect", "value", "created_at", "updated_at") VALUES (?, ?, ?, ?, ?, ?, ?, ?) RETURNING "id"[0m  [["map_id", 10], ["position", 19], ["square_type", "event"], ["square_text", "最後の試練！出口を塞ぐ、形なき恐怖…"], ["effect", "none"], ["value", 0], ["created_at", "2026-06-03 05:38:23.178106"], ["updated_at", "2026-06-03 05:38:23.178106"]]
  ↳ app/controllers/home_controller.rb:35:in 'block in HomeController#generate'
  [1m[36mTRANSACTION (0.0ms)[0m  [1m[36mcommit transaction[0m
  ↳ app/controllers/home_controller.rb:35:in 'block in HomeController#generate'
  [1m[36mTRANSACTION (0.0ms)[0m  [1m[36mbegin transaction[0m
  ↳ app/controllers/home_controller.rb:35:in 'block in HomeController#generate'
  [1m[36mSquare Create (0.3ms)[0m  [1m[32mINSERT INTO "squares" ("map_id", "position", "square_type", "square_text", "effect", "value", "created_at", "updated_at") VALUES (?, ?, ?, ?, ?, ?, ?, ?) RETURNING "id"[0m  [["map_id", 10], ["position", 20], ["square_type", "goal"], ["square_text", "悪夢からの解放：夜明けの光"], ["effect", "finish"], ["value", 0], ["created_at", "2026-06-03 05:38:23.179145"], ["updated_at", "2026-06-03 05:38:23.179145"]]
  ↳ app/controllers/home_controller.rb:35:in 'block in HomeController#generate'
  [1m[36mTRANSACTION (0.0ms)[0m  [1m[36mcommit transaction[0m
  ↳ app/controllers/home_controller.rb:35:in 'block in HomeController#generate'
AI生成成功
{"title" => "絶叫のスゴロク：呪われた館からの生還", "squares" => [{"type" => "start", "text" => "恐怖への序章：呪われた屋敷の門", "effect" => "none", "value" => 0}, {"type" => "event", "text" => "不気味な物音に誘われ、奥へと引きずり込まれる…", "effect" => "move", "value" => 2}, {"type" => "event", "text" => "朽ちた肖像画の目が追う。背筋が凍りつく…", "effect" => "none", "value" => 0}, {"type" => "event", "text" => "床板が軋む。何かの気配に驚き、思わず後ずさりしてしまう。", "effect" => "move", "value" => -1}, {"type" => "event", "text" => "暗闇に光る瞳！恐怖のあまり、金縛りで動けない。", "effect" => "skip", "value" => 1}, {"type" => "event", "text" => "懐中電灯の光がちらつき、消えかける。探索に手間取る…", "effect" => "none", "value" => 0}, {"type" => "event", "text" => "腐敗臭に吐き気を催し、思わず駆け出す！", "effect" => "move", "value" => 1}, {"type" => "event", "text" => "背後から冷たい吐息。パニックに陥り、意味もなく走り回る！", "effect" => "roll_again", "value" => 0}, {"type" => "event", "text" => "壁の染みが、人の影のように見える。心臓が跳ね上がる。", "effect" => "none", "value" => 0}, {"type" => "event", "text" => "血痕の付いた古い日記を発見。呪いの言葉が刻まれている…", "effect" => "none", "value" => 0}, {"type" => "event", "text" => "突然の停電！完全に視界を奪われ、その場に立ち尽くす。", "effect" => "skip", "value" => 1}, {"type" => "event", "text" => "崩れかけた階段を、恐怖に怯えながらも一気に駆け上がる。", "effect" => "move", "value" => 2}, {"type" => "event", "text" => "隠された地下室の入口を発見！中から何かの呻きが…", "effect" => "move", "value" => 3}, {"type" => "event", "text" => "窓の外に蠢く影。あまりの恐怖に、身動きが取れない。", "effect" => "skip", "value" => 1}, {"type" => "event", "text" => "錆びた拷問器具が並ぶ部屋。精神がすり減る。", "effect" => "none", "value" => 0}, {"type" => "event", "text" => "どこからか助けを呼ぶ声。罠だと気づき、急いで引き返す！", "effect" => "move", "value" => -2}, {"type" => "event", "text" => "血生臭い祭壇。ここは人ならざるものの領域だ…", "effect" => "none", "value" => 0}, {"type" => "event", "text" => "微かに光が差す出口が見えた！希望を胸に急ぐ！", "effect" => "move", "value" => 2}, {"type" => "event", "text" => "最後の試練！出口を塞ぐ、形なき恐怖…", "effect" => "none", "value" => 0}, {"type" => "goal", "text" => "悪夢からの解放：夜明けの光", "effect" => "finish", "value" => 0}]}
  Rendering layout layouts/application.html.erb
  Rendering home/generate.html.erb within layouts/application
  Rendered home/generate.html.erb within layouts/application (Duration: 0.2ms | Allocations: 124)
  Rendered layout layouts/application.html.erb (Duration: 1.0ms | Allocations: 1162)
Completed 200 OK in 15551ms (Views: 1.6ms | ActiveRecord: 12.1ms | Allocations: 69892)


Started GET "/play" for ::1 at 2026-06-03 14:38:32 +0900
Processing by PlayController#top as HTML
  [1m[36mMap Load (0.3ms)[0m  [1m[34mSELECT "maps".* FROM "maps" WHERE "maps"."id" = ? LIMIT ?[0m  [["id", 10], ["LIMIT", 1]]
  ↳ app/controllers/play_controller.rb:4:in 'PlayController#top'
  Rendering layout layouts/application.html.erb
  Rendering play/top.html.erb within layouts/application
  [1m[36mSquare Load (0.5ms)[0m  [1m[34mSELECT "squares".* FROM "squares" WHERE "squares"."map_id" = ? ORDER BY "squares"."position" ASC[0m  [["map_id", 10]]
  ↳ app/views/play/top.html.erb:41:in '_app_views_play_top_html_erb___625173856274441667_9472'
  Rendered play/top.html.erb within layouts/application (Duration: 1.9ms | Allocations: 1315)
  Rendered layout layouts/application.html.erb (Duration: 3.0ms | Allocations: 2365)
Completed 200 OK in 8ms (Views: 3.3ms | ActiveRecord: 0.7ms | Allocations: 5008)


Started POST "/home/generate" for ::1 at 2026-06-03 14:42:01 +0900
Processing by HomeController#generate as HTML
  Parameters: {"authenticity_token" => "[FILTERED]", "prompt" => "ホラー"}
  [1m[36mTRANSACTION (0.2ms)[0m  [1m[36mbegin transaction[0m
  ↳ app/controllers/home_controller.rb:27:in 'HomeController#generate'
  [1m[36mMap Create (1.9ms)[0m  [1m[32mINSERT INTO "maps" ("map_name", "num_of_squares", "created_at", "updated_at") VALUES (?, ?, ?, ?) RETURNING "id"[0m  [["map_name", "深淵の屋敷からの生還"], ["num_of_squares", 14], ["created_at", "2026-06-03 05:42:15.290605"], ["updated_at", "2026-06-03 05:42:15.290605"]]
  ↳ app/controllers/home_controller.rb:27:in 'HomeController#generate'
  [1m[36mTRANSACTION (1.1ms)[0m  [1m[36mcommit transaction[0m
  ↳ app/controllers/home_controller.rb:27:in 'HomeController#generate'
  [1m[36mTRANSACTION (0.0ms)[0m  [1m[36mbegin transaction[0m
  ↳ app/controllers/home_controller.rb:35:in 'block in HomeController#generate'
  [1m[36mSquare Create (0.9ms)[0m  [1m[32mINSERT INTO "squares" ("map_id", "position", "square_type", "square_text", "effect", "value", "created_at", "updated_at") VALUES (?, ?, ?, ?, ?, ?, ?, ?) RETURNING "id"[0m  [["map_id", 11], ["position", 1], ["square_type", "start"], ["square_text", "闇に包まれた屋敷の門を開く… 恐怖の夜が始まる。"], ["effect", "none"], ["value", 0], ["created_at", "2026-06-03 05:42:15.297155"], ["updated_at", "2026-06-03 05:42:15.297155"]]
  ↳ app/controllers/home_controller.rb:35:in 'block in HomeController#generate'
  [1m[36mTRANSACTION (0.0ms)[0m  [1m[36mcommit transaction[0m
  ↳ app/controllers/home_controller.rb:35:in 'block in HomeController#generate'
  [1m[36mTRANSACTION (0.0ms)[0m  [1m[36mbegin transaction[0m
  ↳ app/controllers/home_controller.rb:35:in 'block in HomeController#generate'
  [1m[36mSquare Create (0.6ms)[0m  [1m[32mINSERT INTO "squares" ("map_id", "position", "square_type", "square_text", "effect", "value", "created_at", "updated_at") VALUES (?, ?, ?, ?, ?, ?, ?, ?) RETURNING "id"[0m  [["map_id", 11], ["position", 2], ["square_type", "event"], ["square_text", "足元で何かが蠢く… 驚いて1マス戻る。"], ["effect", "move"], ["value", -1], ["created_at", "2026-06-03 05:42:15.299462"], ["updated_at", "2026-06-03 05:42:15.299462"]]
  ↳ app/controllers/home_controller.rb:35:in 'block in HomeController#generate'
  [1m[36mTRANSACTION (0.2ms)[0m  [1m[36mcommit transaction[0m
  ↳ app/controllers/home_controller.rb:35:in 'block in HomeController#generate'
  [1m[36mTRANSACTION (0.0ms)[0m  [1m[36mbegin transaction[0m
  ↳ app/controllers/home_controller.rb:35:in 'block in HomeController#generate'
  [1m[36mSquare Create (0.8ms)[0m  [1m[32mINSERT INTO "squares" ("map_id", "position", "square_type", "square_text", "effect", "value", "created_at", "updated_at") VALUES (?, ?, ?, ?, ?, ?, ?, ?) RETURNING "id"[0m  [["map_id", 11], ["position", 3], ["square_type", "event"], ["square_text", "誰もいないはずの部屋から、微かな歌声が聞こえる… 声に誘われ1マス進む。"], ["effect", "move"], ["value", 1], ["created_at", "2026-06-03 05:42:15.301886"], ["updated_at", "2026-06-03 05:42:15.301886"]]
  ↳ app/controllers/home_controller.rb:35:in 'block in HomeController#generate'
  [1m[36mTRANSACTION (0.0ms)[0m  [1m[36mcommit transaction[0m
  ↳ app/controllers/home_controller.rb:35:in 'block in HomeController#generate'
  [1m[36mTRANSACTION (0.0ms)[0m  [1m[36mbegin transaction[0m
  ↳ app/controllers/home_controller.rb:35:in 'block in HomeController#generate'
  [1m[36mSquare Create (0.5ms)[0m  [1m[32mINSERT INTO "squares" ("map_id", "position", "square_type", "square_text", "effect", "value", "created_at", "updated_at") VALUES (?, ?, ?, ?, ?, ?, ?, ?) RETURNING "id"[0m  [["map_id", 11], ["position", 4], ["square_type", "event"], ["square_text", "廊下の奥から、冷たい視線を感じる… 恐怖で身動きが取れない、1回休み。"], ["effect", "skip"], ["value", 1], ["created_at", "2026-06-03 05:42:15.303960"], ["updated_at", "2026-06-03 05:42:15.303960"]]
  ↳ app/controllers/home_controller.rb:35:in 'block in HomeController#generate'
  [1m[36mTRANSACTION (0.0ms)[0m  [1m[36mcommit transaction[0m
  ↳ app/controllers/home_controller.rb:35:in 'block in HomeController#generate'
  [1m[36mTRANSACTION (0.0ms)[0m  [1m[36mbegin transaction[0m
  ↳ app/controllers/home_controller.rb:35:in 'block in HomeController#generate'
  [1m[36mSquare Create (0.5ms)[0m  [1m[32mINSERT INTO "squares" ("map_id", "position", "square_type", "square_text", "effect", "value", "created_at", "updated_at") VALUES (?, ?, ?, ?, ?, ?, ?, ?) RETURNING "id"[0m  [["map_id", 11], ["position", 5], ["square_type", "event"], ["square_text", "古びた鏡に、歪んだ自分の顔が映る… 不安に駆られ、もう一度サイコロを振る。"], ["effect", "roll_again"], ["value", 0], ["created_at", "2026-06-03 05:42:15.305500"], ["updated_at", "2026-06-03 05:42:15.305500"]]
  ↳ app/controllers/home_controller.rb:35:in 'block in HomeController#generate'
  [1m[36mTRANSACTION (0.0ms)[0m  [1m[36mcommit transaction[0m
  ↳ app/controllers/home_controller.rb:35:in 'block in HomeController#generate'
  [1m[36mTRANSACTION (0.0ms)[0m  [1m[36mbegin transaction[0m
  ↳ app/controllers/home_controller.rb:35:in 'block in HomeController#generate'
  [1m[36mSquare Create (0.4ms)[0m  [1m[32mINSERT INTO "squares" ("map_id", "position", "square_type", "square_text", "effect", "value", "created_at", "updated_at") VALUES (?, ?, ?, ?, ?, ?, ?, ?) RETURNING "id"[0m  [["map_id", 11], ["position", 6], ["square_type", "event"], ["square_text", "床に血文字で書かれた警告文を発見！「戻レ」2マス戻る。"], ["effect", "move"], ["value", -2], ["created_at", "2026-06-03 05:42:15.307027"], ["updated_at", "2026-06-03 05:42:15.307027"]]
  ↳ app/controllers/home_controller.rb:35:in 'block in HomeController#generate'
  [1m[36mTRANSACTION (0.1ms)[0m  [1m[36mcommit transaction[0m
  ↳ app/controllers/home_controller.rb:35:in 'block in HomeController#generate'
  [1m[36mTRANSACTION (0.0ms)[0m  [1m[36mbegin transaction[0m
  ↳ app/controllers/home_controller.rb:35:in 'block in HomeController#generate'
  [1m[36mSquare Create (0.6ms)[0m  [1m[32mINSERT INTO "squares" ("map_id", "position", "square_type", "square_text", "effect", "value", "created_at", "updated_at") VALUES (?, ?, ?, ?, ?, ?, ?, ?) RETURNING "id"[0m  [["map_id", 11], ["position", 7], ["square_type", "event"], ["square_text", "腐敗した匂いがする… 鼻をつまんでやり過ごし、1マス進む。"], ["effect", "move"], ["value", 1], ["created_at", "2026-06-03 05:42:15.309420"], ["updated_at", "2026-06-03 05:42:15.309420"]]
  ↳ app/controllers/home_controller.rb:35:in 'block in HomeController#generate'
  [1m[36mTRANSACTION (0.0ms)[0m  [1m[36mcommit transaction[0m
  ↳ app/controllers/home_controller.rb:35:in 'block in HomeController#generate'
  [1m[36mTRANSACTION (0.0ms)[0m  [1m[36mbegin transaction[0m
  ↳ app/controllers/home_controller.rb:35:in 'block in HomeController#generate'
  [1m[36mSquare Create (0.5ms)[0m  [1m[32mINSERT INTO "squares" ("map_id", "position", "square_type", "square_text", "effect", "value", "created_at", "updated_at") VALUES (?, ?, ?, ?, ?, ?, ?, ?) RETURNING "id"[0m  [["map_id", 11], ["position", 8], ["square_type", "event"], ["square_text", "突然の停電！真っ暗闇の中、どこからか囁き声が… 目が慣れるまで1回休み。"], ["effect", "skip"], ["value", 1], ["created_at", "2026-06-03 05:42:15.311176"], ["updated_at", "2026-06-03 05:42:15.311176"]]
  ↳ app/controllers/home_controller.rb:35:in 'block in HomeController#generate'
  [1m[36mTRANSACTION (0.0ms)[0m  [1m[36mcommit transaction[0m
  ↳ app/controllers/home_controller.rb:35:in 'block in HomeController#generate'
  [1m[36mTRANSACTION (0.0ms)[0m  [1m[36mbegin transaction[0m
  ↳ app/controllers/home_controller.rb:35:in 'block in HomeController#generate'
  [1m[36mSquare Create (0.5ms)[0m  [1m[32mINSERT INTO "squares" ("map_id", "position", "square_type", "square_text", "effect", "value", "created_at", "updated_at") VALUES (?, ?, ?, ?, ?, ?, ?, ?) RETURNING "id"[0m  [["map_id", 11], ["position", 9], ["square_type", "event"], ["square_text", "古びたオルゴールが鳴り出した。その音色に導かれ、2マス進む。"], ["effect", "move"], ["value", 2], ["created_at", "2026-06-03 05:42:15.312522"], ["updated_at", "2026-06-03 05:42:15.312522"]]
  ↳ app/controllers/home_controller.rb:35:in 'block in HomeController#generate'
  [1m[36mTRANSACTION (0.0ms)[0m  [1m[36mcommit transaction[0m
  ↳ app/controllers/home_controller.rb:35:in 'block in HomeController#generate'
  [1m[36mTRANSACTION (0.0ms)[0m  [1m[36mbegin transaction[0m
  ↳ app/controllers/home_controller.rb:35:in 'block in HomeController#generate'
  [1m[36mSquare Create (1.3ms)[0m  [1m[32mINSERT INTO "squares" ("map_id", "position", "square_type", "square_text", "effect", "value", "created_at", "updated_at") VALUES (?, ?, ?, ?, ?, ?, ?, ?) RETURNING "id"[0m  [["map_id", 11], ["position", 10], ["square_type", "event"], ["square_text", "壁の穴から覗き込む目と目が合った… ゾッとして3マス戻る。"], ["effect", "move"], ["value", -3], ["created_at", "2026-06-03 05:42:15.315036"], ["updated_at", "2026-06-03 05:42:15.315036"]]
  ↳ app/controllers/home_controller.rb:35:in 'block in HomeController#generate'
  [1m[36mTRANSACTION (0.0ms)[0m  [1m[36mcommit transaction[0m
  ↳ app/controllers/home_controller.rb:35:in 'block in HomeController#generate'
  [1m[36mTRANSACTION (0.0ms)[0m  [1m[36mbegin transaction[0m
  ↳ app/controllers/home_controller.rb:35:in 'block in HomeController#generate'
  [1m[36mSquare Create (1.3ms)[0m  [1m[32mINSERT INTO "squares" ("map_id", "position", "square_type", "square_text", "effect", "value", "created_at", "updated_at") VALUES (?, ?, ?, ?, ?, ?, ?, ?) RETURNING "id"[0m  [["map_id", 11], ["position", 11], ["square_type", "event"], ["square_text", "懐中電灯の電池が切れた。暗闇に不安を感じ、もう一度サイコロを振る。"], ["effect", "roll_again"], ["value", 0], ["created_at", "2026-06-03 05:42:15.319908"], ["updated_at", "2026-06-03 05:42:15.319908"]]
  ↳ app/controllers/home_controller.rb:35:in 'block in HomeController#generate'
  [1m[36mTRANSACTION (0.0ms)[0m  [1m[36mcommit transaction[0m
  ↳ app/controllers/home_controller.rb:35:in 'block in HomeController#generate'
  [1m[36mTRANSACTION (0.5ms)[0m  [1m[36mbegin transaction[0m
  ↳ app/controllers/home_controller.rb:35:in 'block in HomeController#generate'
  [1m[36mSquare Create (1.8ms)[0m  [1m[32mINSERT INTO "squares" ("map_id", "position", "square_type", "square_text", "effect", "value", "created_at", "updated_at") VALUES (?, ?, ?, ?, ?, ?, ?, ?) RETURNING "id"[0m  [["map_id", 11], ["position", 12], ["square_type", "event"], ["square_text", "出口らしき扉を見つけた！しかし鍵がかかっている… 時間をロスした、1マス戻る。"], ["effect", "move"], ["value", -1], ["created_at", "2026-06-03 05:42:15.324613"], ["updated_at", "2026-06-03 05:42:15.324613"]]
  ↳ app/controllers/home_controller.rb:35:in 'block in HomeController#generate'
  [1m[36mTRANSACTION (0.1ms)[0m  [1m[36mcommit transaction[0m
  ↳ app/controllers/home_controller.rb:35:in 'block in HomeController#generate'
  [1m[36mTRANSACTION (0.0ms)[0m  [1m[36mbegin transaction[0m
  ↳ app/controllers/home_controller.rb:35:in 'block in HomeController#generate'
  [1m[36mSquare Create (0.5ms)[0m  [1m[32mINSERT INTO "squares" ("map_id", "position", "square_type", "square_text", "effect", "value", "created_at", "updated_at") VALUES (?, ?, ?, ?, ?, ?, ?, ?) RETURNING "id"[0m  [["map_id", 11], ["position", 13], ["square_type", "event"], ["square_text", "かすかな光が見えた！希望を胸に、3マス進む！"], ["effect", "move"], ["value", 3], ["created_at", "2026-06-03 05:42:15.337291"], ["updated_at", "2026-06-03 05:42:15.337291"]]
  ↳ app/controllers/home_controller.rb:35:in 'block in HomeController#generate'
  [1m[36mTRANSACTION (0.0ms)[0m  [1m[36mcommit transaction[0m
  ↳ app/controllers/home_controller.rb:35:in 'block in HomeController#generate'
  [1m[36mTRANSACTION (0.0ms)[0m  [1m[36mbegin transaction[0m
  ↳ app/controllers/home_controller.rb:35:in 'block in HomeController#generate'
  [1m[36mSquare Create (0.3ms)[0m  [1m[32mINSERT INTO "squares" ("map_id", "position", "square_type", "square_text", "effect", "value", "created_at", "updated_at") VALUES (?, ?, ?, ?, ?, ?, ?, ?) RETURNING "id"[0m  [["map_id", 11], ["position", 14], ["square_type", "goal"], ["square_text", "夜が明けた… ようやく屋敷から脱出できた。しかし、本当にこれで終わりなのか…？"], ["effect", "finish"], ["value", 0], ["created_at", "2026-06-03 05:42:15.338720"], ["updated_at", "2026-06-03 05:42:15.338720"]]
  ↳ app/controllers/home_controller.rb:35:in 'block in HomeController#generate'
  [1m[36mTRANSACTION (0.0ms)[0m  [1m[36mcommit transaction[0m
  ↳ app/controllers/home_controller.rb:35:in 'block in HomeController#generate'
AI生成成功
{"title" => "深淵の屋敷からの生還", "squares" => [{"type" => "start", "text" => "闇に包まれた屋敷の門を開く… 恐怖の夜が始まる。", "effect" => "none", "value" => 0}, {"type" => "event", "text" => "足元で何かが蠢く… 驚いて1マス戻る。", "effect" => "move", "value" => -1}, {"type" => "event", "text" => "誰もいないはずの部屋から、微かな歌声が聞こえる… 声に誘われ1マス進む。", "effect" => "move", "value" => 1}, {"type" => "event", "text" => "廊下の奥から、冷たい視線を感じる… 恐怖で身動きが取れない、1回休み。", "effect" => "skip", "value" => 1}, {"type" => "event", "text" => "古びた鏡に、歪んだ自分の顔が映る… 不安に駆られ、もう一度サイコロを振る。", "effect" => "roll_again", "value" => 0}, {"type" => "event", "text" => "床に血文字で書かれた警告文を発見！「戻レ」2マス戻る。", "effect" => "move", "value" => -2}, {"type" => "event", "text" => "腐敗した匂いがする… 鼻をつまんでやり過ごし、1マス進む。", "effect" => "move", "value" => 1}, {"type" => "event", "text" => "突然の停電！真っ暗闇の中、どこからか囁き声が… 目が慣れるまで1回休み。", "effect" => "skip", "value" => 1}, {"type" => "event", "text" => "古びたオルゴールが鳴り出した。その音色に導かれ、2マス進む。", "effect" => "move", "value" => 2}, {"type" => "event", "text" => "壁の穴から覗き込む目と目が合った… ゾッとして3マス戻る。", "effect" => "move", "value" => -3}, {"type" => "event", "text" => "懐中電灯の電池が切れた。暗闇に不安を感じ、もう一度サイコロを振る。", "effect" => "roll_again", "value" => 0}, {"type" => "event", "text" => "出口らしき扉を見つけた！しかし鍵がかかっている… 時間をロスした、1マス戻る。", "effect" => "move", "value" => -1}, {"type" => "event", "text" => "かすかな光が見えた！希望を胸に、3マス進む！", "effect" => "move", "value" => 3}, {"type" => "goal", "text" => "夜が明けた… ようやく屋敷から脱出できた。しかし、本当にこれで終わりなのか…？", "effect" => "finish", "value" => 0}]}
  Rendering layout layouts/application.html.erb
  Rendering home/generate.html.erb within layouts/application
  Rendered home/generate.html.erb within layouts/application (Duration: 0.0ms | Allocations: 9)
  Rendered layout layouts/application.html.erb (Duration: 1.6ms | Allocations: 1056)
Completed 200 OK in 13396ms (Views: 1.8ms | ActiveRecord: 15.2ms | Allocations: 29433)


Started GET "/play" for ::1 at 2026-06-03 14:42:22 +0900
Processing by PlayController#top as HTML
  [1m[36mMap Load (0.2ms)[0m  [1m[34mSELECT "maps".* FROM "maps" WHERE "maps"."id" = ? LIMIT ?[0m  [["id", 11], ["LIMIT", 1]]
  ↳ app/controllers/play_controller.rb:4:in 'PlayController#top'
  Rendering layout layouts/application.html.erb
  Rendering play/top.html.erb within layouts/application
  [1m[36mSquare Load (0.1ms)[0m  [1m[34mSELECT "squares".* FROM "squares" WHERE "squares"."map_id" = ? ORDER BY "squares"."position" ASC[0m  [["map_id", 11]]
  ↳ app/views/play/top.html.erb:41:in '_app_views_play_top_html_erb___625173856274441667_9472'
  Rendered play/top.html.erb within layouts/application (Duration: 1.0ms | Allocations: 786)
  Rendered layout layouts/application.html.erb (Duration: 5.3ms | Allocations: 1823)
Completed 200 OK in 9ms (Views: 5.6ms | ActiveRecord: 0.3ms | Allocations: 2661)


Started GET "/home" for ::1 at 2026-06-03 15:03:25 +0900
  [1m[36mActiveRecord::SchemaMigration Load (0.2ms)[0m  [1m[34mSELECT "schema_migrations"."version" FROM "schema_migrations" ORDER BY "schema_migrations"."version" ASC[0m
Processing by HomeController#top as HTML
  Rendering layout layouts/application.html.erb
  Rendering home/top.html.erb within layouts/application
  Rendered home/top.html.erb within layouts/application (Duration: 3.5ms | Allocations: 1782)
  Rendered layout layouts/application.html.erb (Duration: 21.7ms | Allocations: 32997)
Completed 200 OK in 34ms (Views: 30.8ms | ActiveRecord: 0.0ms | Allocations: 36947)


Started POST "/home/generate" for ::1 at 2026-06-03 15:03:41 +0900
Processing by HomeController#generate as HTML
  Parameters: {"authenticity_token" => "[FILTERED]", "prompt" => "ホラー"}
  [1m[36mTRANSACTION (0.0ms)[0m  [1m[36mbegin transaction[0m
  ↳ app/controllers/home_controller.rb:27:in 'HomeController#generate'
  [1m[36mMap Create (0.7ms)[0m  [1m[32mINSERT INTO "maps" ("map_name", "num_of_squares", "created_at", "updated_at") VALUES (?, ?, ?, ?) RETURNING "id"[0m  [["map_name", "呪われた館からの脱出"], ["num_of_squares", 19], ["created_at", "2026-06-03 06:03:58.128129"], ["updated_at", "2026-06-03 06:03:58.128129"]]
  ↳ app/controllers/home_controller.rb:27:in 'HomeController#generate'
  [1m[36mTRANSACTION (0.2ms)[0m  [1m[36mcommit transaction[0m
  ↳ app/controllers/home_controller.rb:27:in 'HomeController#generate'
  [1m[36mTRANSACTION (0.0ms)[0m  [1m[36mbegin transaction[0m
  ↳ app/controllers/home_controller.rb:35:in 'block in HomeController#generate'
  [1m[36mSquare Create (0.6ms)[0m  [1m[32mINSERT INTO "squares" ("map_id", "position", "square_type", "square_text", "effect", "value", "created_at", "updated_at") VALUES (?, ?, ?, ?, ?, ?, ?, ?) RETURNING "id"[0m  [["map_id", 12], ["position", 1], ["square_type", "start"], ["square_text", "闇が誘う古びた館の門をくぐった…"], ["effect", "none"], ["value", 0], ["created_at", "2026-06-03 06:03:58.141651"], ["updated_at", "2026-06-03 06:03:58.141651"]]
  ↳ app/controllers/home_controller.rb:35:in 'block in HomeController#generate'
  [1m[36mTRANSACTION (0.1ms)[0m  [1m[36mcommit transaction[0m
  ↳ app/controllers/home_controller.rb:35:in 'block in HomeController#generate'
  [1m[36mTRANSACTION (0.0ms)[0m  [1m[36mbegin transaction[0m
  ↳ app/controllers/home_controller.rb:35:in 'block in HomeController#generate'
  [1m[36mSquare Create (0.4ms)[0m  [1m[32mINSERT INTO "squares" ("map_id", "position", "square_type", "square_text", "effect", "value", "created_at", "updated_at") VALUES (?, ?, ?, ?, ?, ?, ?, ?) RETURNING "id"[0m  [["map_id", 12], ["position", 2], ["square_type", "event"], ["square_text", "廊下の奥から「ギィ…」と不気味な物音が。何も見えない…気のせいか？"], ["effect", "none"], ["value", 0], ["created_at", "2026-06-03 06:03:58.143365"], ["updated_at", "2026-06-03 06:03:58.143365"]]
  ↳ app/controllers/home_controller.rb:35:in 'block in HomeController#generate'
  [1m[36mTRANSACTION (0.0ms)[0m  [1m[36mcommit transaction[0m
  ↳ app/controllers/home_controller.rb:35:in 'block in HomeController#generate'
  [1m[36mTRANSACTION (0.0ms)[0m  [1m[36mbegin transaction[0m
  ↳ app/controllers/home_controller.rb:35:in 'block in HomeController#generate'
  [1m[36mSquare Create (0.3ms)[0m  [1m[32mINSERT INTO "squares" ("map_id", "position", "square_type", "square_text", "effect", "value", "created_at", "updated_at") VALUES (?, ?, ?, ?, ?, ?, ?, ?) RETURNING "id"[0m  [["map_id", 12], ["position", 3], ["square_type", "event"], ["square_text", "壁に不鮮明な血の跡を発見。思わず一歩後ずさりしてしまう。"], ["effect", "move"], ["value", -1], ["created_at", "2026-06-03 06:03:58.144477"], ["updated_at", "2026-06-03 06:03:58.144477"]]
  ↳ app/controllers/home_controller.rb:35:in 'block in HomeController#generate'
  [1m[36mTRANSACTION (0.0ms)[0m  [1m[36mcommit transaction[0m
  ↳ app/controllers/home_controller.rb:35:in 'block in HomeController#generate'
  [1m[36mTRANSACTION (0.0ms)[0m  [1m[36mbegin transaction[0m
  ↳ app/controllers/home_controller.rb:35:in 'block in HomeController#generate'
  [1m[36mSquare Create (0.3ms)[0m  [1m[32mINSERT INTO "squares" ("map_id", "position", "square_type", "square_text", "effect", "value", "created_at", "updated_at") VALUES (?, ?, ?, ?, ?, ?, ?, ?) RETURNING "id"[0m  [["map_id", 12], ["position", 4], ["square_type", "event"], ["square_text", "腐敗臭が鼻をつく。吐き気に耐えきれず、その場に立ち尽くす。"], ["effect", "skip"], ["value", 1], ["created_at", "2026-06-03 06:03:58.145476"], ["updated_at", "2026-06-03 06:03:58.145476"]]
  ↳ app/controllers/home_controller.rb:35:in 'block in HomeController#generate'
  [1m[36mTRANSACTION (0.0ms)[0m  [1m[36mcommit transaction[0m
  ↳ app/controllers/home_controller.rb:35:in 'block in HomeController#generate'
  [1m[36mTRANSACTION (0.0ms)[0m  [1m[36mbegin transaction[0m
  ↳ app/controllers/home_controller.rb:35:in 'block in HomeController#generate'
  [1m[36mSquare Create (0.3ms)[0m  [1m[32mINSERT INTO "squares" ("map_id", "position", "square_type", "square_text", "effect", "value", "created_at", "updated_at") VALUES (?, ?, ?, ?, ?, ?, ?, ?) RETURNING "id"[0m  [["map_id", 12], ["position", 5], ["square_type", "event"], ["square_text", "窓の外に人影が！恐怖で体が竦む。もう一度サイコロを振って状況を打開しろ。"], ["effect", "roll_again"], ["value", 1], ["created_at", "2026-06-03 06:03:58.146454"], ["updated_at", "2026-06-03 06:03:58.146454"]]
  ↳ app/controllers/home_controller.rb:35:in 'block in HomeController#generate'
  [1m[36mTRANSACTION (0.1ms)[0m  [1m[36mcommit transaction[0m
  ↳ app/controllers/home_controller.rb:35:in 'block in HomeController#generate'
  [1m[36mTRANSACTION (0.0ms)[0m  [1m[36mbegin transaction[0m
  ↳ app/controllers/home_controller.rb:35:in 'block in HomeController#generate'
  [1m[36mSquare Create (0.4ms)[0m  [1m[32mINSERT INTO "squares" ("map_id", "position", "square_type", "square_text", "effect", "value", "created_at", "updated_at") VALUES (?, ?, ?, ?, ?, ?, ?, ?) RETURNING "id"[0m  [["map_id", 12], ["position", 6], ["square_type", "event"], ["square_text", "首のない人形がこちらを見つめている。ゾッとして3マス進む。"], ["effect", "move"], ["value", 3], ["created_at", "2026-06-03 06:03:58.147726"], ["updated_at", "2026-06-03 06:03:58.147726"]]
  ↳ app/controllers/home_controller.rb:35:in 'block in HomeController#generate'
  [1m[36mTRANSACTION (0.0ms)[0m  [1m[36mcommit transaction[0m
  ↳ app/controllers/home_controller.rb:35:in 'block in HomeController#generate'
  [1m[36mTRANSACTION (0.0ms)[0m  [1m[36mbegin transaction[0m
  ↳ app/controllers/home_controller.rb:35:in 'block in HomeController#generate'
  [1m[36mSquare Create (0.3ms)[0m  [1m[32mINSERT INTO "squares" ("map_id", "position", "square_type", "square_text", "effect", "value", "created_at", "updated_at") VALUES (?, ?, ?, ?, ?, ?, ?, ?) RETURNING "id"[0m  [["map_id", 12], ["position", 7], ["square_type", "event"], ["square_text", "壁に書かれた不気味な文字を読んでしまった。呪いがあなたに取り憑き、2マス戻る。"], ["effect", "move"], ["value", -2], ["created_at", "2026-06-03 06:03:58.148837"], ["updated_at", "2026-06-03 06:03:58.148837"]]
  ↳ app/controllers/home_controller.rb:35:in 'block in HomeController#generate'
  [1m[36mTRANSACTION (0.1ms)[0m  [1m[36mcommit transaction[0m
  ↳ app/controllers/home_controller.rb:35:in 'block in HomeController#generate'
  [1m[36mTRANSACTION (0.0ms)[0m  [1m[36mbegin transaction[0m
  ↳ app/controllers/home_controller.rb:35:in 'block in HomeController#generate'
  [1m[36mSquare Create (0.4ms)[0m  [1m[32mINSERT INTO "squares" ("map_id", "position", "square_type", "square_text", "effect", "value", "created_at", "updated_at") VALUES (?, ?, ?, ?, ?, ?, ?, ?) RETURNING "id"[0m  [["map_id", 12], ["position", 8], ["square_type", "event"], ["square_text", "暗闇の迷路に迷い込んだ。どこへ行けばいいか分からない。1回休み。"], ["effect", "skip"], ["value", 1], ["created_at", "2026-06-03 06:03:58.149934"], ["updated_at", "2026-06-03 06:03:58.149934"]]
  ↳ app/controllers/home_controller.rb:35:in 'block in HomeController#generate'
  [1m[36mTRANSACTION (0.1ms)[0m  [1m[36mcommit transaction[0m
  ↳ app/controllers/home_controller.rb:35:in 'block in HomeController#generate'
  [1m[36mTRANSACTION (0.0ms)[0m  [1m[36mbegin transaction[0m
  ↳ app/controllers/home_controller.rb:35:in 'block in HomeController#generate'
  [1m[36mSquare Create (0.4ms)[0m  [1m[32mINSERT INTO "squares" ("map_id", "position", "square_type", "square_text", "effect", "value", "created_at", "updated_at") VALUES (?, ?, ?, ?, ?, ?, ?, ?) RETURNING "id"[0m  [["map_id", 12], ["position", 9], ["square_type", "event"], ["square_text", "冷たい視線を感じる。誰かに見られている気がするが、誰もいないはずなのに。"], ["effect", "none"], ["value", 0], ["created_at", "2026-06-03 06:03:58.151148"], ["updated_at", "2026-06-03 06:03:58.151148"]]
  ↳ app/controllers/home_controller.rb:35:in 'block in HomeController#generate'
  [1m[36mTRANSACTION (0.1ms)[0m  [1m[36mcommit transaction[0m
  ↳ app/controllers/home_controller.rb:35:in 'block in HomeController#generate'
  [1m[36mTRANSACTION (0.0ms)[0m  [1m[36mbegin transaction[0m
  ↳ app/controllers/home_controller.rb:35:in 'block in HomeController#generate'
  [1m[36mSquare Create (0.3ms)[0m  [1m[32mINSERT INTO "squares" ("map_id", "position", "square_type", "square_text", "effect", "value", "created_at", "updated_at") VALUES (?, ?, ?, ?, ?, ?, ?, ?) RETURNING "id"[0m  [["map_id", 12], ["position", 10], ["square_type", "event"], ["square_text", "隠された地下室を発見。血塗られた祭壇がそこにあった。あまりの恐怖に3マス戻る。"], ["effect", "move"], ["value", -3], ["created_at", "2026-06-03 06:03:58.152411"], ["updated_at", "2026-06-03 06:03:58.152411"]]
  ↳ app/controllers/home_controller.rb:35:in 'block in HomeController#generate'
  [1m[36mTRANSACTION (0.0ms)[0m  [1m[36mcommit transaction[0m
  ↳ app/controllers/home_controller.rb:35:in 'block in HomeController#generate'
  [1m[36mTRANSACTION (0.0ms)[0m  [1m[36mbegin transaction[0m
  ↳ app/controllers/home_controller.rb:35:in 'block in HomeController#generate'
  [1m[36mSquare Create (0.3ms)[0m  [1m[32mINSERT INTO "squares" ("map_id", "position", "square_type", "square_text", "effect", "value", "created_at", "updated_at") VALUES (?, ?, ?, ?, ?, ?, ?, ?) RETURNING "id"[0m  [["map_id", 12], ["position", 11], ["square_type", "event"], ["square_text", "遠くから聞こえる微かな助けを求める声。幻聴か？真相を確かめるため2マス進む。"], ["effect", "move"], ["value", 2], ["created_at", "2026-06-03 06:03:58.153374"], ["updated_at", "2026-06-03 06:03:58.153374"]]
  ↳ app/controllers/home_controller.rb:35:in 'block in HomeController#generate'
  [1m[36mTRANSACTION (0.0ms)[0m  [1m[36mcommit transaction[0m
  ↳ app/controllers/home_controller.rb:35:in 'block in HomeController#generate'
  [1m[36mTRANSACTION (0.0ms)[0m  [1m[36mbegin transaction[0m
  ↳ app/controllers/home_controller.rb:35:in 'block in HomeController#generate'
  [1m[36mSquare Create (0.3ms)[0m  [1m[32mINSERT INTO "squares" ("map_id", "position", "square_type", "square_text", "effect", "value", "created_at", "updated_at") VALUES (?, ?, ?, ?, ?, ?, ?, ?) RETURNING "id"[0m  [["map_id", 12], ["position", 12], ["square_type", "event"], ["square_text", "鏡を覗くと、歪んだ自分の顔が映っていた。恐怖で動けない。1回休み。"], ["effect", "skip"], ["value", 1], ["created_at", "2026-06-03 06:03:58.154335"], ["updated_at", "2026-06-03 06:03:58.154335"]]
  ↳ app/controllers/home_controller.rb:35:in 'block in HomeController#generate'
  [1m[36mTRANSACTION (0.0ms)[0m  [1m[36mcommit transaction[0m
  ↳ app/controllers/home_controller.rb:35:in 'block in HomeController#generate'
  [1m[36mTRANSACTION (0.0ms)[0m  [1m[36mbegin transaction[0m
  ↳ app/controllers/home_controller.rb:35:in 'block in HomeController#generate'
  [1m[36mSquare Create (0.3ms)[0m  [1m[32mINSERT INTO "squares" ("map_id", "position", "square_type", "square_text", "effect", "value", "created_at", "updated_at") VALUES (?, ?, ?, ?, ?, ?, ?, ?) RETURNING "id"[0m  [["map_id", 12], ["position", 13], ["square_type", "event"], ["square_text", "背後から聞こえる子供の不気味な笑い声。振り返っても誰もいない。"], ["effect", "none"], ["value", 0], ["created_at", "2026-06-03 06:03:58.155234"], ["updated_at", "2026-06-03 06:03:58.155234"]]
  ↳ app/controllers/home_controller.rb:35:in 'block in HomeController#generate'
  [1m[36mTRANSACTION (0.0ms)[0m  [1m[36mcommit transaction[0m
  ↳ app/controllers/home_controller.rb:35:in 'block in HomeController#generate'
  [1m[36mTRANSACTION (0.0ms)[0m  [1m[36mbegin transaction[0m
  ↳ app/controllers/home_controller.rb:35:in 'block in HomeController#generate'
  [1m[36mSquare Create (0.3ms)[0m  [1m[32mINSERT INTO "squares" ("map_id", "position", "square_type", "square_text", "effect", "value", "created_at", "updated_at") VALUES (?, ?, ?, ?, ?, ?, ?, ?) RETURNING "id"[0m  [["map_id", 12], ["position", 14], ["square_type", "event"], ["square_text", "床に落ちていた不気味なオルゴールを拾ってしまった。その場でしばらく立ち止まってしまう。"], ["effect", "skip"], ["value", 1], ["created_at", "2026-06-03 06:03:58.156194"], ["updated_at", "2026-06-03 06:03:58.156194"]]
  ↳ app/controllers/home_controller.rb:35:in 'block in HomeController#generate'
  [1m[36mTRANSACTION (0.0ms)[0m  [1m[36mcommit transaction[0m
  ↳ app/controllers/home_controller.rb:35:in 'block in HomeController#generate'
  [1m[36mTRANSACTION (0.0ms)[0m  [1m[36mbegin transaction[0m
  ↳ app/controllers/home_controller.rb:35:in 'block in HomeController#generate'
  [1m[36mSquare Create (0.3ms)[0m  [1m[32mINSERT INTO "squares" ("map_id", "position", "square_type", "square_text", "effect", "value", "created_at", "updated_at") VALUES (?, ?, ?, ?, ?, ?, ?, ?) RETURNING "id"[0m  [["map_id", 12], ["position", 15], ["square_type", "event"], ["square_text", "何かが封じ込められている気配のする部屋。近づくのをやめ、慎重に2マス進む。"], ["effect", "move"], ["value", 2], ["created_at", "2026-06-03 06:03:58.157123"], ["updated_at", "2026-06-03 06:03:58.157123"]]
  ↳ app/controllers/home_controller.rb:35:in 'block in HomeController#generate'
  [1m[36mTRANSACTION (0.0ms)[0m  [1m[36mcommit transaction[0m
  ↳ app/controllers/home_controller.rb:35:in 'block in HomeController#generate'
  [1m[36mTRANSACTION (0.0ms)[0m  [1m[36mbegin transaction[0m
  ↳ app/controllers/home_controller.rb:35:in 'block in HomeController#generate'
  [1m[36mSquare Create (0.3ms)[0m  [1m[32mINSERT INTO "squares" ("map_id", "position", "square_type", "square_text", "effect", "value", "created_at", "updated_at") VALUES (?, ?, ?, ?, ?, ?, ?, ?) RETURNING "id"[0m  [["map_id", 12], ["position", 16], ["square_type", "event"], ["square_text", "突然の停電！周囲が真っ暗に。何かが近くにいる気がして、もう一度サイコロを振る。"], ["effect", "roll_again"], ["value", 1], ["created_at", "2026-06-03 06:03:58.158042"], ["updated_at", "2026-06-03 06:03:58.158042"]]
  ↳ app/controllers/home_controller.rb:35:in 'block in HomeController#generate'
  [1m[36mTRANSACTION (0.0ms)[0m  [1m[36mcommit transaction[0m
  ↳ app/controllers/home_controller.rb:35:in 'block in HomeController#generate'
  [1m[36mTRANSACTION (0.0ms)[0m  [1m[36mbegin transaction[0m
  ↳ app/controllers/home_controller.rb:35:in 'block in HomeController#generate'
  [1m[36mSquare Create (0.3ms)[0m  [1m[32mINSERT INTO "squares" ("map_id", "position", "square_type", "square_text", "effect", "value", "created_at", "updated_at") VALUES (?, ?, ?, ?, ?, ?, ?, ?) RETURNING "id"[0m  [["map_id", 12], ["position", 17], ["square_type", "event"], ["square_text", "白骨化した遺体を発見。あまりの衝撃に足が止まる。"], ["effect", "skip"], ["value", 1], ["created_at", "2026-06-03 06:03:58.158923"], ["updated_at", "2026-06-03 06:03:58.158923"]]
  ↳ app/controllers/home_controller.rb:35:in 'block in HomeController#generate'
  [1m[36mTRANSACTION (0.0ms)[0m  [1m[36mcommit transaction[0m
  ↳ app/controllers/home_controller.rb:35:in 'block in HomeController#generate'
  [1m[36mTRANSACTION (0.0ms)[0m  [1m[36mbegin transaction[0m
  ↳ app/controllers/home_controller.rb:35:in 'block in HomeController#generate'
  [1m[36mSquare Create (0.3ms)[0m  [1m[32mINSERT INTO "squares" ("map_id", "position", "square_type", "square_text", "effect", "value", "created_at", "updated_at") VALUES (?, ?, ?, ?, ?, ?, ?, ?) RETURNING "id"[0m  [["map_id", 12], ["position", 18], ["square_type", "event"], ["square_text", "物が宙に浮き、突然落ちてきた。霊現象に遭遇し、恐怖で1マス戻る。"], ["effect", "move"], ["value", -1], ["created_at", "2026-06-03 06:03:58.159798"], ["updated_at", "2026-06-03 06:03:58.159798"]]
  ↳ app/controllers/home_controller.rb:35:in 'block in HomeController#generate'
  [1m[36mTRANSACTION (0.1ms)[0m  [1m[36mcommit transaction[0m
  ↳ app/controllers/home_controller.rb:35:in 'block in HomeController#generate'
  [1m[36mTRANSACTION (0.0ms)[0m  [1m[36mbegin transaction[0m
  ↳ app/controllers/home_controller.rb:35:in 'block in HomeController#generate'
  [1m[36mSquare Create (0.4ms)[0m  [1m[32mINSERT INTO "squares" ("map_id", "position", "square_type", "square_text", "effect", "value", "created_at", "updated_at") VALUES (?, ?, ?, ?, ?, ?, ?, ?) RETURNING "id"[0m  [["map_id", 12], ["position", 19], ["square_type", "goal"], ["square_text", "夜が明けた…生きて館から脱出できた。かろうじて…。"], ["effect", "finish"], ["value", 0], ["created_at", "2026-06-03 06:03:58.160993"], ["updated_at", "2026-06-03 06:03:58.160993"]]
  ↳ app/controllers/home_controller.rb:35:in 'block in HomeController#generate'
  [1m[36mTRANSACTION (0.0ms)[0m  [1m[36mcommit transaction[0m
  ↳ app/controllers/home_controller.rb:35:in 'block in HomeController#generate'
AI生成成功
{"title" => "呪われた館からの脱出", "squares" => [{"type" => "start", "text" => "闇が誘う古びた館の門をくぐった…", "effect" => "none", "value" => 0}, {"type" => "event", "text" => "廊下の奥から「ギィ…」と不気味な物音が。何も見えない…気のせいか？", "effect" => "none", "value" => 0}, {"type" => "event", "text" => "壁に不鮮明な血の跡を発見。思わず一歩後ずさりしてしまう。", "effect" => "move", "value" => -1}, {"type" => "event", "text" => "腐敗臭が鼻をつく。吐き気に耐えきれず、その場に立ち尽くす。", "effect" => "skip", "value" => 1}, {"type" => "event", "text" => "窓の外に人影が！恐怖で体が竦む。もう一度サイコロを振って状況を打開しろ。", "effect" => "roll_again", "value" => 1}, {"type" => "event", "text" => "首のない人形がこちらを見つめている。ゾッとして3マス進む。", "effect" => "move", "value" => 3}, {"type" => "event", "text" => "壁に書かれた不気味な文字を読んでしまった。呪いがあなたに取り憑き、2マス戻る。", "effect" => "move", "value" => -2}, {"type" => "event", "text" => "暗闇の迷路に迷い込んだ。どこへ行けばいいか分からない。1回休み。", "effect" => "skip", "value" => 1}, {"type" => "event", "text" => "冷たい視線を感じる。誰かに見られている気がするが、誰もいないはずなのに。", "effect" => "none", "value" => 0}, {"type" => "event", "text" => "隠された地下室を発見。血塗られた祭壇がそこにあった。あまりの恐怖に3マス戻る。", "effect" => "move", "value" => -3}, {"type" => "event", "text" => "遠くから聞こえる微かな助けを求める声。幻聴か？真相を確かめるため2マス進む。", "effect" => "move", "value" => 2}, {"type" => "event", "text" => "鏡を覗くと、歪んだ自分の顔が映っていた。恐怖で動けない。1回休み。", "effect" => "skip", "value" => 1}, {"type" => "event", "text" => "背後から聞こえる子供の不気味な笑い声。振り返っても誰もいない。", "effect" => "none", "value" => 0}, {"type" => "event", "text" => "床に落ちていた不気味なオルゴールを拾ってしまった。その場でしばらく立ち止まってしまう。", "effect" => "skip", "value" => 1}, {"type" => "event", "text" => "何かが封じ込められている気配のする部屋。近づくのをやめ、慎重に2マス進む。", "effect" => "move", "value" => 2}, {"type" => "event", "text" => "突然の停電！周囲が真っ暗に。何かが近くにいる気がして、もう一度サイコロを振る。", "effect" => "roll_again", "value" => 1}, {"type" => "event", "text" => "白骨化した遺体を発見。あまりの衝撃に足が止まる。", "effect" => "skip", "value" => 1}, {"type" => "event", "text" => "物が宙に浮き、突然落ちてきた。霊現象に遭遇し、恐怖で1マス戻る。", "effect" => "move", "value" => -1}, {"type" => "goal", "text" => "夜が明けた…生きて館から脱出できた。かろうじて…。", "effect" => "finish", "value" => 0}]}
  Rendering layout layouts/application.html.erb
  Rendering home/generate.html.erb within layouts/application
  Rendered home/generate.html.erb within layouts/application (Duration: 0.2ms | Allocations: 124)
  Rendered layout layouts/application.html.erb (Duration: 1.0ms | Allocations: 1162)
Completed 200 OK in 16360ms (Views: 1.5ms | ActiveRecord: 10.5ms | Allocations: 76847)


Started GET "/play" for ::1 at 2026-06-03 15:04:02 +0900
Processing by PlayController#top as HTML
  [1m[36mMap Load (0.2ms)[0m  [1m[34mSELECT "maps".* FROM "maps" WHERE "maps"."id" = ? LIMIT ?[0m  [["id", 12], ["LIMIT", 1]]
  ↳ app/controllers/play_controller.rb:4:in 'PlayController#top'
  Rendering layout layouts/application.html.erb
  Rendering play/top.html.erb within layouts/application
  [1m[36mSquare Load (0.2ms)[0m  [1m[34mSELECT "squares".* FROM "squares" WHERE "squares"."map_id" = ? ORDER BY "squares"."position" ASC[0m  [["map_id", 12]]
  ↳ app/views/play/top.html.erb:41:in '_app_views_play_top_html_erb___1257700936726462377_9624'
  Rendered play/top.html.erb within layouts/application (Duration: 1.6ms | Allocations: 1284)
  Rendered layout layouts/application.html.erb (Duration: 3.3ms | Allocations: 2334)
Completed 200 OK in 9ms (Views: 4.3ms | ActiveRecord: 0.4ms | Allocations: 5035)


Started GET "/home" for ::1 at 2026-06-03 15:04:13 +0900
Processing by HomeController#top as HTML
  Rendering layout layouts/application.html.erb
  Rendering home/top.html.erb within layouts/application
  Rendered home/top.html.erb within layouts/application (Duration: 0.7ms | Allocations: 243)
  Rendered layout layouts/application.html.erb (Duration: 2.2ms | Allocations: 1278)
Completed 200 OK in 3ms (Views: 2.6ms | ActiveRecord: 0.0ms | Allocations: 1490)


Started GET "/signup" for ::1 at 2026-06-03 15:05:23 +0900
Processing by UsersController#new as HTML
Completed 500 Internal Server Error in 10ms (ActiveRecord: 0.0ms | Allocations: 908)


  
LoadError (cannot load such file -- bcrypt):
  
app/models/user.rb:2:in '<class:User>'
app/models/user.rb:1:in '<main>'
app/controllers/users_controller.rb:3:in 'UsersController#new'
Started GET "/home" for ::1 at 2026-06-03 15:05:34 +0900
Processing by HomeController#top as HTML
  Rendering layout layouts/application.html.erb
  Rendering home/top.html.erb within layouts/application
  Rendered home/top.html.erb within layouts/application (Duration: 1.1ms | Allocations: 243)
  Rendered layout layouts/application.html.erb (Duration: 2.4ms | Allocations: 1295)
Completed 200 OK in 4ms (Views: 2.9ms | ActiveRecord: 0.0ms | Allocations: 1505)


Started GET "/" for ::1 at 2026-06-03 15:05:38 +0900
Processing by Rails::WelcomeController#index as HTML
  Rendering /Users/JCLee/.rbenv/versions/4.0.4/lib/ruby/gems/4.0.0/gems/railties-7.1.6/lib/rails/templates/rails/welcome/index.html.erb
  Rendered /Users/JCLee/.rbenv/versions/4.0.4/lib/ruby/gems/4.0.0/gems/railties-7.1.6/lib/rails/templates/rails/welcome/index.html.erb (Duration: 0.5ms | Allocations: 235)
Completed 200 OK in 2ms (Views: 1.0ms | ActiveRecord: 0.0ms | Allocations: 915)


Started GET "/home" for ::1 at 2026-06-03 15:05:41 +0900
Processing by HomeController#top as HTML
  Rendering layout layouts/application.html.erb
  Rendering home/top.html.erb within layouts/application
  Rendered home/top.html.erb within layouts/application (Duration: 0.8ms | Allocations: 246)
  Rendered layout layouts/application.html.erb (Duration: 2.5ms | Allocations: 1282)
Completed 200 OK in 4ms (Views: 3.3ms | ActiveRecord: 0.0ms | Allocations: 1491)


Started GET "/sessions" for ::1 at 2026-06-03 15:05:49 +0900
  
ActionController::RoutingError (No route matches [GET] "/sessions"):
  
Started GET "/signup" for ::1 at 2026-06-03 15:05:53 +0900
Processing by UsersController#new as HTML
Completed 500 Internal Server Error in 7ms (ActiveRecord: 0.0ms | Allocations: 9561)


  
LoadError (cannot load such file -- bcrypt):
  
app/models/user.rb:2:in '<class:User>'
app/models/user.rb:1:in '<main>'
app/controllers/users_controller.rb:3:in 'UsersController#new'
Started GET "/home" for ::1 at 2026-06-03 15:06:33 +0900
Processing by HomeController#top as HTML
  Rendering layout layouts/application.html.erb
  Rendering home/top.html.erb within layouts/application
  Rendered home/top.html.erb within layouts/application (Duration: 0.6ms | Allocations: 245)
  Rendered layout layouts/application.html.erb (Duration: 1.9ms | Allocations: 1297)
Completed 200 OK in 3ms (Views: 2.3ms | ActiveRecord: 0.0ms | Allocations: 1506)


Started POST "/home/generate" for ::1 at 2026-06-03 15:06:39 +0900
Processing by HomeController#generate as HTML
  Parameters: {"authenticity_token" => "[FILTERED]", "prompt" => ""}
  [1m[36mTRANSACTION (0.2ms)[0m  [1m[36mbegin transaction[0m
  ↳ app/controllers/home_controller.rb:27:in 'HomeController#generate'
  [1m[36mMap Create (1.9ms)[0m  [1m[32mINSERT INTO "maps" ("map_name", "num_of_squares", "created_at", "updated_at") VALUES (?, ?, ?, ?) RETURNING "id"[0m  [["map_name", "伝説の秘宝を探す冒険"], ["num_of_squares", 19], ["created_at", "2026-06-03 06:06:52.594810"], ["updated_at", "2026-06-03 06:06:52.594810"]]
  ↳ app/controllers/home_controller.rb:27:in 'HomeController#generate'
  [1m[36mTRANSACTION (1.4ms)[0m  [1m[36mcommit transaction[0m
  ↳ app/controllers/home_controller.rb:27:in 'HomeController#generate'
  [1m[36mTRANSACTION (0.1ms)[0m  [1m[36mbegin transaction[0m
  ↳ app/controllers/home_controller.rb:35:in 'block in HomeController#generate'
  [1m[36mSquare Create (1.1ms)[0m  [1m[32mINSERT INTO "squares" ("map_id", "position", "square_type", "square_text", "effect", "value", "created_at", "updated_at") VALUES (?, ?, ?, ?, ?, ?, ?, ?) RETURNING "id"[0m  [["map_id", 13], ["position", 1], ["square_type", "start"], ["square_text", "冒険の始まり！いざ出発！"], ["effect", "none"], ["value", 0], ["created_at", "2026-06-03 06:06:52.602127"], ["updated_at", "2026-06-03 06:06:52.602127"]]
  ↳ app/controllers/home_controller.rb:35:in 'block in HomeController#generate'
  [1m[36mTRANSACTION (0.1ms)[0m  [1m[36mcommit transaction[0m
  ↳ app/controllers/home_controller.rb:35:in 'block in HomeController#generate'
  [1m[36mTRANSACTION (0.0ms)[0m  [1m[36mbegin transaction[0m
  ↳ app/controllers/home_controller.rb:35:in 'block in HomeController#generate'
  [1m[36mSquare Create (0.8ms)[0m  [1m[32mINSERT INTO "squares" ("map_id", "position", "square_type", "square_text", "effect", "value", "created_at", "updated_at") VALUES (?, ?, ?, ?, ?, ?, ?, ?) RETURNING "id"[0m  [["map_id", 13], ["position", 2], ["square_type", "event"], ["square_text", "最初の町に到着。情報収集だ。"], ["effect", "none"], ["value", 0], ["created_at", "2026-06-03 06:06:52.605367"], ["updated_at", "2026-06-03 06:06:52.605367"]]
  ↳ app/controllers/home_controller.rb:35:in 'block in HomeController#generate'
  [1m[36mTRANSACTION (0.1ms)[0m  [1m[36mcommit transaction[0m
  ↳ app/controllers/home_controller.rb:35:in 'block in HomeController#generate'
  [1m[36mTRANSACTION (0.0ms)[0m  [1m[36mbegin transaction[0m
  ↳ app/controllers/home_controller.rb:35:in 'block in HomeController#generate'
  [1m[36mSquare Create (0.6ms)[0m  [1m[32mINSERT INTO "squares" ("map_id", "position", "square_type", "square_text", "effect", "value", "created_at", "updated_at") VALUES (?, ?, ?, ?, ?, ?, ?, ?) RETURNING "id"[0m  [["map_id", 13], ["position", 3], ["square_type", "event"], ["square_text", "迷いの森で道に迷う。1マス戻る。"], ["effect", "move"], ["value", -1], ["created_at", "2026-06-03 06:06:52.607849"], ["updated_at", "2026-06-03 06:06:52.607849"]]
  ↳ app/controllers/home_controller.rb:35:in 'block in HomeController#generate'
  [1m[36mTRANSACTION (0.1ms)[0m  [1m[36mcommit transaction[0m
  ↳ app/controllers/home_controller.rb:35:in 'block in HomeController#generate'
  [1m[36mTRANSACTION (0.0ms)[0m  [1m[36mbegin transaction[0m
  ↳ app/controllers/home_controller.rb:35:in 'block in HomeController#generate'
  [1m[36mSquare Create (0.6ms)[0m  [1m[32mINSERT INTO "squares" ("map_id", "position", "square_type", "square_text", "effect", "value", "created_at", "updated_at") VALUES (?, ?, ?, ?, ?, ?, ?, ?) RETURNING "id"[0m  [["map_id", 13], ["position", 4], ["square_type", "event"], ["square_text", "怪しい商人と出会う。良い品を手に入れた。"], ["effect", "none"], ["value", 0], ["created_at", "2026-06-03 06:06:52.609727"], ["updated_at", "2026-06-03 06:06:52.609727"]]
  ↳ app/controllers/home_controller.rb:35:in 'block in HomeController#generate'
  [1m[36mTRANSACTION (0.1ms)[0m  [1m[36mcommit transaction[0m
  ↳ app/controllers/home_controller.rb:35:in 'block in HomeController#generate'
  [1m[36mTRANSACTION (0.0ms)[0m  [1m[36mbegin transaction[0m
  ↳ app/controllers/home_controller.rb:35:in 'block in HomeController#generate'
  [1m[36mSquare Create (0.7ms)[0m  [1m[32mINSERT INTO "squares" ("map_id", "position", "square_type", "square_text", "effect", "value", "created_at", "updated_at") VALUES (?, ?, ?, ?, ?, ?, ?, ?) RETURNING "id"[0m  [["map_id", 13], ["position", 5], ["square_type", "event"], ["square_text", "洞窟を発見！勇気を出して進む。"], ["effect", "none"], ["value", 0], ["created_at", "2026-06-03 06:06:52.611658"], ["updated_at", "2026-06-03 06:06:52.611658"]]
  ↳ app/controllers/home_controller.rb:35:in 'block in HomeController#generate'
  [1m[36mTRANSACTION (0.1ms)[0m  [1m[36mcommit transaction[0m
  ↳ app/controllers/home_controller.rb:35:in 'block in HomeController#generate'
  [1m[36mTRANSACTION (0.0ms)[0m  [1m[36mbegin transaction[0m
  ↳ app/controllers/home_controller.rb:35:in 'block in HomeController#generate'
  [1m[36mSquare Create (0.5ms)[0m  [1m[32mINSERT INTO "squares" ("map_id", "position", "square_type", "square_text", "effect", "value", "created_at", "updated_at") VALUES (?, ?, ?, ?, ?, ?, ?, ?) RETURNING "id"[0m  [["map_id", 13], ["position", 6], ["square_type", "event"], ["square_text", "ゴブリンの群れに遭遇！もう一度サイコロを振って戦え！"], ["effect", "roll_again"], ["value", 0], ["created_at", "2026-06-03 06:06:52.613458"], ["updated_at", "2026-06-03 06:06:52.613458"]]
  ↳ app/controllers/home_controller.rb:35:in 'block in HomeController#generate'
  [1m[36mTRANSACTION (0.0ms)[0m  [1m[36mcommit transaction[0m
  ↳ app/controllers/home_controller.rb:35:in 'block in HomeController#generate'
  [1m[36mTRANSACTION (0.0ms)[0m  [1m[36mbegin transaction[0m
  ↳ app/controllers/home_controller.rb:35:in 'block in HomeController#generate'
  [1m[36mSquare Create (0.4ms)[0m  [1m[32mINSERT INTO "squares" ("map_id", "position", "square_type", "square_text", "effect", "value", "created_at", "updated_at") VALUES (?, ?, ?, ?, ?, ?, ?, ?) RETURNING "id"[0m  [["map_id", 13], ["position", 7], ["square_type", "event"], ["square_text", "清らかな泉で休憩。体力が回復した。"], ["effect", "none"], ["value", 0], ["created_at", "2026-06-03 06:06:52.614930"], ["updated_at", "2026-06-03 06:06:52.614930"]]
  ↳ app/controllers/home_controller.rb:35:in 'block in HomeController#generate'
  [1m[36mTRANSACTION (0.0ms)[0m  [1m[36mcommit transaction[0m
  ↳ app/controllers/home_controller.rb:35:in 'block in HomeController#generate'
  [1m[36mTRANSACTION (0.0ms)[0m  [1m[36mbegin transaction[0m
  ↳ app/controllers/home_controller.rb:35:in 'block in HomeController#generate'
  [1m[36mSquare Create (0.4ms)[0m  [1m[32mINSERT INTO "squares" ("map_id", "position", "square_type", "square_text", "effect", "value", "created_at", "updated_at") VALUES (?, ?, ?, ?, ?, ?, ?, ?) RETURNING "id"[0m  [["map_id", 13], ["position", 8], ["square_type", "event"], ["square_text", "橋が崩落している！迂回のため1回休み。"], ["effect", "skip"], ["value", 1], ["created_at", "2026-06-03 06:06:52.616293"], ["updated_at", "2026-06-03 06:06:52.616293"]]
  ↳ app/controllers/home_controller.rb:35:in 'block in HomeController#generate'
  [1m[36mTRANSACTION (0.0ms)[0m  [1m[36mcommit transaction[0m
  ↳ app/controllers/home_controller.rb:35:in 'block in HomeController#generate'
  [1m[36mTRANSACTION (0.0ms)[0m  [1m[36mbegin transaction[0m
  ↳ app/controllers/home_controller.rb:35:in 'block in HomeController#generate'
  [1m[36mSquare Create (0.4ms)[0m  [1m[32mINSERT INTO "squares" ("map_id", "position", "square_type", "square_text", "effect", "value", "created_at", "updated_at") VALUES (?, ?, ?, ?, ?, ?, ?, ?) RETURNING "id"[0m  [["map_id", 13], ["position", 9], ["square_type", "event"], ["square_text", "謎の賢者と出会う。助言をもらい2マス進む。"], ["effect", "move"], ["value", 2], ["created_at", "2026-06-03 06:06:52.617508"], ["updated_at", "2026-06-03 06:06:52.617508"]]
  ↳ app/controllers/home_controller.rb:35:in 'block in HomeController#generate'
  [1m[36mTRANSACTION (0.0ms)[0m  [1m[36mcommit transaction[0m
  ↳ app/controllers/home_controller.rb:35:in 'block in HomeController#generate'
  [1m[36mTRANSACTION (0.0ms)[0m  [1m[36mbegin transaction[0m
  ↳ app/controllers/home_controller.rb:35:in 'block in HomeController#generate'
  [1m[36mSquare Create (0.4ms)[0m  [1m[32mINSERT INTO "squares" ("map_id", "position", "square_type", "square_text", "effect", "value", "created_at", "updated_at") VALUES (?, ?, ?, ?, ?, ?, ?, ?) RETURNING "id"[0m  [["map_id", 13], ["position", 10], ["square_type", "event"], ["square_text", "落とし穴に落ちてしまった！3マス戻る。"], ["effect", "move"], ["value", -3], ["created_at", "2026-06-03 06:06:52.618696"], ["updated_at", "2026-06-03 06:06:52.618696"]]
  ↳ app/controllers/home_controller.rb:35:in 'block in HomeController#generate'
  [1m[36mTRANSACTION (0.0ms)[0m  [1m[36mcommit transaction[0m
  ↳ app/controllers/home_controller.rb:35:in 'block in HomeController#generate'
  [1m[36mTRANSACTION (0.0ms)[0m  [1m[36mbegin transaction[0m
  ↳ app/controllers/home_controller.rb:35:in 'block in HomeController#generate'
  [1m[36mSquare Create (0.4ms)[0m  [1m[32mINSERT INTO "squares" ("map_id", "position", "square_type", "square_text", "effect", "value", "created_at", "updated_at") VALUES (?, ?, ?, ?, ?, ?, ?, ?) RETURNING "id"[0m  [["map_id", 13], ["position", 11], ["square_type", "event"], ["square_text", "宝箱を発見！中には金貨が！"], ["effect", "none"], ["value", 0], ["created_at", "2026-06-03 06:06:52.619878"], ["updated_at", "2026-06-03 06:06:52.619878"]]
  ↳ app/controllers/home_controller.rb:35:in 'block in HomeController#generate'
  [1m[36mTRANSACTION (0.0ms)[0m  [1m[36mcommit transaction[0m
  ↳ app/controllers/home_controller.rb:35:in 'block in HomeController#generate'
  [1m[36mTRANSACTION (0.0ms)[0m  [1m[36mbegin transaction[0m
  ↳ app/controllers/home_controller.rb:35:in 'block in HomeController#generate'
  [1m[36mSquare Create (0.6ms)[0m  [1m[32mINSERT INTO "squares" ("map_id", "position", "square_type", "square_text", "effect", "value", "created_at", "updated_at") VALUES (?, ?, ?, ?, ?, ?, ?, ?) RETURNING "id"[0m  [["map_id", 13], ["position", 12], ["square_type", "event"], ["square_text", "山賊に襲われる！サイコロをもう一度振って逃げろ！"], ["effect", "roll_again"], ["value", 0], ["created_at", "2026-06-03 06:06:52.621336"], ["updated_at", "2026-06-03 06:06:52.621336"]]
  ↳ app/controllers/home_controller.rb:35:in 'block in HomeController#generate'
  [1m[36mTRANSACTION (0.0ms)[0m  [1m[36mcommit transaction[0m
  ↳ app/controllers/home_controller.rb:35:in 'block in HomeController#generate'
  [1m[36mTRANSACTION (0.0ms)[0m  [1m[36mbegin transaction[0m
  ↳ app/controllers/home_controller.rb:35:in 'block in HomeController#generate'
  [1m[36mSquare Create (0.4ms)[0m  [1m[32mINSERT INTO "squares" ("map_id", "position", "square_type", "square_text", "effect", "value", "created_at", "updated_at") VALUES (?, ?, ?, ?, ?, ?, ?, ?) RETURNING "id"[0m  [["map_id", 13], ["position", 13], ["square_type", "event"], ["square_text", "隠された抜け道を発見！一気に4マス進む。"], ["effect", "move"], ["value", 4], ["created_at", "2026-06-03 06:06:52.622984"], ["updated_at", "2026-06-03 06:06:52.622984"]]
  ↳ app/controllers/home_controller.rb:35:in 'block in HomeController#generate'
  [1m[36mTRANSACTION (0.0ms)[0m  [1m[36mcommit transaction[0m
  ↳ app/controllers/home_controller.rb:35:in 'block in HomeController#generate'
  [1m[36mTRANSACTION (0.0ms)[0m  [1m[36mbegin transaction[0m
  ↳ app/controllers/home_controller.rb:35:in 'block in HomeController#generate'
  [1m[36mSquare Create (0.4ms)[0m  [1m[32mINSERT INTO "squares" ("map_id", "position", "square_type", "square_text", "effect", "value", "created_at", "updated_at") VALUES (?, ?, ?, ?, ?, ?, ?, ?) RETURNING "id"[0m  [["map_id", 13], ["position", 14], ["square_type", "event"], ["square_text", "呪いの罠にかかり、1回休み。"], ["effect", "skip"], ["value", 1], ["created_at", "2026-06-03 06:06:52.625339"], ["updated_at", "2026-06-03 06:06:52.625339"]]
  ↳ app/controllers/home_controller.rb:35:in 'block in HomeController#generate'
  [1m[36mTRANSACTION (0.0ms)[0m  [1m[36mcommit transaction[0m
  ↳ app/controllers/home_controller.rb:35:in 'block in HomeController#generate'
  [1m[36mTRANSACTION (0.0ms)[0m  [1m[36mbegin transaction[0m
  ↳ app/controllers/home_controller.rb:35:in 'block in HomeController#generate'
  [1m[36mSquare Create (0.4ms)[0m  [1m[32mINSERT INTO "squares" ("map_id", "position", "square_type", "square_text", "effect", "value", "created_at", "updated_at") VALUES (?, ?, ?, ?, ?, ?, ?, ?) RETURNING "id"[0m  [["map_id", 13], ["position", 15], ["square_type", "event"], ["square_text", "順風満帆！船で海を渡り、2マス進む。"], ["effect", "move"], ["value", 2], ["created_at", "2026-06-03 06:06:52.626440"], ["updated_at", "2026-06-03 06:06:52.626440"]]
  ↳ app/controllers/home_controller.rb:35:in 'block in HomeController#generate'
  [1m[36mTRANSACTION (0.0ms)[0m  [1m[36mcommit transaction[0m
  ↳ app/controllers/home_controller.rb:35:in 'block in HomeController#generate'
  [1m[36mTRANSACTION (0.0ms)[0m  [1m[36mbegin transaction[0m
  ↳ app/controllers/home_controller.rb:35:in 'block in HomeController#generate'
  [1m[36mSquare Create (0.4ms)[0m  [1m[32mINSERT INTO "squares" ("map_id", "position", "square_type", "square_text", "effect", "value", "created_at", "updated_at") VALUES (?, ?, ?, ?, ?, ?, ?, ?) RETURNING "id"[0m  [["map_id", 13], ["position", 16], ["square_type", "event"], ["square_text", "巨大な魔物が出現！もう一度サイコロを振って勝負！"], ["effect", "roll_again"], ["value", 0], ["created_at", "2026-06-03 06:06:52.627537"], ["updated_at", "2026-06-03 06:06:52.627537"]]
  ↳ app/controllers/home_controller.rb:35:in 'block in HomeController#generate'
  [1m[36mTRANSACTION (0.0ms)[0m  [1m[36mcommit transaction[0m
  ↳ app/controllers/home_controller.rb:35:in 'block in HomeController#generate'
  [1m[36mTRANSACTION (0.0ms)[0m  [1m[36mbegin transaction[0m
  ↳ app/controllers/home_controller.rb:35:in 'block in HomeController#generate'
  [1m[36mSquare Create (0.7ms)[0m  [1m[32mINSERT INTO "squares" ("map_id", "position", "square_type", "square_text", "effect", "value", "created_at", "updated_at") VALUES (?, ?, ?, ?, ?, ?, ?, ?) RETURNING "id"[0m  [["map_id", 13], ["position", 17], ["square_type", "event"], ["square_text", "絶体絶命のピンチ！だが奇跡的に回避した。"], ["effect", "none"], ["value", 0], ["created_at", "2026-06-03 06:06:52.628648"], ["updated_at", "2026-06-03 06:06:52.628648"]]
  ↳ app/controllers/home_controller.rb:35:in 'block in HomeController#generate'
  [1m[36mTRANSACTION (0.0ms)[0m  [1m[36mcommit transaction[0m
  ↳ app/controllers/home_controller.rb:35:in 'block in HomeController#generate'
  [1m[36mTRANSACTION (0.0ms)[0m  [1m[36mbegin transaction[0m
  ↳ app/controllers/home_controller.rb:35:in 'block in HomeController#generate'
  [1m[36mSquare Create (0.3ms)[0m  [1m[32mINSERT INTO "squares" ("map_id", "position", "square_type", "square_text", "effect", "value", "created_at", "updated_at") VALUES (?, ?, ?, ?, ?, ?, ?, ?) RETURNING "id"[0m  [["map_id", 13], ["position", 18], ["square_type", "event"], ["square_text", "ついに目的の秘宝の洞窟が見えてきた！"], ["effect", "none"], ["value", 0], ["created_at", "2026-06-03 06:06:52.630104"], ["updated_at", "2026-06-03 06:06:52.630104"]]
  ↳ app/controllers/home_controller.rb:35:in 'block in HomeController#generate'
  [1m[36mTRANSACTION (0.0ms)[0m  [1m[36mcommit transaction[0m
  ↳ app/controllers/home_controller.rb:35:in 'block in HomeController#generate'
  [1m[36mTRANSACTION (0.0ms)[0m  [1m[36mbegin transaction[0m
  ↳ app/controllers/home_controller.rb:35:in 'block in HomeController#generate'
  [1m[36mSquare Create (0.5ms)[0m  [1m[32mINSERT INTO "squares" ("map_id", "position", "square_type", "square_text", "effect", "value", "created_at", "updated_at") VALUES (?, ?, ?, ?, ?, ?, ?, ?) RETURNING "id"[0m  [["map_id", 13], ["position", 19], ["square_type", "goal"], ["square_text", "伝説の秘宝を手に入れた！冒険は成功だ！"], ["effect", "finish"], ["value", 0], ["created_at", "2026-06-03 06:06:52.631422"], ["updated_at", "2026-06-03 06:06:52.631422"]]
  ↳ app/controllers/home_controller.rb:35:in 'block in HomeController#generate'
  [1m[36mTRANSACTION (0.1ms)[0m  [1m[36mcommit transaction[0m
  ↳ app/controllers/home_controller.rb:35:in 'block in HomeController#generate'
AI生成成功
{"title" => "伝説の秘宝を探す冒険", "squares" => [{"type" => "start", "text" => "冒険の始まり！いざ出発！", "effect" => "none", "value" => 0}, {"type" => "event", "text" => "最初の町に到着。情報収集だ。", "effect" => "none", "value" => 0}, {"type" => "event", "text" => "迷いの森で道に迷う。1マス戻る。", "effect" => "move", "value" => -1}, {"type" => "event", "text" => "怪しい商人と出会う。良い品を手に入れた。", "effect" => "none", "value" => 0}, {"type" => "event", "text" => "洞窟を発見！勇気を出して進む。", "effect" => "none", "value" => 0}, {"type" => "event", "text" => "ゴブリンの群れに遭遇！もう一度サイコロを振って戦え！", "effect" => "roll_again", "value" => 0}, {"type" => "event", "text" => "清らかな泉で休憩。体力が回復した。", "effect" => "none", "value" => 0}, {"type" => "event", "text" => "橋が崩落している！迂回のため1回休み。", "effect" => "skip", "value" => 1}, {"type" => "event", "text" => "謎の賢者と出会う。助言をもらい2マス進む。", "effect" => "move", "value" => 2}, {"type" => "event", "text" => "落とし穴に落ちてしまった！3マス戻る。", "effect" => "move", "value" => -3}, {"type" => "event", "text" => "宝箱を発見！中には金貨が！", "effect" => "none", "value" => 0}, {"type" => "event", "text" => "山賊に襲われる！サイコロをもう一度振って逃げろ！", "effect" => "roll_again", "value" => 0}, {"type" => "event", "text" => "隠された抜け道を発見！一気に4マス進む。", "effect" => "move", "value" => 4}, {"type" => "event", "text" => "呪いの罠にかかり、1回休み。", "effect" => "skip", "value" => 1}, {"type" => "event", "text" => "順風満帆！船で海を渡り、2マス進む。", "effect" => "move", "value" => 2}, {"type" => "event", "text" => "巨大な魔物が出現！もう一度サイコロを振って勝負！", "effect" => "roll_again", "value" => 0}, {"type" => "event", "text" => "絶体絶命のピンチ！だが奇跡的に回避した。", "effect" => "none", "value" => 0}, {"type" => "event", "text" => "ついに目的の秘宝の洞窟が見えてきた！", "effect" => "none", "value" => 0}, {"type" => "goal", "text" => "伝説の秘宝を手に入れた！冒険は成功だ！", "effect" => "finish", "value" => 0}]}
  Rendering layout layouts/application.html.erb
  Rendering home/generate.html.erb within layouts/application
  Rendered home/generate.html.erb within layouts/application (Duration: 0.0ms | Allocations: 9)
  Rendered layout layouts/application.html.erb (Duration: 1.3ms | Allocations: 1056)
Completed 200 OK in 13107ms (Views: 1.5ms | ActiveRecord: 14.3ms | Allocations: 38556)


Started GET "/home" for ::1 at 2026-06-03 15:07:07 +0900
Processing by HomeController#top as HTML
  Rendering layout layouts/application.html.erb
  Rendering home/top.html.erb within layouts/application
  Rendered home/top.html.erb within layouts/application (Duration: 1.2ms | Allocations: 238)
  Rendered layout layouts/application.html.erb (Duration: 3.0ms | Allocations: 1273)
Completed 200 OK in 4ms (Views: 3.6ms | ActiveRecord: 0.0ms | Allocations: 1481)


Started GET "/home" for ::1 at 2026-06-03 15:09:23 +0900
  [1m[36mActiveRecord::SchemaMigration Load (0.1ms)[0m  [1m[34mSELECT "schema_migrations"."version" FROM "schema_migrations" ORDER BY "schema_migrations"."version" ASC[0m
Processing by HomeController#top as HTML
  Rendering layout layouts/application.html.erb
  Rendering home/top.html.erb within layouts/application
  Rendered home/top.html.erb within layouts/application (Duration: 3.1ms | Allocations: 1778)
  Rendered layout layouts/application.html.erb (Duration: 22.6ms | Allocations: 32996)
Completed 200 OK in 35ms (Views: 24.6ms | ActiveRecord: 0.0ms | Allocations: 36947)


Started GET "/signup" for ::1 at 2026-06-03 15:09:28 +0900
Processing by UsersController#new as HTML
Completed 500 Internal Server Error in 5ms (ActiveRecord: 0.0ms | Allocations: 4982)


  
LoadError (cannot load such file -- bcrypt):
  
app/models/user.rb:2:in '<class:User>'
app/models/user.rb:1:in '<main>'
app/controllers/users_controller.rb:3:in 'UsersController#new'
Started GET "/home" for ::1 at 2026-06-03 15:11:02 +0900
  [1m[36mActiveRecord::SchemaMigration Load (0.1ms)[0m  [1m[34mSELECT "schema_migrations"."version" FROM "schema_migrations" ORDER BY "schema_migrations"."version" ASC[0m
Processing by HomeController#top as HTML
  Rendering layout layouts/application.html.erb
  Rendering home/top.html.erb within layouts/application
  Rendered home/top.html.erb within layouts/application (Duration: 3.0ms | Allocations: 1780)
  Rendered layout layouts/application.html.erb (Duration: 20.3ms | Allocations: 33001)
Completed 200 OK in 25ms (Views: 22.2ms | ActiveRecord: 0.0ms | Allocations: 36951)


Started GET "/signup" for ::1 at 2026-06-03 15:11:06 +0900
Processing by UsersController#new as HTML
  Rendering layout layouts/application.html.erb
  Rendering users/new.html.erb within layouts/application
  Rendered users/new.html.erb within layouts/application (Duration: 2.7ms | Allocations: 935)
  Rendered layout layouts/application.html.erb (Duration: 3.6ms | Allocations: 1977)
Completed 200 OK in 17ms (Views: 4.1ms | ActiveRecord: 1.5ms | Allocations: 12310)


Started POST "/signup" for ::1 at 2026-06-03 15:11:59 +0900
Processing by UsersController#create as HTML
  Parameters: {"authenticity_token" => "[FILTERED]", "user" => {"uname" => "test1", "password" => "[FILTERED]", "password_confirmation" => "[FILTERED]"}, "commit" => "登録"}
  [1m[36mTRANSACTION (0.0ms)[0m  [1m[36mbegin transaction[0m
  ↳ app/controllers/users_controller.rb:9:in 'UsersController#create'
  [1m[36mUser Exists? (0.4ms)[0m  [1m[34mSELECT 1 AS one FROM "users" WHERE "users"."uname" = ? LIMIT ?[0m  [["uname", "test1"], ["LIMIT", 1]]
  ↳ app/controllers/users_controller.rb:9:in 'UsersController#create'
  [1m[36mUser Create (0.1ms)[0m  [1m[32mINSERT INTO "users" ("uname", "password_digest", "created_at", "updated_at") VALUES (?, ?, ?, ?) RETURNING "id"[0m  [["uname", "test1"], ["password_digest", "[FILTERED]"], ["created_at", "2026-06-03 06:12:00.135562"], ["updated_at", "2026-06-03 06:12:00.135562"]]
  ↳ app/controllers/users_controller.rb:9:in 'UsersController#create'
  [1m[36mTRANSACTION (0.1ms)[0m  [1m[36mcommit transaction[0m
  ↳ app/controllers/users_controller.rb:9:in 'UsersController#create'
Redirected to http://localhost:3000/home
Completed 302 Found in 198ms (ActiveRecord: 0.7ms | Allocations: 6615)


Started GET "/home" for ::1 at 2026-06-03 15:12:00 +0900
Processing by HomeController#top as HTML
  Rendering layout layouts/application.html.erb
  Rendering home/top.html.erb within layouts/application
  Rendered home/top.html.erb within layouts/application (Duration: 0.3ms | Allocations: 253)
  Rendered layout layouts/application.html.erb (Duration: 0.8ms | Allocations: 1288)
Completed 200 OK in 1ms (Views: 1.0ms | ActiveRecord: 0.0ms | Allocations: 1500)


Started GET "/login" for ::1 at 2026-06-03 15:12:49 +0900
Processing by SessionsController#new as HTML
  Rendering layout layouts/application.html.erb
  Rendering sessions/new.html.erb within layouts/application
  Rendered sessions/new.html.erb within layouts/application (Duration: 1.2ms | Allocations: 422)
  Rendered layout layouts/application.html.erb (Duration: 2.4ms | Allocations: 1460)
Completed 200 OK in 5ms (Views: 3.6ms | ActiveRecord: 0.0ms | Allocations: 1872)


Started POST "/login" for ::1 at 2026-06-03 15:12:55 +0900
Processing by SessionsController#create as HTML
  Parameters: {"authenticity_token" => "[FILTERED]", "uname" => "test1", "password" => "[FILTERED]"}
  [1m[36mUser Load (0.1ms)[0m  [1m[34mSELECT "users".* FROM "users" WHERE "users"."uname" = ? LIMIT ?[0m  [["uname", "test1"], ["LIMIT", 1]]
  ↳ app/controllers/sessions_controller.rb:6:in 'SessionsController#create'
Redirected to http://localhost:3000/home
Completed 302 Found in 181ms (ActiveRecord: 0.1ms | Allocations: 998)


Started GET "/home" for ::1 at 2026-06-03 15:12:55 +0900
Processing by HomeController#top as HTML
  Rendering layout layouts/application.html.erb
  Rendering home/top.html.erb within layouts/application
  Rendered home/top.html.erb within layouts/application (Duration: 0.2ms | Allocations: 248)
  Rendered layout layouts/application.html.erb (Duration: 0.8ms | Allocations: 1283)
Completed 200 OK in 1ms (Views: 1.0ms | ActiveRecord: 0.0ms | Allocations: 1492)


Started GET "/login" for ::1 at 2026-06-03 15:13:02 +0900
Processing by SessionsController#new as HTML
  Rendering layout layouts/application.html.erb
  Rendering sessions/new.html.erb within layouts/application
  Rendered sessions/new.html.erb within layouts/application (Duration: 0.7ms | Allocations: 248)
  Rendered layout layouts/application.html.erb (Duration: 2.1ms | Allocations: 1283)
Completed 200 OK in 3ms (Views: 2.5ms | ActiveRecord: 0.0ms | Allocations: 1491)


Started POST "/login" for ::1 at 2026-06-03 15:13:07 +0900
Processing by SessionsController#create as HTML
  Parameters: {"authenticity_token" => "[FILTERED]", "uname" => "test1", "password" => "[FILTERED]"}
  [1m[36mUser Load (0.2ms)[0m  [1m[34mSELECT "users".* FROM "users" WHERE "users"."uname" = ? LIMIT ?[0m  [["uname", "test1"], ["LIMIT", 1]]
  ↳ app/controllers/sessions_controller.rb:6:in 'SessionsController#create'
  Rendering layout layouts/application.html.erb
  Rendering sessions/new.html.erb within layouts/application
  Rendered sessions/new.html.erb within layouts/application (Duration: 0.3ms | Allocations: 107)
  Rendered layout layouts/application.html.erb (Duration: 1.0ms | Allocations: 1138)
Completed 422 Unprocessable Content in 200ms (Views: 1.4ms | ActiveRecord: 0.2ms | Allocations: 1950)


Started POST "/login" for ::1 at 2026-06-03 15:13:14 +0900
Processing by SessionsController#create as HTML
  Parameters: {"authenticity_token" => "[FILTERED]", "uname" => "test1", "password" => "[FILTERED]"}
  [1m[36mUser Load (0.1ms)[0m  [1m[34mSELECT "users".* FROM "users" WHERE "users"."uname" = ? LIMIT ?[0m  [["uname", "test1"], ["LIMIT", 1]]
  ↳ app/controllers/sessions_controller.rb:6:in 'SessionsController#create'
  Rendering layout layouts/application.html.erb
  Rendering sessions/new.html.erb within layouts/application
  Rendered sessions/new.html.erb within layouts/application (Duration: 0.2ms | Allocations: 104)
  Rendered layout layouts/application.html.erb (Duration: 0.8ms | Allocations: 1135)
Completed 422 Unprocessable Content in 191ms (Views: 1.1ms | ActiveRecord: 0.1ms | Allocations: 1934)


Started POST "/login" for ::1 at 2026-06-03 15:13:19 +0900
Processing by SessionsController#create as HTML
  Parameters: {"authenticity_token" => "[FILTERED]", "uname" => "test1", "password" => "[FILTERED]"}
  [1m[36mUser Load (0.2ms)[0m  [1m[34mSELECT "users".* FROM "users" WHERE "users"."uname" = ? LIMIT ?[0m  [["uname", "test1"], ["LIMIT", 1]]
  ↳ app/controllers/sessions_controller.rb:6:in 'SessionsController#create'
  Rendering layout layouts/application.html.erb
  Rendering sessions/new.html.erb within layouts/application
  Rendered sessions/new.html.erb within layouts/application (Duration: 0.3ms | Allocations: 104)
  Rendered layout layouts/application.html.erb (Duration: 1.0ms | Allocations: 1135)
Completed 422 Unprocessable Content in 200ms (Views: 1.4ms | ActiveRecord: 0.2ms | Allocations: 1921)


Started POST "/login" for ::1 at 2026-06-03 15:13:24 +0900
Processing by SessionsController#create as HTML
  Parameters: {"authenticity_token" => "[FILTERED]", "uname" => "test1", "password" => "[FILTERED]"}
  [1m[36mUser Load (0.2ms)[0m  [1m[34mSELECT "users".* FROM "users" WHERE "users"."uname" = ? LIMIT ?[0m  [["uname", "test1"], ["LIMIT", 1]]
  ↳ app/controllers/sessions_controller.rb:6:in 'SessionsController#create'
Redirected to http://localhost:3000/home
Completed 302 Found in 200ms (ActiveRecord: 0.2ms | Allocations: 687)


Started GET "/home" for ::1 at 2026-06-03 15:13:24 +0900
Processing by HomeController#top as HTML
  Rendering layout layouts/application.html.erb
  Rendering home/top.html.erb within layouts/application
  Rendered home/top.html.erb within layouts/application (Duration: 0.2ms | Allocations: 243)
  Rendered layout layouts/application.html.erb (Duration: 0.8ms | Allocations: 1278)
Completed 200 OK in 1ms (Views: 1.0ms | ActiveRecord: 0.0ms | Allocations: 1486)


Started GET "/home" for ::1 at 2026-06-03 15:22:28 +0900
  [1m[36mActiveRecord::SchemaMigration Load (0.1ms)[0m  [1m[34mSELECT "schema_migrations"."version" FROM "schema_migrations" ORDER BY "schema_migrations"."version" ASC[0m
Processing by HomeController#top as HTML
  Rendering layout layouts/application.html.erb
  Rendering home/top.html.erb within layouts/application
  [1m[36mUser Load (0.0ms)[0m  [1m[34mSELECT "users".* FROM "users" WHERE "users"."id" = ? LIMIT ?[0m  [["id", 1], ["LIMIT", 1]]
  ↳ app/controllers/application_controller.rb:7:in 'ApplicationController#current_user'
  Rendered home/top.html.erb within layouts/application (Duration: 13.2ms | Allocations: 15672)
  Rendered layout layouts/application.html.erb (Duration: 30.9ms | Allocations: 46883)
Completed 200 OK in 36ms (Views: 31.9ms | ActiveRecord: 0.9ms | Allocations: 50832)


Started DELETE "/logout" for ::1 at 2026-06-03 15:22:33 +0900
Processing by SessionsController#destroy as TURBO_STREAM
  Parameters: {"authenticity_token" => "[FILTERED]"}
Redirected to http://localhost:3000/home
Completed 302 Found in 2ms (ActiveRecord: 0.0ms | Allocations: 464)


Started GET "/home" for ::1 at 2026-06-03 15:22:33 +0900
Processing by HomeController#top as TURBO_STREAM
  Rendering layout layouts/application.html.erb
  Rendering home/top.html.erb within layouts/application
  [1m[36mUser Load (0.1ms)[0m  [1m[34mSELECT "users".* FROM "users" WHERE "users"."id" IS NULL LIMIT ?[0m  [["LIMIT", 1]]
  ↳ app/controllers/application_controller.rb:7:in 'ApplicationController#current_user'
  Rendered home/top.html.erb within layouts/application (Duration: 1.1ms | Allocations: 799)
  Rendered layout layouts/application.html.erb (Duration: 2.0ms | Allocations: 1834)
Completed 200 OK in 3ms (Views: 2.1ms | ActiveRecord: 0.1ms | Allocations: 2081)


Started GET "/login" for ::1 at 2026-06-03 15:22:35 +0900
Processing by SessionsController#new as HTML
  Rendering layout layouts/application.html.erb
  Rendering sessions/new.html.erb within layouts/application
  Rendered sessions/new.html.erb within layouts/application (Duration: 1.3ms | Allocations: 412)
  Rendered layout layouts/application.html.erb (Duration: 2.8ms | Allocations: 1450)
Completed 200 OK in 4ms (Views: 3.6ms | ActiveRecord: 0.0ms | Allocations: 1837)


Started POST "/login" for ::1 at 2026-06-03 15:22:46 +0900
Processing by SessionsController#create as HTML
  Parameters: {"authenticity_token" => "[FILTERED]", "uname" => "test1", "password" => "[FILTERED]"}
  [1m[36mUser Load (0.4ms)[0m  [1m[34mSELECT "users".* FROM "users" WHERE "users"."uname" = ? LIMIT ?[0m  [["uname", "test1"], ["LIMIT", 1]]
  ↳ app/controllers/sessions_controller.rb:6:in 'SessionsController#create'
Redirected to http://localhost:3000/home
Completed 302 Found in 199ms (ActiveRecord: 0.4ms | Allocations: 822)


Started GET "/home" for ::1 at 2026-06-03 15:22:46 +0900
Processing by HomeController#top as HTML
  Rendering layout layouts/application.html.erb
  Rendering home/top.html.erb within layouts/application
  [1m[36mUser Load (0.1ms)[0m  [1m[34mSELECT "users".* FROM "users" WHERE "users"."id" = ? LIMIT ?[0m  [["id", 1], ["LIMIT", 1]]
  ↳ app/controllers/application_controller.rb:7:in 'ApplicationController#current_user'
  Rendered home/top.html.erb within layouts/application (Duration: 0.7ms | Allocations: 707)
  Rendered layout layouts/application.html.erb (Duration: 1.2ms | Allocations: 1742)
Completed 200 OK in 2ms (Views: 1.3ms | ActiveRecord: 0.1ms | Allocations: 1952)


Started DELETE "/logout" for ::1 at 2026-06-03 15:22:50 +0900
Processing by SessionsController#destroy as TURBO_STREAM
  Parameters: {"authenticity_token" => "[FILTERED]"}
Redirected to http://localhost:3000/home
Completed 302 Found in 1ms (ActiveRecord: 0.0ms | Allocations: 295)


Started GET "/home" for ::1 at 2026-06-03 15:22:50 +0900
Processing by HomeController#top as TURBO_STREAM
  Rendering layout layouts/application.html.erb
  Rendering home/top.html.erb within layouts/application
  [1m[36mUser Load (0.1ms)[0m  [1m[34mSELECT "users".* FROM "users" WHERE "users"."id" IS NULL LIMIT ?[0m  [["LIMIT", 1]]
  ↳ app/controllers/application_controller.rb:7:in 'ApplicationController#current_user'
  Rendered home/top.html.erb within layouts/application (Duration: 1.1ms | Allocations: 732)
  Rendered layout layouts/application.html.erb (Duration: 2.1ms | Allocations: 1767)
Completed 200 OK in 3ms (Views: 2.3ms | ActiveRecord: 0.1ms | Allocations: 1980)


Started GET "/login" for ::1 at 2026-06-03 15:23:22 +0900
Processing by SessionsController#new as HTML
  Rendering layout layouts/application.html.erb
  Rendering sessions/new.html.erb within layouts/application
  Rendered sessions/new.html.erb within layouts/application (Duration: 1.0ms | Allocations: 247)
  Rendered layout layouts/application.html.erb (Duration: 2.9ms | Allocations: 1282)
Completed 200 OK in 4ms (Views: 3.3ms | ActiveRecord: 0.0ms | Allocations: 1490)


Started POST "/login" for ::1 at 2026-06-03 15:23:27 +0900
Processing by SessionsController#create as HTML
  Parameters: {"authenticity_token" => "[FILTERED]", "uname" => "asdf", "password" => "[FILTERED]"}
  [1m[36mUser Load (0.1ms)[0m  [1m[34mSELECT "users".* FROM "users" WHERE "users"."uname" = ? LIMIT ?[0m  [["uname", "asdf"], ["LIMIT", 1]]
  ↳ app/controllers/sessions_controller.rb:6:in 'SessionsController#create'
  Rendering layout layouts/application.html.erb
  Rendering sessions/new.html.erb within layouts/application
  Rendered sessions/new.html.erb within layouts/application (Duration: 0.3ms | Allocations: 104)
  Rendered layout layouts/application.html.erb (Duration: 1.6ms | Allocations: 1135)
Completed 422 Unprocessable Content in 3ms (Views: 1.9ms | ActiveRecord: 0.1ms | Allocations: 1905)


Started GET "/home" for ::1 at 2026-06-03 15:30:16 +0900
  [1m[36mActiveRecord::SchemaMigration Load (0.1ms)[0m  [1m[34mSELECT "schema_migrations"."version" FROM "schema_migrations" ORDER BY "schema_migrations"."version" ASC[0m
Processing by HomeController#top as HTML
  Rendering layout layouts/application.html.erb
  Rendering home/top.html.erb within layouts/application
  [1m[36mUser Load (0.0ms)[0m  [1m[34mSELECT "users".* FROM "users" WHERE "users"."id" IS NULL LIMIT ?[0m  [["LIMIT", 1]]
  ↳ app/controllers/application_controller.rb:7:in 'ApplicationController#current_user'
  Rendered home/top.html.erb within layouts/application (Duration: 18.0ms | Allocations: 10356)
  Rendered layout layouts/application.html.erb (Duration: 36.4ms | Allocations: 41576)
Completed 200 OK in 41ms (Views: 36.9ms | ActiveRecord: 0.9ms | Allocations: 45525)


Started GET "/login" for ::1 at 2026-06-03 15:30:18 +0900
Processing by SessionsController#new as HTML
  Rendering layout layouts/application.html.erb
  Rendering sessions/new.html.erb within layouts/application
  Rendered sessions/new.html.erb within layouts/application (Duration: 1.2ms | Allocations: 441)
  Rendered layout layouts/application.html.erb (Duration: 3.0ms | Allocations: 1479)
Completed 200 OK in 6ms (Views: 4.6ms | ActiveRecord: 0.0ms | Allocations: 1895)


Started POST "/login" for ::1 at 2026-06-03 15:30:27 +0900
Processing by SessionsController#create as HTML
  Parameters: {"authenticity_token" => "[FILTERED]", "uname" => "test1", "password" => "[FILTERED]"}
  [1m[36mUser Load (0.3ms)[0m  [1m[34mSELECT "users".* FROM "users" WHERE "users"."uname" = ? LIMIT ?[0m  [["uname", "test1"], ["LIMIT", 1]]
  ↳ app/controllers/sessions_controller.rb:6:in 'SessionsController#create'
Redirected to http://localhost:3000/home
Completed 302 Found in 200ms (ActiveRecord: 0.4ms | Allocations: 5755)


Started GET "/home" for ::1 at 2026-06-03 15:30:27 +0900
Processing by HomeController#top as HTML
  Rendering layout layouts/application.html.erb
  Rendering home/top.html.erb within layouts/application
  [1m[36mUser Load (0.1ms)[0m  [1m[34mSELECT "users".* FROM "users" WHERE "users"."id" = ? LIMIT ?[0m  [["id", 1], ["LIMIT", 1]]
  ↳ app/controllers/application_controller.rb:7:in 'ApplicationController#current_user'
  Rendered home/top.html.erb within layouts/application (Duration: 0.9ms | Allocations: 1501)
  Rendered layout layouts/application.html.erb (Duration: 1.5ms | Allocations: 2536)
Completed 200 OK in 2ms (Views: 1.5ms | ActiveRecord: 0.1ms | Allocations: 2748)


Started DELETE "/logout" for ::1 at 2026-06-03 15:30:31 +0900
Processing by SessionsController#destroy as TURBO_STREAM
  Parameters: {"authenticity_token" => "[FILTERED]"}
Redirected to http://localhost:3000/home
Completed 302 Found in 1ms (ActiveRecord: 0.0ms | Allocations: 290)


Started GET "/home" for ::1 at 2026-06-03 15:30:31 +0900
Processing by HomeController#top as TURBO_STREAM
  Rendering layout layouts/application.html.erb
  Rendering home/top.html.erb within layouts/application
  [1m[36mUser Load (0.1ms)[0m  [1m[34mSELECT "users".* FROM "users" WHERE "users"."id" IS NULL LIMIT ?[0m  [["LIMIT", 1]]
  ↳ app/controllers/application_controller.rb:7:in 'ApplicationController#current_user'
  Rendered home/top.html.erb within layouts/application (Duration: 1.1ms | Allocations: 731)
  Rendered layout layouts/application.html.erb (Duration: 2.2ms | Allocations: 1766)
Completed 200 OK in 3ms (Views: 2.3ms | ActiveRecord: 0.1ms | Allocations: 2013)


Started GET "/login" for ::1 at 2026-06-03 15:30:32 +0900
Processing by SessionsController#new as HTML
  Rendering layout layouts/application.html.erb
  Rendering sessions/new.html.erb within layouts/application
  Rendered sessions/new.html.erb within layouts/application (Duration: 0.8ms | Allocations: 249)
  Rendered layout layouts/application.html.erb (Duration: 2.3ms | Allocations: 1284)
Completed 200 OK in 4ms (Views: 2.8ms | ActiveRecord: 0.0ms | Allocations: 1492)


Started GET "/signup" for ::1 at 2026-06-03 15:30:33 +0900
Processing by UsersController#new as HTML
  Rendering layout layouts/application.html.erb
  Rendering users/new.html.erb within layouts/application
  Rendered users/new.html.erb within layouts/application (Duration: 2.5ms | Allocations: 895)
  Rendered layout layouts/application.html.erb (Duration: 4.2ms | Allocations: 1933)
Completed 200 OK in 6ms (Views: 5.1ms | ActiveRecord: 0.0ms | Allocations: 2391)


Started GET "/login" for ::1 at 2026-06-03 15:30:36 +0900
Processing by SessionsController#new as HTML
  Rendering layout layouts/application.html.erb
  Rendering sessions/new.html.erb within layouts/application
  Rendered sessions/new.html.erb within layouts/application (Duration: 0.6ms | Allocations: 241)
  Rendered layout layouts/application.html.erb (Duration: 2.1ms | Allocations: 1276)
Completed 200 OK in 3ms (Views: 2.4ms | ActiveRecord: 0.0ms | Allocations: 1484)


Started POST "/login" for ::1 at 2026-06-03 15:30:38 +0900
Processing by SessionsController#create as HTML
  Parameters: {"authenticity_token" => "[FILTERED]", "uname" => "", "password" => "[FILTERED]"}
  [1m[36mUser Load (0.1ms)[0m  [1m[34mSELECT "users".* FROM "users" WHERE "users"."uname" = ? LIMIT ?[0m  [["uname", ""], ["LIMIT", 1]]
  ↳ app/controllers/sessions_controller.rb:6:in 'SessionsController#create'
  Rendering layout layouts/application.html.erb
  Rendering sessions/new.html.erb within layouts/application
  Rendered sessions/new.html.erb within layouts/application (Duration: 0.3ms | Allocations: 104)
  Rendered layout layouts/application.html.erb (Duration: 1.5ms | Allocations: 1135)
Completed 422 Unprocessable Content in 4ms (Views: 1.8ms | ActiveRecord: 0.1ms | Allocations: 1906)


Started GET "/signup" for ::1 at 2026-06-03 15:30:40 +0900
Processing by UsersController#new as HTML
  Rendering layout layouts/application.html.erb
  Rendering users/new.html.erb within layouts/application
  Rendered users/new.html.erb within layouts/application (Duration: 1.2ms | Allocations: 377)
  Rendered layout layouts/application.html.erb (Duration: 2.9ms | Allocations: 1412)
Completed 200 OK in 4ms (Views: 3.3ms | ActiveRecord: 0.0ms | Allocations: 1631)


Started GET "/login" for ::1 at 2026-06-03 15:30:41 +0900
Processing by SessionsController#new as HTML
  Rendering layout layouts/application.html.erb
  Rendering sessions/new.html.erb within layouts/application
  Rendered sessions/new.html.erb within layouts/application (Duration: 0.7ms | Allocations: 242)
  Rendered layout layouts/application.html.erb (Duration: 1.8ms | Allocations: 1277)
Completed 200 OK in 2ms (Views: 2.0ms | ActiveRecord: 0.0ms | Allocations: 1485)


Started GET "/home" for ::1 at 2026-06-03 15:30:46 +0900
Processing by HomeController#top as HTML
  Rendering layout layouts/application.html.erb
  Rendering home/top.html.erb within layouts/application
  [1m[36mUser Load (0.2ms)[0m  [1m[34mSELECT "users".* FROM "users" WHERE "users"."id" IS NULL LIMIT ?[0m  [["LIMIT", 1]]
  ↳ app/controllers/application_controller.rb:7:in 'ApplicationController#current_user'
  Rendered home/top.html.erb within layouts/application (Duration: 3.0ms | Allocations: 715)
  Rendered layout layouts/application.html.erb (Duration: 4.3ms | Allocations: 1750)
Completed 200 OK in 5ms (Views: 4.5ms | ActiveRecord: 0.2ms | Allocations: 1958)


Started GET "/login" for ::1 at 2026-06-03 15:30:56 +0900
Processing by SessionsController#new as HTML
  Rendering layout layouts/application.html.erb
  Rendering sessions/new.html.erb within layouts/application
  Rendered sessions/new.html.erb within layouts/application (Duration: 1.1ms | Allocations: 245)
  Rendered layout layouts/application.html.erb (Duration: 3.2ms | Allocations: 1280)
Completed 200 OK in 5ms (Views: 4.0ms | ActiveRecord: 0.0ms | Allocations: 1488)


Started POST "/login" for ::1 at 2026-06-03 15:31:07 +0900
Processing by SessionsController#create as HTML
  Parameters: {"authenticity_token" => "[FILTERED]", "uname" => "test1", "password" => "[FILTERED]"}
  [1m[36mUser Load (0.1ms)[0m  [1m[34mSELECT "users".* FROM "users" WHERE "users"."uname" = ? LIMIT ?[0m  [["uname", "test1"], ["LIMIT", 1]]
  ↳ app/controllers/sessions_controller.rb:6:in 'SessionsController#create'
  Rendering layout layouts/application.html.erb
  Rendering sessions/new.html.erb within layouts/application
  Rendered sessions/new.html.erb within layouts/application (Duration: 0.2ms | Allocations: 104)
  Rendered layout layouts/application.html.erb (Duration: 0.9ms | Allocations: 1135)
Completed 422 Unprocessable Content in 194ms (Views: 1.3ms | ActiveRecord: 0.1ms | Allocations: 1932)


Started POST "/login" for ::1 at 2026-06-03 15:31:12 +0900
Processing by SessionsController#create as HTML
  Parameters: {"authenticity_token" => "[FILTERED]", "uname" => "test1", "password" => "[FILTERED]"}
  [1m[36mUser Load (0.2ms)[0m  [1m[34mSELECT "users".* FROM "users" WHERE "users"."uname" = ? LIMIT ?[0m  [["uname", "test1"], ["LIMIT", 1]]
  ↳ app/controllers/sessions_controller.rb:6:in 'SessionsController#create'
  Rendering layout layouts/application.html.erb
  Rendering sessions/new.html.erb within layouts/application
  Rendered sessions/new.html.erb within layouts/application (Duration: 0.3ms | Allocations: 104)
  Rendered layout layouts/application.html.erb (Duration: 1.1ms | Allocations: 1135)
Completed 422 Unprocessable Content in 201ms (Views: 1.6ms | ActiveRecord: 0.2ms | Allocations: 1935)


Started POST "/login" for ::1 at 2026-06-03 15:31:17 +0900
Processing by SessionsController#create as HTML
  Parameters: {"authenticity_token" => "[FILTERED]", "uname" => "test1", "password" => "[FILTERED]"}
  [1m[36mUser Load (0.3ms)[0m  [1m[34mSELECT "users".* FROM "users" WHERE "users"."uname" = ? LIMIT ?[0m  [["uname", "test1"], ["LIMIT", 1]]
  ↳ app/controllers/sessions_controller.rb:6:in 'SessionsController#create'
Redirected to http://localhost:3000/home
Completed 302 Found in 200ms (ActiveRecord: 0.2ms | Allocations: 675)


Started GET "/home" for ::1 at 2026-06-03 15:31:17 +0900
Processing by HomeController#top as HTML
  Rendering layout layouts/application.html.erb
  Rendering home/top.html.erb within layouts/application
  [1m[36mUser Load (0.1ms)[0m  [1m[34mSELECT "users".* FROM "users" WHERE "users"."id" = ? LIMIT ?[0m  [["id", 1], ["LIMIT", 1]]
  ↳ app/controllers/application_controller.rb:7:in 'ApplicationController#current_user'
  Rendered home/top.html.erb within layouts/application (Duration: 0.7ms | Allocations: 700)
  Rendered layout layouts/application.html.erb (Duration: 1.2ms | Allocations: 1735)
Completed 200 OK in 2ms (Views: 1.3ms | ActiveRecord: 0.1ms | Allocations: 1943)


Started DELETE "/logout" for ::1 at 2026-06-03 15:31:21 +0900
Processing by SessionsController#destroy as TURBO_STREAM
  Parameters: {"authenticity_token" => "[FILTERED]"}
Redirected to http://localhost:3000/home
Completed 302 Found in 1ms (ActiveRecord: 0.0ms | Allocations: 297)


Started GET "/home" for ::1 at 2026-06-03 15:31:21 +0900
Processing by HomeController#top as TURBO_STREAM
  Rendering layout layouts/application.html.erb
  Rendering home/top.html.erb within layouts/application
  [1m[36mUser Load (0.1ms)[0m  [1m[34mSELECT "users".* FROM "users" WHERE "users"."id" IS NULL LIMIT ?[0m  [["LIMIT", 1]]
  ↳ app/controllers/application_controller.rb:7:in 'ApplicationController#current_user'
  Rendered home/top.html.erb within layouts/application (Duration: 1.1ms | Allocations: 715)
  Rendered layout layouts/application.html.erb (Duration: 2.2ms | Allocations: 1750)
Completed 200 OK in 3ms (Views: 2.4ms | ActiveRecord: 0.1ms | Allocations: 1961)


Started GET "/login" for ::1 at 2026-06-03 15:31:22 +0900
Processing by SessionsController#new as HTML
  Rendering layout layouts/application.html.erb
  Rendering sessions/new.html.erb within layouts/application
  Rendered sessions/new.html.erb within layouts/application (Duration: 0.7ms | Allocations: 246)
  Rendered layout layouts/application.html.erb (Duration: 2.2ms | Allocations: 1281)
Completed 200 OK in 3ms (Views: 2.5ms | ActiveRecord: 0.0ms | Allocations: 1489)


Started GET "/signup" for ::1 at 2026-06-03 15:31:23 +0900
Processing by UsersController#new as HTML
  Rendering layout layouts/application.html.erb
  Rendering users/new.html.erb within layouts/application
  Rendered users/new.html.erb within layouts/application (Duration: 0.7ms | Allocations: 377)
  Rendered layout layouts/application.html.erb (Duration: 1.8ms | Allocations: 1412)
Completed 200 OK in 3ms (Views: 2.1ms | ActiveRecord: 0.0ms | Allocations: 1631)


Started GET "/login" for ::1 at 2026-06-03 15:31:28 +0900
Processing by SessionsController#new as HTML
  Rendering layout layouts/application.html.erb
  Rendering sessions/new.html.erb within layouts/application
  Rendered sessions/new.html.erb within layouts/application (Duration: 0.8ms | Allocations: 244)
  Rendered layout layouts/application.html.erb (Duration: 2.5ms | Allocations: 1279)
Completed 200 OK in 4ms (Views: 3.3ms | ActiveRecord: 0.0ms | Allocations: 1487)


Started GET "/home" for ::1 at 2026-06-03 15:32:32 +0900
Processing by HomeController#top as HTML
  Rendering layout layouts/application.html.erb
  Rendering home/top.html.erb within layouts/application
  [1m[36mUser Load (0.1ms)[0m  [1m[34mSELECT "users".* FROM "users" WHERE "users"."id" IS NULL LIMIT ?[0m  [["LIMIT", 1]]
  ↳ app/controllers/application_controller.rb:7:in 'ApplicationController#current_user'
  Rendered home/top.html.erb within layouts/application (Duration: 1.4ms | Allocations: 723)
  Rendered layout layouts/application.html.erb (Duration: 2.8ms | Allocations: 1758)
Completed 200 OK in 4ms (Views: 3.0ms | ActiveRecord: 0.1ms | Allocations: 1966)


Started GET "/login" for ::1 at 2026-06-03 15:34:42 +0900
Processing by SessionsController#new as HTML
  Rendering layout layouts/application.html.erb
  Rendering sessions/new.html.erb within layouts/application
  Rendered sessions/new.html.erb within layouts/application (Duration: 0.9ms | Allocations: 246)
  Rendered layout layouts/application.html.erb (Duration: 2.8ms | Allocations: 1281)
Completed 200 OK in 4ms (Views: 3.3ms | ActiveRecord: 0.0ms | Allocations: 1489)


Started GET "/login" for ::1 at 2026-06-03 15:36:37 +0900
Processing by SessionsController#new as HTML
  Rendering layout layouts/application.html.erb
  Rendering sessions/new.html.erb within layouts/application
  Rendered sessions/new.html.erb within layouts/application (Duration: 0.5ms | Allocations: 473)
  Rendered layout layouts/application.html.erb (Duration: 23.8ms | Allocations: 15031)
Completed 200 OK in 26ms (Views: 25.4ms | ActiveRecord: 0.0ms | Allocations: 15874)


Started GET "/home" for ::1 at 2026-06-03 15:36:39 +0900
Processing by HomeController#top as HTML
  Rendering layout layouts/application.html.erb
  Rendering home/top.html.erb within layouts/application
  [1m[36mUser Load (0.1ms)[0m  [1m[34mSELECT "users".* FROM "users" WHERE "users"."id" IS NULL LIMIT ?[0m  [["LIMIT", 1]]
  ↳ app/controllers/application_controller.rb:7:in 'ApplicationController#current_user'
  Rendered home/top.html.erb within layouts/application (Duration: 8.2ms | Allocations: 2384)
  Rendered layout layouts/application.html.erb (Duration: 9.7ms | Allocations: 3426)
Completed 200 OK in 12ms (Views: 6.4ms | ActiveRecord: 4.1ms | Allocations: 3837)


Started GET "/login" for ::1 at 2026-06-03 15:36:40 +0900
Processing by SessionsController#new as HTML
  Rendering layout layouts/application.html.erb
  Rendering sessions/new.html.erb within layouts/application
  Rendered sessions/new.html.erb within layouts/application (Duration: 0.8ms | Allocations: 238)
  Rendered layout layouts/application.html.erb (Duration: 2.2ms | Allocations: 1273)
Completed 200 OK in 5ms (Views: 3.4ms | ActiveRecord: 0.0ms | Allocations: 1481)


Started GET "/home" for ::1 at 2026-06-03 15:36:42 +0900
Processing by HomeController#top as HTML
  Rendering layout layouts/application.html.erb
  Rendering home/top.html.erb within layouts/application
  [1m[36mUser Load (0.2ms)[0m  [1m[34mSELECT "users".* FROM "users" WHERE "users"."id" IS NULL LIMIT ?[0m  [["LIMIT", 1]]
  ↳ app/controllers/application_controller.rb:7:in 'ApplicationController#current_user'
  Rendered home/top.html.erb within layouts/application (Duration: 1.8ms | Allocations: 719)
  Rendered layout layouts/application.html.erb (Duration: 3.3ms | Allocations: 1754)
Completed 200 OK in 5ms (Views: 3.8ms | ActiveRecord: 0.2ms | Allocations: 1962)


Started GET "/login" for ::1 at 2026-06-03 15:36:49 +0900
Processing by SessionsController#new as HTML
  Rendering layout layouts/application.html.erb
  Rendering sessions/new.html.erb within layouts/application
  Rendered sessions/new.html.erb within layouts/application (Duration: 0.5ms | Allocations: 237)
  Rendered layout layouts/application.html.erb (Duration: 1.8ms | Allocations: 1272)
Completed 200 OK in 2ms (Views: 2.1ms | ActiveRecord: 0.0ms | Allocations: 1480)


Started POST "/login" for ::1 at 2026-06-03 15:37:00 +0900
Processing by SessionsController#create as HTML
  Parameters: {"authenticity_token" => "[FILTERED]", "uname" => "test1", "password" => "[FILTERED]"}
  [1m[36mUser Load (0.2ms)[0m  [1m[34mSELECT "users".* FROM "users" WHERE "users"."uname" = ? LIMIT ?[0m  [["uname", "test1"], ["LIMIT", 1]]
  ↳ app/controllers/sessions_controller.rb:6:in 'SessionsController#create'
Redirected to http://localhost:3000/home
Completed 302 Found in 200ms (ActiveRecord: 0.4ms | Allocations: 2873)


Started GET "/home" for ::1 at 2026-06-03 15:37:00 +0900
Processing by HomeController#top as HTML
  Rendering layout layouts/application.html.erb
  Rendering home/top.html.erb within layouts/application
  [1m[36mUser Load (0.1ms)[0m  [1m[34mSELECT "users".* FROM "users" WHERE "users"."id" = ? LIMIT ?[0m  [["id", 1], ["LIMIT", 1]]
  ↳ app/controllers/application_controller.rb:7:in 'ApplicationController#current_user'
  Rendered home/top.html.erb within layouts/application (Duration: 0.9ms | Allocations: 1453)
  Rendered layout layouts/application.html.erb (Duration: 1.4ms | Allocations: 2488)
Completed 200 OK in 2ms (Views: 1.5ms | ActiveRecord: 0.1ms | Allocations: 2696)


Started POST "/home/generate" for ::1 at 2026-06-03 15:37:06 +0900
Processing by HomeController#generate as HTML
  Parameters: {"authenticity_token" => "[FILTERED]", "prompt" => "ホラー"}
  [1m[36mTRANSACTION (0.0ms)[0m  [1m[36mbegin transaction[0m
  ↳ app/controllers/home_controller.rb:27:in 'HomeController#generate'
  [1m[36mMap Create (1.3ms)[0m  [1m[32mINSERT INTO "maps" ("map_name", "num_of_squares", "created_at", "updated_at") VALUES (?, ?, ?, ?) RETURNING "id"[0m  [["map_name", "悪夢の館からの脱出"], ["num_of_squares", 13], ["created_at", "2026-06-03 06:37:19.863768"], ["updated_at", "2026-06-03 06:37:19.863768"]]
  ↳ app/controllers/home_controller.rb:27:in 'HomeController#generate'
  [1m[36mTRANSACTION (0.3ms)[0m  [1m[36mcommit transaction[0m
  ↳ app/controllers/home_controller.rb:27:in 'HomeController#generate'
  [1m[36mTRANSACTION (0.0ms)[0m  [1m[36mbegin transaction[0m
  ↳ app/controllers/home_controller.rb:35:in 'block in HomeController#generate'
  [1m[36mSquare Create (0.7ms)[0m  [1m[32mINSERT INTO "squares" ("map_id", "position", "square_type", "square_text", "effect", "value", "created_at", "updated_at") VALUES (?, ?, ?, ?, ?, ?, ?, ?) RETURNING "id"[0m  [["map_id", 14], ["position", 1], ["square_type", "start"], ["square_text", "古びた屋敷の門が開く…悪夢の始まりだ。"], ["effect", "none"], ["value", 0], ["created_at", "2026-06-03 06:37:19.877818"], ["updated_at", "2026-06-03 06:37:19.877818"]]
  ↳ app/controllers/home_controller.rb:35:in 'block in HomeController#generate'
  [1m[36mTRANSACTION (0.1ms)[0m  [1m[36mcommit transaction[0m
  ↳ app/controllers/home_controller.rb:35:in 'block in HomeController#generate'
  [1m[36mTRANSACTION (0.0ms)[0m  [1m[36mbegin transaction[0m
  ↳ app/controllers/home_controller.rb:35:in 'block in HomeController#generate'
  [1m[36mSquare Create (0.4ms)[0m  [1m[32mINSERT INTO "squares" ("map_id", "position", "square_type", "square_text", "effect", "value", "created_at", "updated_at") VALUES (?, ?, ?, ?, ?, ?, ?, ?) RETURNING "id"[0m  [["map_id", 14], ["position", 2], ["square_type", "event"], ["square_text", "廊下の奥から不気味な視線を感じる…"], ["effect", "none"], ["value", 0], ["created_at", "2026-06-03 06:37:19.879673"], ["updated_at", "2026-06-03 06:37:19.879673"]]
  ↳ app/controllers/home_controller.rb:35:in 'block in HomeController#generate'
  [1m[36mTRANSACTION (0.0ms)[0m  [1m[36mcommit transaction[0m
  ↳ app/controllers/home_controller.rb:35:in 'block in HomeController#generate'
  [1m[36mTRANSACTION (0.0ms)[0m  [1m[36mbegin transaction[0m
  ↳ app/controllers/home_controller.rb:35:in 'block in HomeController#generate'
  [1m[36mSquare Create (0.3ms)[0m  [1m[32mINSERT INTO "squares" ("map_id", "position", "square_type", "square_text", "effect", "value", "created_at", "updated_at") VALUES (?, ?, ?, ?, ?, ?, ?, ?) RETURNING "id"[0m  [["map_id", 14], ["position", 3], ["square_type", "event"], ["square_text", "血の染み込んだ床。滑って転び、1マス戻る。"], ["effect", "move"], ["value", -1], ["created_at", "2026-06-03 06:37:19.881070"], ["updated_at", "2026-06-03 06:37:19.881070"]]
  ↳ app/controllers/home_controller.rb:35:in 'block in HomeController#generate'
  [1m[36mTRANSACTION (0.0ms)[0m  [1m[36mcommit transaction[0m
  ↳ app/controllers/home_controller.rb:35:in 'block in HomeController#generate'
  [1m[36mTRANSACTION (0.0ms)[0m  [1m[36mbegin transaction[0m
  ↳ app/controllers/home_controller.rb:35:in 'block in HomeController#generate'
  [1m[36mSquare Create (0.3ms)[0m  [1m[32mINSERT INTO "squares" ("map_id", "position", "square_type", "square_text", "effect", "value", "created_at", "updated_at") VALUES (?, ?, ?, ?, ?, ?, ?, ?) RETURNING "id"[0m  [["map_id", 14], ["position", 4], ["square_type", "event"], ["square_text", "壁から呻き声が聞こえる。恐怖で足がすくむ。"], ["effect", "none"], ["value", 0], ["created_at", "2026-06-03 06:37:19.882106"], ["updated_at", "2026-06-03 06:37:19.882106"]]
  ↳ app/controllers/home_controller.rb:35:in 'block in HomeController#generate'
  [1m[36mTRANSACTION (0.0ms)[0m  [1m[36mcommit transaction[0m
  ↳ app/controllers/home_controller.rb:35:in 'block in HomeController#generate'
  [1m[36mTRANSACTION (0.0ms)[0m  [1m[36mbegin transaction[0m
  ↳ app/controllers/home_controller.rb:35:in 'block in HomeController#generate'
  [1m[36mSquare Create (0.4ms)[0m  [1m[32mINSERT INTO "squares" ("map_id", "position", "square_type", "square_text", "effect", "value", "created_at", "updated_at") VALUES (?, ?, ?, ?, ?, ?, ?, ?) RETURNING "id"[0m  [["map_id", 14], ["position", 5], ["square_type", "event"], ["square_text", "朽ちた人形が落ちている。不気味な呪いを受け、1回休み。"], ["effect", "skip"], ["value", 1], ["created_at", "2026-06-03 06:37:19.883286"], ["updated_at", "2026-06-03 06:37:19.883286"]]
  ↳ app/controllers/home_controller.rb:35:in 'block in HomeController#generate'
  [1m[36mTRANSACTION (0.0ms)[0m  [1m[36mcommit transaction[0m
  ↳ app/controllers/home_controller.rb:35:in 'block in HomeController#generate'
  [1m[36mTRANSACTION (0.0ms)[0m  [1m[36mbegin transaction[0m
  ↳ app/controllers/home_controller.rb:35:in 'block in HomeController#generate'
  [1m[36mSquare Create (0.3ms)[0m  [1m[32mINSERT INTO "squares" ("map_id", "position", "square_type", "square_text", "effect", "value", "created_at", "updated_at") VALUES (?, ?, ?, ?, ?, ?, ?, ?) RETURNING "id"[0m  [["map_id", 14], ["position", 6], ["square_type", "event"], ["square_text", "鏡に映る自分の顔が歪む。恐怖に駆られ、もう一度サイコロを振る。"], ["effect", "roll_again"], ["value", 0], ["created_at", "2026-06-03 06:37:19.884404"], ["updated_at", "2026-06-03 06:37:19.884404"]]
  ↳ app/controllers/home_controller.rb:35:in 'block in HomeController#generate'
  [1m[36mTRANSACTION (0.0ms)[0m  [1m[36mcommit transaction[0m
  ↳ app/controllers/home_controller.rb:35:in 'block in HomeController#generate'
  [1m[36mTRANSACTION (0.0ms)[0m  [1m[36mbegin transaction[0m
  ↳ app/controllers/home_controller.rb:35:in 'block in HomeController#generate'
  [1m[36mSquare Create (0.3ms)[0m  [1m[32mINSERT INTO "squares" ("map_id", "position", "square_type", "square_text", "effect", "value", "created_at", "updated_at") VALUES (?, ?, ?, ?, ?, ?, ?, ?) RETURNING "id"[0m  [["map_id", 14], ["position", 7], ["square_type", "event"], ["square_text", "地下室への階段を見つけた。恐怖を感じつつも進むため、2マス進む。"], ["effect", "move"], ["value", 2], ["created_at", "2026-06-03 06:37:19.885450"], ["updated_at", "2026-06-03 06:37:19.885450"]]
  ↳ app/controllers/home_controller.rb:35:in 'block in HomeController#generate'
  [1m[36mTRANSACTION (0.0ms)[0m  [1m[36mcommit transaction[0m
  ↳ app/controllers/home_controller.rb:35:in 'block in HomeController#generate'
  [1m[36mTRANSACTION (0.0ms)[0m  [1m[36mbegin transaction[0m
  ↳ app/controllers/home_controller.rb:35:in 'block in HomeController#generate'
  [1m[36mSquare Create (0.4ms)[0m  [1m[32mINSERT INTO "squares" ("map_id", "position", "square_type", "square_text", "effect", "value", "created_at", "updated_at") VALUES (?, ?, ?, ?, ?, ?, ?, ?) RETURNING "id"[0m  [["map_id", 14], ["position", 8], ["square_type", "event"], ["square_text", "突然、照明が消えた！闇が全てを覆い尽くす。"], ["effect", "none"], ["value", 0], ["created_at", "2026-06-03 06:37:19.887214"], ["updated_at", "2026-06-03 06:37:19.887214"]]
  ↳ app/controllers/home_controller.rb:35:in 'block in HomeController#generate'
  [1m[36mTRANSACTION (0.1ms)[0m  [1m[36mcommit transaction[0m
  ↳ app/controllers/home_controller.rb:35:in 'block in HomeController#generate'
  [1m[36mTRANSACTION (0.0ms)[0m  [1m[36mbegin transaction[0m
  ↳ app/controllers/home_controller.rb:35:in 'block in HomeController#generate'
  [1m[36mSquare Create (0.4ms)[0m  [1m[32mINSERT INTO "squares" ("map_id", "position", "square_type", "square_text", "effect", "value", "created_at", "updated_at") VALUES (?, ?, ?, ?, ?, ?, ?, ?) RETURNING "id"[0m  [["map_id", 14], ["position", 9], ["square_type", "event"], ["square_text", "冷たい手が足首を掴んだ！恐怖で身動きが取れず、2マス戻る。"], ["effect", "move"], ["value", -2], ["created_at", "2026-06-03 06:37:19.888803"], ["updated_at", "2026-06-03 06:37:19.888803"]]
  ↳ app/controllers/home_controller.rb:35:in 'block in HomeController#generate'
  [1m[36mTRANSACTION (0.0ms)[0m  [1m[36mcommit transaction[0m
  ↳ app/controllers/home_controller.rb:35:in 'block in HomeController#generate'
  [1m[36mTRANSACTION (0.0ms)[0m  [1m[36mbegin transaction[0m
  ↳ app/controllers/home_controller.rb:35:in 'block in HomeController#generate'
  [1m[36mSquare Create (0.3ms)[0m  [1m[32mINSERT INTO "squares" ("map_id", "position", "square_type", "square_text", "effect", "value", "created_at", "updated_at") VALUES (?, ?, ?, ?, ?, ?, ?, ?) RETURNING "id"[0m  [["map_id", 14], ["position", 10], ["square_type", "event"], ["square_text", "古い日記を発見。過去の惨劇を読み進める。"], ["effect", "none"], ["value", 0], ["created_at", "2026-06-03 06:37:19.889894"], ["updated_at", "2026-06-03 06:37:19.889894"]]
  ↳ app/controllers/home_controller.rb:35:in 'block in HomeController#generate'
  [1m[36mTRANSACTION (0.0ms)[0m  [1m[36mcommit transaction[0m
  ↳ app/controllers/home_controller.rb:35:in 'block in HomeController#generate'
  [1m[36mTRANSACTION (0.0ms)[0m  [1m[36mbegin transaction[0m
  ↳ app/controllers/home_controller.rb:35:in 'block in HomeController#generate'
  [1m[36mSquare Create (0.3ms)[0m  [1m[32mINSERT INTO "squares" ("map_id", "position", "square_type", "square_text", "effect", "value", "created_at", "updated_at") VALUES (?, ?, ?, ?, ?, ?, ?, ?) RETURNING "id"[0m  [["map_id", 14], ["position", 11], ["square_type", "event"], ["square_text", "呪われた肖像画が睨んでいる。その邪悪な目に囚われ、1回休み。"], ["effect", "skip"], ["value", 1], ["created_at", "2026-06-03 06:37:19.890856"], ["updated_at", "2026-06-03 06:37:19.890856"]]
  ↳ app/controllers/home_controller.rb:35:in 'block in HomeController#generate'
  [1m[36mTRANSACTION (0.0ms)[0m  [1m[36mcommit transaction[0m
  ↳ app/controllers/home_controller.rb:35:in 'block in HomeController#generate'
  [1m[36mTRANSACTION (0.0ms)[0m  [1m[36mbegin transaction[0m
  ↳ app/controllers/home_controller.rb:35:in 'block in HomeController#generate'
  [1m[36mSquare Create (0.3ms)[0m  [1m[32mINSERT INTO "squares" ("map_id", "position", "square_type", "square_text", "effect", "value", "created_at", "updated_at") VALUES (?, ?, ?, ?, ?, ?, ?, ?) RETURNING "id"[0m  [["map_id", 14], ["position", 12], ["square_type", "event"], ["square_text", "出口の気配を感じる！希望を胸に1マス進む。"], ["effect", "move"], ["value", 1], ["created_at", "2026-06-03 06:37:19.891803"], ["updated_at", "2026-06-03 06:37:19.891803"]]
  ↳ app/controllers/home_controller.rb:35:in 'block in HomeController#generate'
  [1m[36mTRANSACTION (0.0ms)[0m  [1m[36mcommit transaction[0m
  ↳ app/controllers/home_controller.rb:35:in 'block in HomeController#generate'
  [1m[36mTRANSACTION (0.0ms)[0m  [1m[36mbegin transaction[0m
  ↳ app/controllers/home_controller.rb:35:in 'block in HomeController#generate'
  [1m[36mSquare Create (0.4ms)[0m  [1m[32mINSERT INTO "squares" ("map_id", "position", "square_type", "square_text", "effect", "value", "created_at", "updated_at") VALUES (?, ?, ?, ?, ?, ?, ?, ?) RETURNING "id"[0m  [["map_id", 14], ["position", 13], ["square_type", "goal"], ["square_text", "夜明けだ！悪夢の館から生還した。"], ["effect", "finish"], ["value", 0], ["created_at", "2026-06-03 06:37:19.892895"], ["updated_at", "2026-06-03 06:37:19.892895"]]
  ↳ app/controllers/home_controller.rb:35:in 'block in HomeController#generate'
  [1m[36mTRANSACTION (0.0ms)[0m  [1m[36mcommit transaction[0m
  ↳ app/controllers/home_controller.rb:35:in 'block in HomeController#generate'
AI生成成功
{"title" => "悪夢の館からの脱出", "squares" => [{"type" => "start", "text" => "古びた屋敷の門が開く…悪夢の始まりだ。", "effect" => "none", "value" => 0}, {"type" => "event", "text" => "廊下の奥から不気味な視線を感じる…", "effect" => "none", "value" => 0}, {"type" => "event", "text" => "血の染み込んだ床。滑って転び、1マス戻る。", "effect" => "move", "value" => -1}, {"type" => "event", "text" => "壁から呻き声が聞こえる。恐怖で足がすくむ。", "effect" => "none", "value" => 0}, {"type" => "event", "text" => "朽ちた人形が落ちている。不気味な呪いを受け、1回休み。", "effect" => "skip", "value" => 1}, {"type" => "event", "text" => "鏡に映る自分の顔が歪む。恐怖に駆られ、もう一度サイコロを振る。", "effect" => "roll_again", "value" => 0}, {"type" => "event", "text" => "地下室への階段を見つけた。恐怖を感じつつも進むため、2マス進む。", "effect" => "move", "value" => 2}, {"type" => "event", "text" => "突然、照明が消えた！闇が全てを覆い尽くす。", "effect" => "none", "value" => 0}, {"type" => "event", "text" => "冷たい手が足首を掴んだ！恐怖で身動きが取れず、2マス戻る。", "effect" => "move", "value" => -2}, {"type" => "event", "text" => "古い日記を発見。過去の惨劇を読み進める。", "effect" => "none", "value" => 0}, {"type" => "event", "text" => "呪われた肖像画が睨んでいる。その邪悪な目に囚われ、1回休み。", "effect" => "skip", "value" => 1}, {"type" => "event", "text" => "出口の気配を感じる！希望を胸に1マス進む。", "effect" => "move", "value" => 1}, {"type" => "goal", "text" => "夜明けだ！悪夢の館から生還した。", "effect" => "finish", "value" => 0}]}
  Rendering layout layouts/application.html.erb
  Rendering home/generate.html.erb within layouts/application
  Rendered home/generate.html.erb within layouts/application (Duration: 0.3ms | Allocations: 121)
  Rendered layout layouts/application.html.erb (Duration: 1.3ms | Allocations: 1159)
Completed 200 OK in 13457ms (Views: 1.9ms | ActiveRecord: 7.6ms | Allocations: 58417)


Started GET "/play" for ::1 at 2026-06-03 15:37:32 +0900
Processing by PlayController#top as HTML
  [1m[36mMap Load (0.2ms)[0m  [1m[34mSELECT "maps".* FROM "maps" WHERE "maps"."id" = ? LIMIT ?[0m  [["id", 14], ["LIMIT", 1]]
  ↳ app/controllers/play_controller.rb:4:in 'PlayController#top'
  Rendering layout layouts/application.html.erb
  Rendering play/top.html.erb within layouts/application
  [1m[36mSquare Load (0.4ms)[0m  [1m[34mSELECT "squares".* FROM "squares" WHERE "squares"."map_id" = ? ORDER BY "squares"."position" ASC[0m  [["map_id", 14]]
  ↳ app/views/play/top.html.erb:41:in '_app_views_play_top_html_erb___3284092529836445202_12824'
  Rendered play/top.html.erb within layouts/application (Duration: 2.1ms | Allocations: 1112)
  Rendered layout layouts/application.html.erb (Duration: 3.7ms | Allocations: 2162)
Completed 200 OK in 8ms (Views: 4.0ms | ActiveRecord: 0.6ms | Allocations: 3929)


Started GET "/home" for ::1 at 2026-06-03 15:37:50 +0900
Processing by HomeController#top as HTML
  Rendering layout layouts/application.html.erb
  Rendering home/top.html.erb within layouts/application
  [1m[36mUser Load (0.1ms)[0m  [1m[34mSELECT "users".* FROM "users" WHERE "users"."id" = ? LIMIT ?[0m  [["id", 1], ["LIMIT", 1]]
  ↳ app/controllers/application_controller.rb:7:in 'ApplicationController#current_user'
  Rendered home/top.html.erb within layouts/application (Duration: 1.4ms | Allocations: 701)
  Rendered layout layouts/application.html.erb (Duration: 3.4ms | Allocations: 1736)
Completed 200 OK in 5ms (Views: 3.8ms | ActiveRecord: 0.1ms | Allocations: 1944)


Started GET "/home" for ::1 at 2026-06-03 15:37:51 +0900
Processing by HomeController#top as HTML
  Rendering layout layouts/application.html.erb
  Rendering home/top.html.erb within layouts/application
  [1m[36mUser Load (0.2ms)[0m  [1m[34mSELECT "users".* FROM "users" WHERE "users"."id" = ? LIMIT ?[0m  [["id", 1], ["LIMIT", 1]]
  ↳ app/controllers/application_controller.rb:7:in 'ApplicationController#current_user'
  Rendered home/top.html.erb within layouts/application (Duration: 1.6ms | Allocations: 699)
  Rendered layout layouts/application.html.erb (Duration: 3.0ms | Allocations: 1734)
Completed 200 OK in 4ms (Views: 3.1ms | ActiveRecord: 0.2ms | Allocations: 1942)


Started GET "/home" for ::1 at 2026-06-03 15:37:51 +0900
Processing by HomeController#top as HTML
  Rendering layout layouts/application.html.erb
  Rendering home/top.html.erb within layouts/application
  [1m[36mUser Load (0.1ms)[0m  [1m[34mSELECT "users".* FROM "users" WHERE "users"."id" = ? LIMIT ?[0m  [["id", 1], ["LIMIT", 1]]
  ↳ app/controllers/application_controller.rb:7:in 'ApplicationController#current_user'
  Rendered home/top.html.erb within layouts/application (Duration: 1.6ms | Allocations: 698)
  Rendered layout layouts/application.html.erb (Duration: 3.2ms | Allocations: 1733)
Completed 200 OK in 5ms (Views: 3.5ms | ActiveRecord: 0.1ms | Allocations: 1941)


Started GET "/home" for ::1 at 2026-06-03 15:37:51 +0900
Processing by HomeController#top as HTML
  Rendering layout layouts/application.html.erb
  Rendering home/top.html.erb within layouts/application
  [1m[36mUser Load (0.1ms)[0m  [1m[34mSELECT "users".* FROM "users" WHERE "users"."id" = ? LIMIT ?[0m  [["id", 1], ["LIMIT", 1]]
  ↳ app/controllers/application_controller.rb:7:in 'ApplicationController#current_user'
  Rendered home/top.html.erb within layouts/application (Duration: 0.8ms | Allocations: 703)
  Rendered layout layouts/application.html.erb (Duration: 1.5ms | Allocations: 1738)
Completed 200 OK in 2ms (Views: 1.5ms | ActiveRecord: 0.1ms | Allocations: 1946)


Started GET "/home" for ::1 at 2026-06-03 15:37:52 +0900
Processing by HomeController#top as HTML
  Rendering layout layouts/application.html.erb
  Rendering home/top.html.erb within layouts/application
  [1m[36mUser Load (0.1ms)[0m  [1m[34mSELECT "users".* FROM "users" WHERE "users"."id" = ? LIMIT ?[0m  [["id", 1], ["LIMIT", 1]]
  ↳ app/controllers/application_controller.rb:7:in 'ApplicationController#current_user'
  Rendered home/top.html.erb within layouts/application (Duration: 1.7ms | Allocations: 697)
  Rendered layout layouts/application.html.erb (Duration: 3.2ms | Allocations: 1732)
Completed 200 OK in 4ms (Views: 3.4ms | ActiveRecord: 0.1ms | Allocations: 1940)


Started GET "/home" for ::1 at 2026-06-03 15:37:52 +0900
Processing by HomeController#top as HTML
  Rendering layout layouts/application.html.erb
  Rendering home/top.html.erb within layouts/application
  [1m[36mUser Load (0.1ms)[0m  [1m[34mSELECT "users".* FROM "users" WHERE "users"."id" = ? LIMIT ?[0m  [["id", 1], ["LIMIT", 1]]
  ↳ app/controllers/application_controller.rb:7:in 'ApplicationController#current_user'
  Rendered home/top.html.erb within layouts/application (Duration: 1.3ms | Allocations: 702)
  Rendered layout layouts/application.html.erb (Duration: 2.5ms | Allocations: 1737)
Completed 200 OK in 4ms (Views: 2.8ms | ActiveRecord: 0.1ms | Allocations: 1945)


Started GET "/home" for ::1 at 2026-06-03 15:37:52 +0900
Processing by HomeController#top as HTML
  Rendering layout layouts/application.html.erb
  Rendering home/top.html.erb within layouts/application
  [1m[36mUser Load (0.1ms)[0m  [1m[34mSELECT "users".* FROM "users" WHERE "users"."id" = ? LIMIT ?[0m  [["id", 1], ["LIMIT", 1]]
  ↳ app/controllers/application_controller.rb:7:in 'ApplicationController#current_user'
  Rendered home/top.html.erb within layouts/application (Duration: 1.9ms | Allocations: 697)
  Rendered layout layouts/application.html.erb (Duration: 3.2ms | Allocations: 1732)
Completed 200 OK in 4ms (Views: 3.4ms | ActiveRecord: 0.1ms | Allocations: 1940)


Started GET "/home" for ::1 at 2026-06-03 15:37:52 +0900
Processing by HomeController#top as HTML
  Rendering layout layouts/application.html.erb
  Rendering home/top.html.erb within layouts/application
  [1m[36mUser Load (0.1ms)[0m  [1m[34mSELECT "users".* FROM "users" WHERE "users"."id" = ? LIMIT ?[0m  [["id", 1], ["LIMIT", 1]]
  ↳ app/controllers/application_controller.rb:7:in 'ApplicationController#current_user'
  Rendered home/top.html.erb within layouts/application (Duration: 1.3ms | Allocations: 699)
  Rendered layout layouts/application.html.erb (Duration: 3.1ms | Allocations: 1734)
Completed 200 OK in 4ms (Views: 3.3ms | ActiveRecord: 0.1ms | Allocations: 1942)


Started POST "/home/generate" for ::1 at 2026-06-03 15:37:59 +0900
Processing by HomeController#generate as HTML
  Parameters: {"authenticity_token" => "[FILTERED]", "prompt" => "犬"}
  [1m[36mTRANSACTION (0.1ms)[0m  [1m[36mbegin transaction[0m
  ↳ app/controllers/home_controller.rb:27:in 'HomeController#generate'
  [1m[36mMap Create (1.8ms)[0m  [1m[32mINSERT INTO "maps" ("map_name", "num_of_squares", "created_at", "updated_at") VALUES (?, ?, ?, ?) RETURNING "id"[0m  [["map_name", "ワンちゃんわくわく！しあわせスゴロク"], ["num_of_squares", 14], ["created_at", "2026-06-03 06:38:09.920936"], ["updated_at", "2026-06-03 06:38:09.920936"]]
  ↳ app/controllers/home_controller.rb:27:in 'HomeController#generate'
  [1m[36mTRANSACTION (0.5ms)[0m  [1m[36mcommit transaction[0m
  ↳ app/controllers/home_controller.rb:27:in 'HomeController#generate'
  [1m[36mTRANSACTION (0.0ms)[0m  [1m[36mbegin transaction[0m
  ↳ app/controllers/home_controller.rb:35:in 'block in HomeController#generate'
  [1m[36mSquare Create (1.1ms)[0m  [1m[32mINSERT INTO "squares" ("map_id", "position", "square_type", "square_text", "effect", "value", "created_at", "updated_at") VALUES (?, ?, ?, ?, ?, ?, ?, ?) RETURNING "id"[0m  [["map_id", 15], ["position", 1], ["square_type", "start"], ["square_text", "子犬を迎え入れた！ドキドキの新生活スタート！"], ["effect", "none"], ["value", 0], ["created_at", "2026-06-03 06:38:09.926805"], ["updated_at", "2026-06-03 06:38:09.926805"]]
  ↳ app/controllers/home_controller.rb:35:in 'block in HomeController#generate'
  [1m[36mTRANSACTION (0.1ms)[0m  [1m[36mcommit transaction[0m
  ↳ app/controllers/home_controller.rb:35:in 'block in HomeController#generate'
  [1m[36mTRANSACTION (0.0ms)[0m  [1m[36mbegin transaction[0m
  ↳ app/controllers/home_controller.rb:35:in 'block in HomeController#generate'
  [1m[36mSquare Create (0.9ms)[0m  [1m[32mINSERT INTO "squares" ("map_id", "position", "square_type", "square_text", "effect", "value", "created_at", "updated_at") VALUES (?, ?, ?, ?, ?, ?, ?, ?) RETURNING "id"[0m  [["map_id", 15], ["position", 2], ["square_type", "event"], ["square_text", "初めてのお散歩。いい天気で気分もルンルン♪"], ["effect", "move"], ["value", 1], ["created_at", "2026-06-03 06:38:09.930347"], ["updated_at", "2026-06-03 06:38:09.930347"]]
  ↳ app/controllers/home_controller.rb:35:in 'block in HomeController#generate'
  [1m[36mTRANSACTION (0.1ms)[0m  [1m[36mcommit transaction[0m
  ↳ app/controllers/home_controller.rb:35:in 'block in HomeController#generate'
  [1m[36mTRANSACTION (0.0ms)[0m  [1m[36mbegin transaction[0m
  ↳ app/controllers/home_controller.rb:35:in 'block in HomeController#generate'
  [1m[36mSquare Create (0.9ms)[0m  [1m[32mINSERT INTO "squares" ("map_id", "position", "square_type", "square_text", "effect", "value", "created_at", "updated_at") VALUES (?, ?, ?, ?, ?, ?, ?, ?) RETURNING "id"[0m  [["map_id", 15], ["position", 3], ["square_type", "event"], ["square_text", "しつけ教室に参加。賢い子になるためにがんばろう！"], ["effect", "none"], ["value", 0], ["created_at", "2026-06-03 06:38:09.932905"], ["updated_at", "2026-06-03 06:38:09.932905"]]
  ↳ app/controllers/home_controller.rb:35:in 'block in HomeController#generate'
  [1m[36mTRANSACTION (0.1ms)[0m  [1m[36mcommit transaction[0m
  ↳ app/controllers/home_controller.rb:35:in 'block in HomeController#generate'
  [1m[36mTRANSACTION (0.0ms)[0m  [1m[36mbegin transaction[0m
  ↳ app/controllers/home_controller.rb:35:in 'block in HomeController#generate'
  [1m[36mSquare Create (10.5ms)[0m  [1m[32mINSERT INTO "squares" ("map_id", "position", "square_type", "square_text", "effect", "value", "created_at", "updated_at") VALUES (?, ?, ?, ?, ?, ?, ?, ?) RETURNING "id"[0m  [["map_id", 15], ["position", 4], ["square_type", "event"], ["square_text", "新しいおもちゃをゲット！大興奮で遊びまくる！"], ["effect", "move"], ["value", 2], ["created_at", "2026-06-03 06:38:09.935294"], ["updated_at", "2026-06-03 06:38:09.935294"]]
  ↳ app/controllers/home_controller.rb:35:in 'block in HomeController#generate'
  [1m[36mTRANSACTION (0.1ms)[0m  [1m[36mcommit transaction[0m
  ↳ app/controllers/home_controller.rb:35:in 'block in HomeController#generate'
  [1m[36mTRANSACTION (0.0ms)[0m  [1m[36mbegin transaction[0m
  ↳ app/controllers/home_controller.rb:35:in 'block in HomeController#generate'
  [1m[36mSquare Create (0.6ms)[0m  [1m[32mINSERT INTO "squares" ("map_id", "position", "square_type", "square_text", "effect", "value", "created_at", "updated_at") VALUES (?, ?, ?, ?, ?, ?, ?, ?) RETURNING "id"[0m  [["map_id", 15], ["position", 5], ["square_type", "event"], ["square_text", "やんちゃなイタズラで靴をボロボロにされた…ちょっと休憩。"], ["effect", "skip"], ["value", 1], ["created_at", "2026-06-03 06:38:09.947089"], ["updated_at", "2026-06-03 06:38:09.947089"]]
  ↳ app/controllers/home_controller.rb:35:in 'block in HomeController#generate'
  [1m[36mTRANSACTION (0.1ms)[0m  [1m[36mcommit transaction[0m
  ↳ app/controllers/home_controller.rb:35:in 'block in HomeController#generate'
  [1m[36mTRANSACTION (0.0ms)[0m  [1m[36mbegin transaction[0m
  ↳ app/controllers/home_controller.rb:35:in 'block in HomeController#generate'
  [1m[36mSquare Create (0.5ms)[0m  [1m[32mINSERT INTO "squares" ("map_id", "position", "square_type", "square_text", "effect", "value", "created_at", "updated_at") VALUES (?, ?, ?, ?, ?, ?, ?, ?) RETURNING "id"[0m  [["map_id", 15], ["position", 6], ["square_type", "event"], ["square_text", "公園で他のワンちゃんとごあいさつ。新しい友達できたかな？"], ["effect", "move"], ["value", 1], ["created_at", "2026-06-03 06:38:09.949050"], ["updated_at", "2026-06-03 06:38:09.949050"]]
  ↳ app/controllers/home_controller.rb:35:in 'block in HomeController#generate'
  [1m[36mTRANSACTION (0.0ms)[0m  [1m[36mcommit transaction[0m
  ↳ app/controllers/home_controller.rb:35:in 'block in HomeController#generate'
  [1m[36mTRANSACTION (0.0ms)[0m  [1m[36mbegin transaction[0m
  ↳ app/controllers/home_controller.rb:35:in 'block in HomeController#generate'
  [1m[36mSquare Create (0.4ms)[0m  [1m[32mINSERT INTO "squares" ("map_id", "position", "square_type", "square_text", "effect", "value", "created_at", "updated_at") VALUES (?, ?, ?, ?, ?, ?, ?, ?) RETURNING "id"[0m  [["map_id", 15], ["position", 7], ["square_type", "event"], ["square_text", "獣医さんの定期健診。健康第一だね！"], ["effect", "none"], ["value", 0], ["created_at", "2026-06-03 06:38:09.950472"], ["updated_at", "2026-06-03 06:38:09.950472"]]
  ↳ app/controllers/home_controller.rb:35:in 'block in HomeController#generate'
  [1m[36mTRANSACTION (0.0ms)[0m  [1m[36mcommit transaction[0m
  ↳ app/controllers/home_controller.rb:35:in 'block in HomeController#generate'
  [1m[36mTRANSACTION (0.0ms)[0m  [1m[36mbegin transaction[0m
  ↳ app/controllers/home_controller.rb:35:in 'block in HomeController#generate'
  [1m[36mSquare Create (0.4ms)[0m  [1m[32mINSERT INTO "squares" ("map_id", "position", "square_type", "square_text", "effect", "value", "created_at", "updated_at") VALUES (?, ?, ?, ?, ?, ?, ?, ?) RETURNING "id"[0m  [["map_id", 15], ["position", 8], ["square_type", "event"], ["square_text", "トリミングサロンでフワフワに変身！みんなに褒められた！"], ["effect", "move"], ["value", 2], ["created_at", "2026-06-03 06:38:09.952173"], ["updated_at", "2026-06-03 06:38:09.952173"]]
  ↳ app/controllers/home_controller.rb:35:in 'block in HomeController#generate'
  [1m[36mTRANSACTION (0.0ms)[0m  [1m[36mcommit transaction[0m
  ↳ app/controllers/home_controller.rb:35:in 'block in HomeController#generate'
  [1m[36mTRANSACTION (0.0ms)[0m  [1m[36mbegin transaction[0m
  ↳ app/controllers/home_controller.rb:35:in 'block in HomeController#generate'
  [1m[36mSquare Create (0.4ms)[0m  [1m[32mINSERT INTO "squares" ("map_id", "position", "square_type", "square_text", "effect", "value", "created_at", "updated_at") VALUES (?, ?, ?, ?, ?, ?, ?, ?) RETURNING "id"[0m  [["map_id", 15], ["position", 9], ["square_type", "event"], ["square_text", "雨でお散歩に行けない…しょんぼり顔のワンちゃん。"], ["effect", "skip"], ["value", 1], ["created_at", "2026-06-03 06:38:09.953285"], ["updated_at", "2026-06-03 06:38:09.953285"]]
  ↳ app/controllers/home_controller.rb:35:in 'block in HomeController#generate'
  [1m[36mTRANSACTION (0.0ms)[0m  [1m[36mcommit transaction[0m
  ↳ app/controllers/home_controller.rb:35:in 'block in HomeController#generate'
  [1m[36mTRANSACTION (0.0ms)[0m  [1m[36mbegin transaction[0m
  ↳ app/controllers/home_controller.rb:35:in 'block in HomeController#generate'
  [1m[36mSquare Create (0.4ms)[0m  [1m[32mINSERT INTO "squares" ("map_id", "position", "square_type", "square_text", "effect", "value", "created_at", "updated_at") VALUES (?, ?, ?, ?, ?, ?, ?, ?) RETURNING "id"[0m  [["map_id", 15], ["position", 10], ["square_type", "event"], ["square_text", "ドッグカフェで美味しいおやつを堪能。最高の笑顔！"], ["effect", "roll_again"], ["value", 0], ["created_at", "2026-06-03 06:38:09.954445"], ["updated_at", "2026-06-03 06:38:09.954445"]]
  ↳ app/controllers/home_controller.rb:35:in 'block in HomeController#generate'
  [1m[36mTRANSACTION (0.0ms)[0m  [1m[36mcommit transaction[0m
  ↳ app/controllers/home_controller.rb:35:in 'block in HomeController#generate'
  [1m[36mTRANSACTION (0.0ms)[0m  [1m[36mbegin transaction[0m
  ↳ app/controllers/home_controller.rb:35:in 'block in HomeController#generate'
  [1m[36mSquare Create (0.4ms)[0m  [1m[32mINSERT INTO "squares" ("map_id", "position", "square_type", "square_text", "effect", "value", "created_at", "updated_at") VALUES (?, ?, ?, ?, ?, ?, ?, ?) RETURNING "id"[0m  [["map_id", 15], ["position", 11], ["square_type", "event"], ["square_text", "泥んこ遊びで全身ベトベトに！シャンプーは大変だ～。"], ["effect", "move"], ["value", -1], ["created_at", "2026-06-03 06:38:09.955946"], ["updated_at", "2026-06-03 06:38:09.955946"]]
  ↳ app/controllers/home_controller.rb:35:in 'block in HomeController#generate'
  [1m[36mTRANSACTION (0.0ms)[0m  [1m[36mcommit transaction[0m
  ↳ app/controllers/home_controller.rb:35:in 'block in HomeController#generate'
  [1m[36mTRANSACTION (0.0ms)[0m  [1m[36mbegin transaction[0m
  ↳ app/controllers/home_controller.rb:35:in 'block in HomeController#generate'
  [1m[36mSquare Create (0.3ms)[0m  [1m[32mINSERT INTO "squares" ("map_id", "position", "square_type", "square_text", "effect", "value", "created_at", "updated_at") VALUES (?, ?, ?, ?, ?, ?, ?, ?) RETURNING "id"[0m  [["map_id", 15], ["position", 12], ["square_type", "event"], ["square_text", "家族旅行に一緒に出発！ワンちゃんと一緒で楽しさ倍増！"], ["effect", "move"], ["value", 3], ["created_at", "2026-06-03 06:38:09.957034"], ["updated_at", "2026-06-03 06:38:09.957034"]]
  ↳ app/controllers/home_controller.rb:35:in 'block in HomeController#generate'
  [1m[36mTRANSACTION (0.0ms)[0m  [1m[36mcommit transaction[0m
  ↳ app/controllers/home_controller.rb:35:in 'block in HomeController#generate'
  [1m[36mTRANSACTION (0.0ms)[0m  [1m[36mbegin transaction[0m
  ↳ app/controllers/home_controller.rb:35:in 'block in HomeController#generate'
  [1m[36mSquare Create (0.3ms)[0m  [1m[32mINSERT INTO "squares" ("map_id", "position", "square_type", "square_text", "effect", "value", "created_at", "updated_at") VALUES (?, ?, ?, ?, ?, ?, ?, ?) RETURNING "id"[0m  [["map_id", 15], ["position", 13], ["square_type", "event"], ["square_text", "ワンちゃん、お誕生日おめでとう！みんなでお祝いしよう！"], ["effect", "roll_again"], ["value", 0], ["created_at", "2026-06-03 06:38:09.958232"], ["updated_at", "2026-06-03 06:38:09.958232"]]
  ↳ app/controllers/home_controller.rb:35:in 'block in HomeController#generate'
  [1m[36mTRANSACTION (0.0ms)[0m  [1m[36mcommit transaction[0m
  ↳ app/controllers/home_controller.rb:35:in 'block in HomeController#generate'
  [1m[36mTRANSACTION (0.0ms)[0m  [1m[36mbegin transaction[0m
  ↳ app/controllers/home_controller.rb:35:in 'block in HomeController#generate'
  [1m[36mSquare Create (0.7ms)[0m  [1m[32mINSERT INTO "squares" ("map_id", "position", "square_type", "square_text", "effect", "value", "created_at", "updated_at") VALUES (?, ?, ?, ?, ?, ?, ?, ?) RETURNING "id"[0m  [["map_id", 15], ["position", 14], ["square_type", "goal"], ["square_text", "最高のパートナー！ずっと一緒にいようね！"], ["effect", "finish"], ["value", 0], ["created_at", "2026-06-03 06:38:09.959285"], ["updated_at", "2026-06-03 06:38:09.959285"]]
  ↳ app/controllers/home_controller.rb:35:in 'block in HomeController#generate'
  [1m[36mTRANSACTION (0.0ms)[0m  [1m[36mcommit transaction[0m
  ↳ app/controllers/home_controller.rb:35:in 'block in HomeController#generate'
AI生成成功
{"title" => "ワンちゃんわくわく！しあわせスゴロク", "squares" => [{"type" => "start", "text" => "子犬を迎え入れた！ドキドキの新生活スタート！", "effect" => "none", "value" => 0}, {"type" => "event", "text" => "初めてのお散歩。いい天気で気分もルンルン♪", "effect" => "move", "value" => 1}, {"type" => "event", "text" => "しつけ教室に参加。賢い子になるためにがんばろう！", "effect" => "none", "value" => 0}, {"type" => "event", "text" => "新しいおもちゃをゲット！大興奮で遊びまくる！", "effect" => "move", "value" => 2}, {"type" => "event", "text" => "やんちゃなイタズラで靴をボロボロにされた…ちょっと休憩。", "effect" => "skip", "value" => 1}, {"type" => "event", "text" => "公園で他のワンちゃんとごあいさつ。新しい友達できたかな？", "effect" => "move", "value" => 1}, {"type" => "event", "text" => "獣医さんの定期健診。健康第一だね！", "effect" => "none", "value" => 0}, {"type" => "event", "text" => "トリミングサロンでフワフワに変身！みんなに褒められた！", "effect" => "move", "value" => 2}, {"type" => "event", "text" => "雨でお散歩に行けない…しょんぼり顔のワンちゃん。", "effect" => "skip", "value" => 1}, {"type" => "event", "text" => "ドッグカフェで美味しいおやつを堪能。最高の笑顔！", "effect" => "roll_again", "value" => 0}, {"type" => "event", "text" => "泥んこ遊びで全身ベトベトに！シャンプーは大変だ～。", "effect" => "move", "value" => -1}, {"type" => "event", "text" => "家族旅行に一緒に出発！ワンちゃんと一緒で楽しさ倍増！", "effect" => "move", "value" => 3}, {"type" => "event", "text" => "ワンちゃん、お誕生日おめでとう！みんなでお祝いしよう！", "effect" => "roll_again", "value" => 0}, {"type" => "goal", "text" => "最高のパートナー！ずっと一緒にいようね！", "effect" => "finish", "value" => 0}]}
  Rendering layout layouts/application.html.erb
  Rendering home/generate.html.erb within layouts/application
  Rendered home/generate.html.erb within layouts/application (Duration: 0.0ms | Allocations: 9)
  Rendered layout layouts/application.html.erb (Duration: 1.1ms | Allocations: 1056)
Completed 200 OK in 10085ms (Views: 1.4ms | ActiveRecord: 20.9ms | Allocations: 29387)


Started GET "/play" for ::1 at 2026-06-03 15:39:33 +0900
Processing by PlayController#top as HTML
  [1m[36mMap Load (0.2ms)[0m  [1m[34mSELECT "maps".* FROM "maps" WHERE "maps"."id" = ? LIMIT ?[0m  [["id", 15], ["LIMIT", 1]]
  ↳ app/controllers/play_controller.rb:4:in 'PlayController#top'
  Rendering layout layouts/application.html.erb
  Rendering play/top.html.erb within layouts/application
  [1m[36mSquare Load (0.1ms)[0m  [1m[34mSELECT "squares".* FROM "squares" WHERE "squares"."map_id" = ? ORDER BY "squares"."position" ASC[0m  [["map_id", 15]]
  ↳ app/views/play/top.html.erb:41:in '_app_views_play_top_html_erb___3284092529836445202_12824'
  Rendered play/top.html.erb within layouts/application (Duration: 1.4ms | Allocations: 788)
  Rendered layout layouts/application.html.erb (Duration: 3.7ms | Allocations: 1825)
Completed 200 OK in 7ms (Views: 4.1ms | ActiveRecord: 0.3ms | Allocations: 2643)


Started GET "/home" for ::1 at 2026-06-03 15:46:48 +0900
Processing by HomeController#top as HTML
  Rendering layout layouts/application.html.erb
  Rendering home/top.html.erb within layouts/application
  [1m[36mUser Load (1.3ms)[0m  [1m[34mSELECT "users".* FROM "users" WHERE "users"."id" = ? LIMIT ?[0m  [["id", 1], ["LIMIT", 1]]
  ↳ app/controllers/application_controller.rb:7:in 'ApplicationController#current_user'
  Rendered home/top.html.erb within layouts/application (Duration: 5.0ms | Allocations: 4740)
  Rendered layout layouts/application.html.erb (Duration: 12.9ms | Allocations: 19407)
Completed 200 OK in 15ms (Views: 12.4ms | ActiveRecord: 1.7ms | Allocations: 20250)


Started POST "/home/generate" for ::1 at 2026-06-03 15:46:56 +0900
Processing by HomeController#generate as HTML
  Parameters: {"authenticity_token" => "[FILTERED]", "prompt" => "ホラー\r\n"}
  [1m[36mTRANSACTION (0.1ms)[0m  [1m[36mbegin transaction[0m
  ↳ app/controllers/home_controller.rb:27:in 'HomeController#generate'
  [1m[36mMap Create (1.7ms)[0m  [1m[32mINSERT INTO "maps" ("map_name", "num_of_squares", "created_at", "updated_at") VALUES (?, ?, ?, ?) RETURNING "id"[0m  [["map_name", "亡者の宴からの脱出"], ["num_of_squares", 14], ["created_at", "2026-06-03 06:47:09.692936"], ["updated_at", "2026-06-03 06:47:09.692936"]]
  ↳ app/controllers/home_controller.rb:27:in 'HomeController#generate'
  [1m[36mTRANSACTION (0.4ms)[0m  [1m[36mcommit transaction[0m
  ↳ app/controllers/home_controller.rb:27:in 'HomeController#generate'
  [1m[36mTRANSACTION (0.0ms)[0m  [1m[36mbegin transaction[0m
  ↳ app/controllers/home_controller.rb:35:in 'block in HomeController#generate'
  [1m[36mSquare Create (0.8ms)[0m  [1m[32mINSERT INTO "squares" ("map_id", "position", "square_type", "square_text", "effect", "value", "created_at", "updated_at") VALUES (?, ?, ?, ?, ?, ?, ?, ?) RETURNING "id"[0m  [["map_id", 16], ["position", 1], ["square_type", "start"], ["square_text", "亡者の宴、開幕…"], ["effect", "none"], ["value", 0], ["created_at", "2026-06-03 06:47:09.701595"], ["updated_at", "2026-06-03 06:47:09.701595"]]
  ↳ app/controllers/home_controller.rb:35:in 'block in HomeController#generate'
  [1m[36mTRANSACTION (0.1ms)[0m  [1m[36mcommit transaction[0m
  ↳ app/controllers/home_controller.rb:35:in 'block in HomeController#generate'
  [1m[36mTRANSACTION (0.0ms)[0m  [1m[36mbegin transaction[0m
  ↳ app/controllers/home_controller.rb:35:in 'block in HomeController#generate'
  [1m[36mSquare Create (0.6ms)[0m  [1m[32mINSERT INTO "squares" ("map_id", "position", "square_type", "square_text", "effect", "value", "created_at", "updated_at") VALUES (?, ?, ?, ?, ?, ?, ?, ?) RETURNING "id"[0m  [["map_id", 16], ["position", 2], ["square_type", "event"], ["square_text", "朽ちた墓標が並ぶ道。何か視線を感じる…"], ["effect", "none"], ["value", 0], ["created_at", "2026-06-03 06:47:09.704060"], ["updated_at", "2026-06-03 06:47:09.704060"]]
  ↳ app/controllers/home_controller.rb:35:in 'block in HomeController#generate'
  [1m[36mTRANSACTION (0.1ms)[0m  [1m[36mcommit transaction[0m
  ↳ app/controllers/home_controller.rb:35:in 'block in HomeController#generate'
  [1m[36mTRANSACTION (0.0ms)[0m  [1m[36mbegin transaction[0m
  ↳ app/controllers/home_controller.rb:35:in 'block in HomeController#generate'
  [1m[36mSquare Create (0.5ms)[0m  [1m[32mINSERT INTO "squares" ("map_id", "position", "square_type", "square_text", "effect", "value", "created_at", "updated_at") VALUES (?, ?, ?, ?, ?, ?, ?, ?) RETURNING "id"[0m  [["map_id", 16], ["position", 3], ["square_type", "event"], ["square_text", "暗闇に潜む何かが、あなたの背後を通過した！恐怖で1マス戻る。"], ["effect", "move"], ["value", -1], ["created_at", "2026-06-03 06:47:09.705670"], ["updated_at", "2026-06-03 06:47:09.705670"]]
  ↳ app/controllers/home_controller.rb:35:in 'block in HomeController#generate'
  [1m[36mTRANSACTION (0.0ms)[0m  [1m[36mcommit transaction[0m
  ↳ app/controllers/home_controller.rb:35:in 'block in HomeController#generate'
  [1m[36mTRANSACTION (0.0ms)[0m  [1m[36mbegin transaction[0m
  ↳ app/controllers/home_controller.rb:35:in 'block in HomeController#generate'
  [1m[36mSquare Create (0.4ms)[0m  [1m[32mINSERT INTO "squares" ("map_id", "position", "square_type", "square_text", "effect", "value", "created_at", "updated_at") VALUES (?, ?, ?, ?, ?, ?, ?, ?) RETURNING "id"[0m  [["map_id", 16], ["position", 4], ["square_type", "event"], ["square_text", "古い日記を発見した。読んでいる間に時間が過ぎ去り、次の番をスキップ！"], ["effect", "skip"], ["value", 1], ["created_at", "2026-06-03 06:47:09.707082"], ["updated_at", "2026-06-03 06:47:09.707082"]]
  ↳ app/controllers/home_controller.rb:35:in 'block in HomeController#generate'
  [1m[36mTRANSACTION (0.0ms)[0m  [1m[36mcommit transaction[0m
  ↳ app/controllers/home_controller.rb:35:in 'block in HomeController#generate'
  [1m[36mTRANSACTION (0.0ms)[0m  [1m[36mbegin transaction[0m
  ↳ app/controllers/home_controller.rb:35:in 'block in HomeController#generate'
  [1m[36mSquare Create (0.6ms)[0m  [1m[32mINSERT INTO "squares" ("map_id", "position", "square_type", "square_text", "effect", "value", "created_at", "updated_at") VALUES (?, ?, ?, ?, ?, ?, ?, ?) RETURNING "id"[0m  [["map_id", 16], ["position", 5], ["square_type", "event"], ["square_text", "血の池に足を取られた！滑り落ちて2マス戻る。"], ["effect", "move"], ["value", -2], ["created_at", "2026-06-03 06:47:09.708516"], ["updated_at", "2026-06-03 06:47:09.708516"]]
  ↳ app/controllers/home_controller.rb:35:in 'block in HomeController#generate'
  [1m[36mTRANSACTION (0.1ms)[0m  [1m[36mcommit transaction[0m
  ↳ app/controllers/home_controller.rb:35:in 'block in HomeController#generate'
  [1m[36mTRANSACTION (0.0ms)[0m  [1m[36mbegin transaction[0m
  ↳ app/controllers/home_controller.rb:35:in 'block in HomeController#generate'
  [1m[36mSquare Create (0.4ms)[0m  [1m[32mINSERT INTO "squares" ("map_id", "position", "square_type", "square_text", "effect", "value", "created_at", "updated_at") VALUES (?, ?, ?, ?, ?, ?, ?, ?) RETURNING "id"[0m  [["map_id", 16], ["position", 6], ["square_type", "event"], ["square_text", "錆びた鍵を見つけた。どこかの扉が開く予感がする。もう一度サイコロを振る！"], ["effect", "roll_again"], ["value", 0], ["created_at", "2026-06-03 06:47:09.710308"], ["updated_at", "2026-06-03 06:47:09.710308"]]
  ↳ app/controllers/home_controller.rb:35:in 'block in HomeController#generate'
  [1m[36mTRANSACTION (0.0ms)[0m  [1m[36mcommit transaction[0m
  ↳ app/controllers/home_controller.rb:35:in 'block in HomeController#generate'
  [1m[36mTRANSACTION (0.0ms)[0m  [1m[36mbegin transaction[0m
  ↳ app/controllers/home_controller.rb:35:in 'block in HomeController#generate'
  [1m[36mSquare Create (0.5ms)[0m  [1m[32mINSERT INTO "squares" ("map_id", "position", "square_type", "square_text", "effect", "value", "created_at", "updated_at") VALUES (?, ?, ?, ?, ?, ?, ?, ?) RETURNING "id"[0m  [["map_id", 16], ["position", 7], ["square_type", "event"], ["square_text", "耳元で囁く声が聞こえる。あなたは幻覚を見ているようだ。次のマスを1回休む。"], ["effect", "skip"], ["value", 1], ["created_at", "2026-06-03 06:47:09.711655"], ["updated_at", "2026-06-03 06:47:09.711655"]]
  ↳ app/controllers/home_controller.rb:35:in 'block in HomeController#generate'
  [1m[36mTRANSACTION (0.1ms)[0m  [1m[36mcommit transaction[0m
  ↳ app/controllers/home_controller.rb:35:in 'block in HomeController#generate'
  [1m[36mTRANSACTION (0.0ms)[0m  [1m[36mbegin transaction[0m
  ↳ app/controllers/home_controller.rb:35:in 'block in HomeController#generate'
  [1m[36mSquare Create (0.4ms)[0m  [1m[32mINSERT INTO "squares" ("map_id", "position", "square_type", "square_text", "effect", "value", "created_at", "updated_at") VALUES (?, ?, ?, ?, ?, ?, ?, ?) RETURNING "id"[0m  [["map_id", 16], ["position", 8], ["square_type", "event"], ["square_text", "生贄の祭壇だ。身の毛もよだつ光景に身動きが取れない。1マス進むのがやっとだ。"], ["effect", "move"], ["value", 1], ["created_at", "2026-06-03 06:47:09.713100"], ["updated_at", "2026-06-03 06:47:09.713100"]]
  ↳ app/controllers/home_controller.rb:35:in 'block in HomeController#generate'
  [1m[36mTRANSACTION (0.0ms)[0m  [1m[36mcommit transaction[0m
  ↳ app/controllers/home_controller.rb:35:in 'block in HomeController#generate'
  [1m[36mTRANSACTION (0.0ms)[0m  [1m[36mbegin transaction[0m
  ↳ app/controllers/home_controller.rb:35:in 'block in HomeController#generate'
  [1m[36mSquare Create (0.4ms)[0m  [1m[32mINSERT INTO "squares" ("map_id", "position", "square_type", "square_text", "effect", "value", "created_at", "updated_at") VALUES (?, ?, ?, ?, ?, ?, ?, ?) RETURNING "id"[0m  [["map_id", 16], ["position", 9], ["square_type", "event"], ["square_text", "背後から忍び寄る影に捕らえられた！恐怖で次の番まで動けない。"], ["effect", "skip"], ["value", 1], ["created_at", "2026-06-03 06:47:09.714252"], ["updated_at", "2026-06-03 06:47:09.714252"]]
  ↳ app/controllers/home_controller.rb:35:in 'block in HomeController#generate'
  [1m[36mTRANSACTION (0.0ms)[0m  [1m[36mcommit transaction[0m
  ↳ app/controllers/home_controller.rb:35:in 'block in HomeController#generate'
  [1m[36mTRANSACTION (0.0ms)[0m  [1m[36mbegin transaction[0m
  ↳ app/controllers/home_controller.rb:35:in 'block in HomeController#generate'
  [1m[36mSquare Create (0.4ms)[0m  [1m[32mINSERT INTO "squares" ("map_id", "position", "square_type", "square_text", "effect", "value", "created_at", "updated_at") VALUES (?, ?, ?, ?, ?, ?, ?, ?) RETURNING "id"[0m  [["map_id", 16], ["position", 10], ["square_type", "event"], ["square_text", "悪霊の叫び声が響き渡る！恐ろしさのあまり、もう一度サイコロを振って逃げ惑う！"], ["effect", "roll_again"], ["value", 0], ["created_at", "2026-06-03 06:47:09.715359"], ["updated_at", "2026-06-03 06:47:09.715359"]]
  ↳ app/controllers/home_controller.rb:35:in 'block in HomeController#generate'
  [1m[36mTRANSACTION (0.0ms)[0m  [1m[36mcommit transaction[0m
  ↳ app/controllers/home_controller.rb:35:in 'block in HomeController#generate'
  [1m[36mTRANSACTION (0.0ms)[0m  [1m[36mbegin transaction[0m
  ↳ app/controllers/home_controller.rb:35:in 'block in HomeController#generate'
  [1m[36mSquare Create (0.4ms)[0m  [1m[32mINSERT INTO "squares" ("map_id", "position", "square_type", "square_text", "effect", "value", "created_at", "updated_at") VALUES (?, ?, ?, ?, ?, ?, ?, ?) RETURNING "id"[0m  [["map_id", 16], ["position", 11], ["square_type", "event"], ["square_text", "朽ちた人形があなたを見つめている。何もしないが、SAN値は削られる…"], ["effect", "none"], ["value", 0], ["created_at", "2026-06-03 06:47:09.716456"], ["updated_at", "2026-06-03 06:47:09.716456"]]
  ↳ app/controllers/home_controller.rb:35:in 'block in HomeController#generate'
  [1m[36mTRANSACTION (0.0ms)[0m  [1m[36mcommit transaction[0m
  ↳ app/controllers/home_controller.rb:35:in 'block in HomeController#generate'
  [1m[36mTRANSACTION (0.0ms)[0m  [1m[36mbegin transaction[0m
  ↳ app/controllers/home_controller.rb:35:in 'block in HomeController#generate'
  [1m[36mSquare Create (0.3ms)[0m  [1m[32mINSERT INTO "squares" ("map_id", "position", "square_type", "square_text", "effect", "value", "created_at", "updated_at") VALUES (?, ?, ?, ?, ?, ?, ?, ?) RETURNING "id"[0m  [["map_id", 16], ["position", 12], ["square_type", "event"], ["square_text", "奇妙な儀式の音が響き渡る。心臓が凍り付き、動けずに2マス戻される。"], ["effect", "move"], ["value", -2], ["created_at", "2026-06-03 06:47:09.717558"], ["updated_at", "2026-06-03 06:47:09.717558"]]
  ↳ app/controllers/home_controller.rb:35:in 'block in HomeController#generate'
  [1m[36mTRANSACTION (0.1ms)[0m  [1m[36mcommit transaction[0m
  ↳ app/controllers/home_controller.rb:35:in 'block in HomeController#generate'
  [1m[36mTRANSACTION (0.0ms)[0m  [1m[36mbegin transaction[0m
  ↳ app/controllers/home_controller.rb:35:in 'block in HomeController#generate'
  [1m[36mSquare Create (0.5ms)[0m  [1m[32mINSERT INTO "squares" ("map_id", "position", "square_type", "square_text", "effect", "value", "created_at", "updated_at") VALUES (?, ?, ?, ?, ?, ?, ?, ?) RETURNING "id"[0m  [["map_id", 16], ["position", 13], ["square_type", "event"], ["square_text", "呪われたアイテムを拾ってしまった！急いで捨てたが、その場を離れるのに手間取り1マス後退。"], ["effect", "move"], ["value", -1], ["created_at", "2026-06-03 06:47:09.718959"], ["updated_at", "2026-06-03 06:47:09.718959"]]
  ↳ app/controllers/home_controller.rb:35:in 'block in HomeController#generate'
  [1m[36mTRANSACTION (0.1ms)[0m  [1m[36mcommit transaction[0m
  ↳ app/controllers/home_controller.rb:35:in 'block in HomeController#generate'
  [1m[36mTRANSACTION (0.0ms)[0m  [1m[36mbegin transaction[0m
  ↳ app/controllers/home_controller.rb:35:in 'block in HomeController#generate'
  [1m[36mSquare Create (0.4ms)[0m  [1m[32mINSERT INTO "squares" ("map_id", "position", "square_type", "square_text", "effect", "value", "created_at", "updated_at") VALUES (?, ?, ?, ?, ?, ?, ?, ?) RETURNING "id"[0m  [["map_id", 16], ["position", 14], ["square_type", "goal"], ["square_text", "夜が明けた…生きてこの悪夢から脱出できた！"], ["effect", "finish"], ["value", 0], ["created_at", "2026-06-03 06:47:09.720519"], ["updated_at", "2026-06-03 06:47:09.720519"]]
  ↳ app/controllers/home_controller.rb:35:in 'block in HomeController#generate'
  [1m[36mTRANSACTION (0.0ms)[0m  [1m[36mcommit transaction[0m
  ↳ app/controllers/home_controller.rb:35:in 'block in HomeController#generate'
AI生成成功
{"title" => "亡者の宴からの脱出", "squares" => [{"type" => "start", "text" => "亡者の宴、開幕…", "effect" => "none", "value" => 0}, {"type" => "event", "text" => "朽ちた墓標が並ぶ道。何か視線を感じる…", "effect" => "none", "value" => 0}, {"type" => "event", "text" => "暗闇に潜む何かが、あなたの背後を通過した！恐怖で1マス戻る。", "effect" => "move", "value" => -1}, {"type" => "event", "text" => "古い日記を発見した。読んでいる間に時間が過ぎ去り、次の番をスキップ！", "effect" => "skip", "value" => 1}, {"type" => "event", "text" => "血の池に足を取られた！滑り落ちて2マス戻る。", "effect" => "move", "value" => -2}, {"type" => "event", "text" => "錆びた鍵を見つけた。どこかの扉が開く予感がする。もう一度サイコロを振る！", "effect" => "roll_again", "value" => 0}, {"type" => "event", "text" => "耳元で囁く声が聞こえる。あなたは幻覚を見ているようだ。次のマスを1回休む。", "effect" => "skip", "value" => 1}, {"type" => "event", "text" => "生贄の祭壇だ。身の毛もよだつ光景に身動きが取れない。1マス進むのがやっとだ。", "effect" => "move", "value" => 1}, {"type" => "event", "text" => "背後から忍び寄る影に捕らえられた！恐怖で次の番まで動けない。", "effect" => "skip", "value" => 1}, {"type" => "event", "text" => "悪霊の叫び声が響き渡る！恐ろしさのあまり、もう一度サイコロを振って逃げ惑う！", "effect" => "roll_again", "value" => 0}, {"type" => "event", "text" => "朽ちた人形があなたを見つめている。何もしないが、SAN値は削られる…", "effect" => "none", "value" => 0}, {"type" => "event", "text" => "奇妙な儀式の音が響き渡る。心臓が凍り付き、動けずに2マス戻される。", "effect" => "move", "value" => -2}, {"type" => "event", "text" => "呪われたアイテムを拾ってしまった！急いで捨てたが、その場を離れるのに手間取り1マス後退。", "effect" => "move", "value" => -1}, {"type" => "goal", "text" => "夜が明けた…生きてこの悪夢から脱出できた！", "effect" => "finish", "value" => 0}]}
  Rendering layout layouts/application.html.erb
  Rendering home/generate.html.erb within layouts/application
  [1m[36mUser Load (0.1ms)[0m  [1m[34mSELECT "users".* FROM "users" WHERE "users"."id" = ? LIMIT ?[0m  [["id", 1], ["LIMIT", 1]]
  ↳ app/controllers/application_controller.rb:7:in 'ApplicationController#current_user'
  Rendered home/generate.html.erb within layouts/application (Duration: 0.9ms | Allocations: 651)
  Rendered layout layouts/application.html.erb (Duration: 1.8ms | Allocations: 1687)
Completed 200 OK in 12985ms (Views: 2.2ms | ActiveRecord: 9.6ms | Allocations: 37469)


Started GET "/play" for ::1 at 2026-06-03 15:47:17 +0900
Processing by PlayController#top as HTML
  [1m[36mMap Load (0.2ms)[0m  [1m[34mSELECT "maps".* FROM "maps" WHERE "maps"."id" = ? LIMIT ?[0m  [["id", 16], ["LIMIT", 1]]
  ↳ app/controllers/play_controller.rb:4:in 'PlayController#top'
  Rendering layout layouts/application.html.erb
  Rendering play/top.html.erb within layouts/application
  [1m[36mUser Load (0.1ms)[0m  [1m[34mSELECT "users".* FROM "users" WHERE "users"."id" = ? LIMIT ?[0m  [["id", 1], ["LIMIT", 1]]
  ↳ app/controllers/application_controller.rb:7:in 'ApplicationController#current_user'
  [1m[36mSquare Load (0.2ms)[0m  [1m[34mSELECT "squares".* FROM "squares" WHERE "squares"."map_id" = ? ORDER BY "squares"."position" ASC[0m  [["map_id", 16]]
  ↳ app/views/play/top.html.erb:56:in '_app_views_play_top_html_erb___3284092529836445202_16112'
  Rendered play/top.html.erb within layouts/application (Duration: 3.1ms | Allocations: 1650)
  Rendered layout layouts/application.html.erb (Duration: 4.7ms | Allocations: 2688)
Completed 200 OK in 9ms (Views: 5.3ms | ActiveRecord: 0.4ms | Allocations: 4422)


Started DELETE "/logout" for ::1 at 2026-06-03 15:47:21 +0900
Processing by SessionsController#destroy as TURBO_STREAM
  Parameters: {"authenticity_token" => "[FILTERED]"}
Redirected to http://localhost:3000/home
Completed 302 Found in 1ms (ActiveRecord: 0.0ms | Allocations: 358)


Started GET "/home" for ::1 at 2026-06-03 15:47:21 +0900
Processing by HomeController#top as TURBO_STREAM
  Rendering layout layouts/application.html.erb
  Rendering home/top.html.erb within layouts/application
  [1m[36mUser Load (0.1ms)[0m  [1m[34mSELECT "users".* FROM "users" WHERE "users"."id" IS NULL LIMIT ?[0m  [["LIMIT", 1]]
  ↳ app/controllers/application_controller.rb:7:in 'ApplicationController#current_user'
  Rendered home/top.html.erb within layouts/application (Duration: 0.7ms | Allocations: 766)
  Rendered layout layouts/application.html.erb (Duration: 1.3ms | Allocations: 1818)
Completed 200 OK in 2ms (Views: 1.4ms | ActiveRecord: 0.1ms | Allocations: 2064)


